重庆,2018-01-01,11,7,阴,东北风 1级
重庆,2018-01-02,9,8,阴,东北风 1级
重庆,2018-01-03,9,7,雨,东北风 1级
重庆,2018-01-04,7,4,多云,东北风 2级
重庆,2018-01-05,8,5,阴,东北风 2级
重庆,2018-01-06,7,2,晴,东北风 2级
重庆,2018-01-07,5,3,多云,北风 2级
重庆,2018-01-08,8,2,晴,北风 2级
重庆,2018-01-09,11,2,晴,北风 1级
重庆,2018-01-10,12,2,晴,西北风 1级
重庆,2018-01-11,11,2,晴,东北风 1级
重庆,2018-01-12,10,3,晴,东风 2级
重庆,2018-01-13,8,7,霾,东风 2级
重庆,2018-01-14,13,4,晴,东北风 2级
重庆,2018-01-15,10,4,阴,东北风 2级
重庆,2018-01-16,12,4,晴,西南风 2级
重庆,2018-01-17,10,3,晴,东北风 2级
重庆,2018-01-18,10,7,阴,东南风 1级
重庆,2018-01-19,10,7,晴,东北风 1级
重庆,2018-01-20,10,5,阴,东北风 1级
重庆,2018-01-21,11,5,晴,南风 1级
重庆,2018-01-22,11,5,晴,东北风 2级
重庆,2018-01-23,11,7,多云,东北风 2级
重庆,2018-01-24,11,8,雨,东北风 2级
重庆,2018-01-25,6,2,多云,北风 2级
重庆,2018-01-26,5,1,多云,东北风 2级
重庆,2018-01-27,4,0,晴,东北风 2级
重庆,2018-01-28,6,2,晴,北风 1级
重庆,2018-01-29,8,3,晴,东北风 1级
重庆,2018-01-30,5,1,多云,东北风 2级
重庆,2018-01-31,8,1,多云,西北风 2级
重庆,2018-02-01,6,0,多云,东北风 2级
重庆,2018-02-02,9,4,阴,西南风 1级
重庆,2018-02-03,10,4,多云,东风 2级
重庆,2018-02-04,6,3,多云,东风 2级
重庆,2018-02-05,7,3,晴,东风 1级
重庆,2018-02-06,10,3,多云,东北风 2级
重庆,2018-02-07,11,5,晴,西北风 1级
重庆,2018-02-08,12,4,晴,东风 2级
重庆,2018-02-09,9,4,晴,北风 2级
重庆,2018-02-10,7,4,多云,北风 2级
重庆,2018-02-11,7,4,多云,东北风 1级
重庆,2018-02-12,7,4,晴,东北风 1级
重庆,2018-02-13,11,4,晴,东北风 2级
重庆,2018-02-14,12,6,阴,东北风 2级
重庆,2018-02-15,12,7,多云,西风 1级
重庆,2018-02-16,17,5,晴,东北风 2级
重庆,2018-02-17,13,8,阴,东北风 2级
重庆,2018-02-18,12,6,晴,北风 2级
重庆,2018-02-19,11,8,晴,北风 2级
重庆,2018-02-20,13,8,晴,东北风 2级
重庆,2018-02-21,11,8,阴,东北风 2级
重庆,2018-02-22,9,5,阴,东北风 2级
重庆,2018-02-23,13,6,晴,东北风 2级
重庆,2018-02-24,15,7,多云,西北风 2级
重庆,2018-02-25,19,8,晴,东风 2级
重庆,2018-02-26,15,8,晴,东风 2级
重庆,2018-02-27,15,8,多云,东北风 1级
重庆,2018-02-28,18,9,晴,东北风 2级
重庆,2018-03-01,21,11,晴,北风 2级
重庆,2018-03-02,21,13,多云,东北风 2级
重庆,2018-03-03,22,13,多云,东北风 2级
重庆,2018-03-04,18,13,多云,西北风 2级
重庆,2018-03-05,14,12,多云,东风 2级
重庆,2018-03-06,13,11,阴,东北风 2级
重庆,2018-03-07,13,8,多云,东北风 2级
重庆,2018-03-08,19,7,多云,东风 2级
重庆,2018-03-09,23,9,晴,东风 2级
重庆,2018-03-10,18,12,晴,东风 3级
重庆,2018-03-11,16,12,多云,东南风 2级
重庆,2018-03-12,17,11,多云,东北风 2级
重庆,2018-03-13,20,13,多云,东北风 1级
重庆,2018-03-14,22,12,晴,东北风 1级
重庆,2018-03-15,25,12,晴,东风 2级
重庆,2018-03-16,26,13,多云,东南风 3级
重庆,2018-03-17,25,14,多云,东北风 3级
重庆,2018-03-18,19,13,多云,北风 2级
重庆,2018-03-19,17,10,多云,北风 2级
重庆,2018-03-20,20,9,多云,东北风 2级
重庆,2018-03-21,20,12,阴,东南风 1级
重庆,2018-03-22,23,12,多云,东风 1级
重庆,2018-03-23,20,14,多云,东风 2级
重庆,2018-03-24,17,12,多云,东北风 2级
重庆,2018-03-25,20,13,晴,东北风 1级
重庆,2018-03-26,22,13,多云,东北风 2级
重庆,2018-03-27,20,15,雨,西风 1级
重庆,2018-03-28,18,15,雨,东风 1级
重庆,2018-03-29,22,15,晴,东风 1级
重庆,2018-03-30,23,15,多云,东风 2级
重庆,2018-03-31,20,15,阴,西风 2级
重庆,2018-04-01,23,16,晴,西风 1级
重庆,2018-04-02,28,14,晴,东风 2级
重庆,2018-04-03,32,16,晴,东北风 2级
重庆,2018-04-04,29,19,多云,东南风 2级
重庆,2018-04-05,23,14,雨,东北风 3级
重庆,2018-04-06,19,11,阴,东北风 1级
重庆,2018-04-07,21,9,多云,东南风 2级
重庆,2018-04-08,24,11,晴,东风 2级
重庆,2018-04-09,29,14,多云,东风 2级
重庆,2018-04-10,29,18,多云,东南风 1级
重庆,2018-04-11,27,19,多云,东南风 2级
重庆,2018-04-12,26,21,多云,东风 2级
重庆,2018-04-13,22,13,雨,西北风 2级
重庆,2018-04-14,14,11,多云,西北风 2级
重庆,2018-04-15,18,11,多云,东北风 1级
重庆,2018-04-16,23,12,晴,东风 2级
重庆,2018-04-17,29,14,晴,东风 2级
重庆,2018-04-18,32,17,晴,东南风 2级
重庆,2018-04-19,30,21,多云,东南风 3级
重庆,2018-04-20,25,19,雨,东风 2级
重庆,2018-04-21,26,19,雨,东北风 1级
重庆,2018-04-22,24,19,晴,东北风 2级
重庆,2018-04-23,22,18,雨,北风 1级
重庆,2018-04-24,20,17,雨,东风 2级
重庆,2018-04-25,20,16,多云,南风 2级
重庆,2018-04-26,25,15,晴,北风 1级
重庆,2018-04-27,26,16,晴,东风 1级
重庆,2018-04-28,26,18,雨,东风 2级
重庆,2018-04-29,29,18,多云,北风 2级
重庆,2018-04-30,31,21,阴,东北风 1级
重庆,2018-05-01,24,20,多云,北风 2级
重庆,2018-05-02,26,21,多云,东风 1级
重庆,2018-05-03,23,19,雨,东南风 2级
重庆,2018-05-04,28,20,雨,东风 2级
重庆,2018-05-05,25,19,雨,东北风 2级
重庆,2018-05-06,24,15,多云,西风 2级
重庆,2018-05-07,28,16,晴,东风 2级
重庆,2018-05-08,29,18,阴,东风 2级
重庆,2018-05-09,24,17,阴,东风 2级
重庆,2018-05-10,21,18,雨,东北风 2级
重庆,2018-05-11,20,17,多云,西风 2级
重庆,2018-05-12,28,17,阴,东风 1级
重庆,2018-05-13,31,17,多云,东风 1级
重庆,2018-05-14,32,21,多云,东南风 2级
重庆,2018-05-15,34,22,晴,东南风 2级
重庆,2018-05-16,34,23,多云,东南风 2级
重庆,2018-05-17,29,20,雨,西南风 2级
重庆,2018-05-18,29,23,晴,西南风 2级
重庆,2018-05-19,29,22,多云,东风 2级
重庆,2018-05-20,31,22,多云,东风 2级
重庆,2018-05-21,32,22,阴,东风 2级
重庆,2018-05-22,27,16,阴,西北风 3级
重庆,2018-05-23,22,14,多云,东风 2级
重庆,2018-05-24,23,19,多云,东北风 2级
重庆,2018-05-25,26,19,阴,西南风 1级
重庆,2018-05-26,23,20,雨,西北风 2级
重庆,2018-05-27,21,18,多云,西南风 2级
重庆,2018-05-28,26,18,晴,东北风 2级
重庆,2018-05-29,24,19,多云,东北风 2级
重庆,2018-05-30,22,18,雨,东风 1级
重庆,2018-05-31,24,19,多云,东北风 2级
重庆,2018-06-01,24,18,晴,东风 2级
重庆,2018-06-02,27,20,多云,北风 1级
重庆,2018-06-03,25,19,多云,北风 2级
重庆,2018-06-04,27,19,多云,西南风 2级
重庆,2018-06-05,31,20,晴,东风 1级
重庆,2018-06-06,33,20,晴,东风 1级
重庆,2018-06-07,34,22,晴,东风 1级
重庆,2018-06-08,26,22,阴,西北风 2级
重庆,2018-06-09,29,20,多云,西风 2级
重庆,2018-06-10,31,19,晴,东风 1级
重庆,2018-06-11,30,23,大雨到暴雨,北风 2级
重庆,2018-06-12,25,20,多云,东风 1级
重庆,2018-06-13,26,21,多云,西南风 1级
重庆,2018-06-14,29,22,多云,西南风 2级
重庆,2018-06-15,25,22,阴,东北风 2级
重庆,2018-06-16,25,21,多云转小雨,西北风 1级
重庆,2018-06-17,25,20,小雨到中雨,北风 1级
重庆,2018-06-18,25,20,小雨,西北风 2级
重庆,2018-06-19,29,24,阴,西南风 1级
重庆,2018-06-20,26,23,多云,东风 1级
重庆,2018-06-21,26,22,小雨,东北风 2级
重庆,2018-06-22,26,24,晴,北风 1级
重庆,2018-06-23,34,23,多云转小雨,东风 1级
重庆,2018-06-24,29,24,阴,东南风 2级
重庆,2018-06-25,36,25,多云,东南风 3级
重庆,2018-06-26,36,25,阴,东南风 3级
重庆,2018-06-27,36,26,阴,东南风 2级
重庆,2018-06-28,37,27,阴,东风 2级
重庆,2018-06-29,35,25,阴,东南风 2级
重庆,2018-06-30,32,28,小雨,东北风 2级
重庆,2018-07-01,33,25,阴,东风 2级
重庆,2018-07-02,33,25,雨,东风 2级
重庆,2018-07-03,28,24,小雨到中雨,西风 2级
重庆,2018-07-04,27,24,中雨,西风 1级
重庆,2018-07-05,30,26,多云转小雨,西风 2级
重庆,2018-07-06,27,24,小雨,西南风 1级
重庆,2018-07-07,30,25,多云,东风 1级
重庆,2018-07-08,33,25,小雨,东北风 1级
重庆,2018-07-09,34,26,小雨到中雨,东北风 2级
重庆,2018-07-10,35,25,多云,东南风 2级
重庆,2018-07-11,33,27,小雨,南风 2级
重庆,2018-07-12,34,27,晴,西南风 2级
重庆,2018-07-13,35,27,阴,西南风 1级
重庆,2018-07-14,36,25,多云,东风 2级
重庆,2018-07-15,37,27,多云,东南风 2级
重庆,2018-07-16,36,27,多云,东南风 2级
重庆,2018-07-17,38,27,多云,南风 2级
重庆,2018-07-18,40,28,晴,东南风 2级
重庆,2018-07-19,40,28,多云,东南风 3级
重庆,2018-07-20,39,29,晴,东南风 2级
重庆,2018-07-21,38,30,多云,东南风 2级
重庆,2018-07-22,39,29,多云,东风 2级
重庆,2018-07-23,39,29,多云,东南风 2级
重庆,2018-07-24,40,28,多云,东风 2级
重庆,2018-07-25,37,28,多云转小雨,西南风 1级
重庆,2018-07-26,37,27,多云,东南风 2级
重庆,2018-07-27,38,27,多云,东南风 2级
重庆,2018-07-28,38,29,多云,东南风 2级
重庆,2018-07-29,39,28,多云,东南风 2级
重庆,2018-07-30,33,27,阴,东风 2级
重庆,2018-07-31,33,26,小雨,东风 1级
重庆,2018-08-01,33,24,多云,东风 1级
重庆,2018-08-02,33,24,多云,东风 2级
重庆,2018-08-03,34,23,多云,东北风 2级
重庆,2018-08-04,35,25,晴,西南风 2级
重庆,2018-08-05,33,24,多云,西风 1级
重庆,2018-08-06,31,25,大雨到暴风雨,北风 1级
重庆,2018-08-07,33,24,多云,东风 1级
重庆,2018-08-08,30,24,小雨到大雨,东南风 2级
重庆,2018-08-09,34,25,多云,东南风 1级
重庆,2018-08-10,36,24,晴,东北风 1级
重庆,2018-08-11,35,25,小雨转阴,西北风 1级
重庆,2018-08-12,30,25,多云,北风 1级
重庆,2018-08-13,37,25,多云,北风 1级
重庆,2018-08-14,33,24,多云,北风 1级
重庆,2018-08-15,31,26,阴,西风 1级
重庆,2018-08-16,36,25,多云,东北风 2级
重庆,2018-08-17,33,25,小雨到中雨,北风 2级
重庆,2018-08-18,33,24,晴,东风 2级
重庆,2018-08-19,35,24,晴,南风 1级
重庆,2018-08-20,38,27,多云,东南风 1级
重庆,2018-08-21,38,26,多云,东风 1级
重庆,2018-08-22,29,25,阴,西风 2级
重庆,2018-08-23,34,25,多云,东北风 2级
重庆,2018-08-24,34,24,晴,东风 1级
重庆,2018-08-25,35,24,晴,东风 2级
重庆,2018-08-26,35,25,晴,东风 1级
重庆,2018-08-27,36,25,多云,东风 1级
重庆,2018-08-28,37,28,晴,东风 1级
重庆,2018-08-29,37,27,晴,东风 1级
重庆,2018-08-30,36,27,多云,东风 2级
重庆,2018-08-31,36,26,晴,东南风 2级
重庆,2018-09-01,37,28,晴,东南风 2级
重庆,2018-09-02,38,30,多云,东风 2级
重庆,2018-09-03,37,29,多云,西南风 2级
重庆,2018-09-04,37,30,晴,南风 2级
重庆,2018-09-05,39,28,多云,东风 2级
重庆,2018-09-06,34,21,小雨,西风 2级
重庆,2018-09-07,22,19,多云,东北风 2级
重庆,2018-09-08,24,18,多云,西南风 1级
重庆,2018-09-09,27,20,阴,东风 2级
重庆,2018-09-10,21,18,多云,东风 2级
重庆,2018-09-11,20,18,多云,东北风 1级
重庆,2018-09-12,20,18,阴,东风 1级
重庆,2018-09-13,25,20,多云,东北风 2级
重庆,2018-09-14,24,19,多云,北风 2级
重庆,2018-09-15,25,21,阴,西北风 1级
重庆,2018-09-16,25,21,多云,西北风 2级
重庆,2018-09-17,23,20,阴,西北风 1级
重庆,2018-09-18,25,21,阴,北风 1级
重庆,2018-09-19,32,22,阴,东北风 2级
重庆,2018-09-20,25,21,多云,西风 2级
重庆,2018-09-21,23,20,多云,西北风 1级
重庆,2018-09-22,24,20,多云,东风 1级
重庆,2018-09-23,27,21,阴,东北风 1级
重庆,2018-09-24,23,19,大雨,东北风 2级
重庆,2018-09-25,23,20,阴,东北风 2级
重庆,2018-09-26,21,18,阴,北风 2级
重庆,2018-09-27,21,17,多云,东北风 2级
重庆,2018-09-28,21,17,阴,西南风 1级
重庆,2018-09-29,25,18,多云,东北风 1级
重庆,2018-09-30,23,21,小雨,西北风 1级
重庆,2018-10-01,20,18,多云,西北风 1级
重庆,2018-10-02,17,16,中雨,西北风 1级
重庆,2018-10-03,18,16,阴,西南风 1级
重庆,2018-10-04,21,16,多云,北风 1级
重庆,2018-10-05,22,16,多云,西风 1级
重庆,2018-10-06,19,18,多云,北风 1级
重庆,2018-10-07,19,16,小雨,北风 1级
重庆,2018-10-08,19,16,阴,东北风 2级
重庆,2018-10-09,18,16,多云,西风 2级
重庆,2018-10-10,23,14,多云,东风 1级
重庆,2018-10-11,23,15,多云,东风 1级
重庆,2018-10-12,21,17,小雨,东风 2级
重庆,2018-10-13,18,14,多云,东风 2级
重庆,2018-10-14,17,13,多云,北风 1级
重庆,2018-10-15,19,13,阴,北风 1级
重庆,2018-10-16,19,15,晴,东北风 1级
重庆,2018-10-17,23,16,多云,东风 2级
重庆,2018-10-18,19,15,阴,东风 2级
重庆,2018-10-19,16,14,多云,东北风 2级
重庆,2018-10-20,17,15,多云,东北风 2级
重庆,2018-10-21,17,15,多云,北风 1级
重庆,2018-10-22,18,16,多云,东北风 1级
重庆,2018-10-23,18,16,阴,东北风 2级
重庆,2018-10-24,19,15,多云,东北风 2级
重庆,2018-10-25,18,11,多云,西北风 2级
重庆,2018-10-26,19,16,多云,东风 1级
重庆,2018-10-27,18,16,阴,东北风 1级
重庆,2018-10-28,19,16,阴,西风 1级
重庆,2018-10-29,20,15,多云,西北风 1级
重庆,2018-10-30,20,17,晴,西南风 2级
重庆,2018-10-31,25,14,晴,东风 1级
重庆,2018-11-01,23,13,晴,东风 1级
重庆,2018-11-02,24,13,晴,东南风 2级
重庆,2018-11-03,22,14,多云,东风 2级
重庆,2018-11-04,18,15,小雨,东北风 2级
重庆,2018-11-05,15,10,小雨,北风 2级
重庆,2018-11-06,11,10,阴,西南风 2级
重庆,2018-11-07,10,9,多云,西南风 1级
重庆,2018-11-08,15,8,晴,东风 2级
重庆,2018-11-09,15,10,阴,东北风 1级
重庆,2018-11-10,13,11,阴,东北风 1级
重庆,2018-11-11,13,11,晴,东北风 1级
重庆,2018-11-12,17,12,晴,东北风 1级
重庆,2018-11-13,16,11,多云,东北风 2级
重庆,2018-11-14,15,12,多云,东北风 2级
重庆,2018-11-15,14,12,阴,东北风 1级
重庆,2018-11-16,13,11,多云,北风 2级
重庆,2018-11-17,12,9,阴,西南风 2级
重庆,2018-11-18,9,8,多云,西南风 2级
重庆,2018-11-19,10,7,阴,东北风 1级
重庆,2018-11-20,14,10,阴,北风 1级
重庆,2018-11-21,12,9,多云,西南风 2级
重庆,2018-11-22,15,8,晴,东风 1级
重庆,2018-11-23,17,7,多云,东北风 2级
重庆,2018-11-24,14,9,多云,西北风 1级
重庆,2018-11-25,15,8,晴,东风 1级
重庆,2018-11-26,18,9,阴,东北风 2级
重庆,2018-11-27,16,11,晴,南风 1级
重庆,2018-11-28,16,8,晴,东北风 2级
重庆,2018-11-29,15,12,多云,北风 1级
重庆,2018-11-30,15,13,阴,西风 1级
重庆,2018-12-01,14,11,多云,东风 2级
重庆,2018-12-02,15,11,小雨,北风 2级
重庆,2018-12-03,15,10,阴,西北风 2级
重庆,2018-12-04,13,10,多云,东北风 2级
重庆,2018-12-05,12,10,多云,东北风 2级
重庆,2018-12-06,11,8,阴,东北风 1级
重庆,2018-12-07,9,5,多云,东北风 2级
重庆,2018-12-08,8,6,阴,东风 2级
重庆,2018-12-09,7,4,阴,东风 2级
重庆,2018-12-10,8,5,晴,东北风 2级
重庆,2018-12-11,11,6,多云,东北风 1级
重庆,2018-12-12,8,5,阴,东北风 1级
重庆,2018-12-13,11,7,多云,东北风 2级
重庆,2018-12-14,11,8,阴,东北风 2级
重庆,2018-12-15,10,6,多云,北风 1级
重庆,2018-12-16,12,5,晴,东南风 2级
重庆,2018-12-17,13,5,晴,东北风 1级
重庆,2018-12-18,11,6,阴,北风 1级
重庆,2018-12-19,8,5,阴,西风 1级
重庆,2018-12-20,13,4,多云,东风 2级
重庆,2018-12-21,11,9,阴,东北风 1级
重庆,2018-12-22,11,9,阴,北风 1级
重庆,2018-12-23,12,8,阴,东风 2级
重庆,2018-12-24,11,8,阴,东风 2级
重庆,2018-12-25,10,8,多云,南风 1级
重庆,2018-12-26,8,6,多云,西北风 1级
重庆,2018-12-27,10,8,阴,东北风 2级
重庆,2018-12-28,8,3,小雨,东北风 2级
重庆,2018-12-29,7,3,小雨,东风 2级
重庆,2018-12-30,5,3,阴,东南风 2级
重庆,2018-12-31,7,2,多云,东风 2级
重庆,2019-01-01,6,3,多云,东风 1级
重庆,2019-01-02,7,2,阴,东风 2级
重庆,2019-01-03,7,4,小雨,东北风 2级
重庆,2019-01-04,8,6,阴,西北风 1级
重庆,2019-01-05,9,4,阴,东北风 1级
重庆,2019-01-06,8,6,阴,东北风 1级
重庆,2019-01-07,9,7,阴,东北风 1级
重庆,2019-01-08,9,7,小雨,东北风 1级
重庆,2019-01-09,9,6,阴,东风 2级
重庆,2019-01-10,7,5,阴,东北风 1级
重庆,2019-01-11,10,4,晴,东南风 2级
重庆,2019-01-12,4,-1,多云,东南风 1级
重庆,2019-01-13,10,6,阴,北风 1级
重庆,2019-01-14,10,7,多云,西北风 1级
重庆,2019-01-15,8,6,小雨,西南风 1级
重庆,2019-01-16,10,5,多云,南风 2级
重庆,2019-01-17,12,6,阴,东北风 2级
重庆,2019-01-18,11,6,阴,东北风 1级
重庆,2019-01-19,9,7,多云,北风 1级
重庆,2019-01-20,9,7,小雨,东北风 2级
重庆,2019-01-21,11,6,晴,东北风 1级
重庆,2019-01-22,13,4,晴,东风 2级
重庆,2019-01-23,14,6,阴,东北风 1级
重庆,2019-01-24,12,8,阴,东北风 2级
重庆,2019-01-25,11,9,阴,西北风 1级
重庆,2019-01-26,12,9,阴,东北风 2级
重庆,2019-01-27,10,8,阴,东北风 1级
重庆,2019-01-28,11,8,多云,北风 2级
重庆,2019-01-29,10,8,阴,北风 2级
重庆,2019-01-30,11,9,多云,东北风 1级
重庆,2019-01-31,11,6,阴,东北风 1级
重庆,2019-02-01,10,7,阴,东北风 2级
重庆,2019-02-02,11,6,阴,东北风 2级
重庆,2019-02-03,13,9,阴,西南风 2级
重庆,2019-02-04,15,8,多云,东北风 1级
重庆,2019-02-05,16,8,晴,东风 2级
重庆,2019-02-06,17,8,多云,北风 2级
重庆,2019-02-07,18,9,多云,东风 2级
重庆,2019-02-08,14,10,阴,东北风 2级
重庆,2019-02-09,11,7,多云,东风 2级
重庆,2019-02-10,8,5,阴,东风 1级
重庆,2019-02-11,10,4,阴,东风 2级
重庆,2019-02-12,11,7,多云,东北风 1级
重庆,2019-02-13,11,7,晴,东风 2级
重庆,2019-02-14,12,10,阴,东北风 2级
重庆,2019-02-15,14,10,阴,东北风 2级
重庆,2019-02-16,10,9,晴,东风 2级
重庆,2019-02-17,9,7,多云,东风 2级
重庆,2019-02-18,11,8,多云,东北风 2级
重庆,2019-02-19,9,7,阴,东北风 2级
重庆,2019-02-20,13,10,阴,北风 1级
重庆,2019-02-21,12,9,多云,东北风 2级
重庆,2019-02-22,12,8,阴,东北风 2级
重庆,2019-02-23,10,8,阴,东风 2级
重庆,2019-02-24,11,8,多云,东风 2级
重庆,2019-02-25,13,8,阴,北风 1级
重庆,2019-02-26,14,11,多云,东北风 2级
重庆,2019-02-27,11,9,多云,东北风 2级
重庆,2019-02-28,13,10,多云,东北风 2级
重庆,2019-03-01,12,10,多云,东北风 2级
重庆,2019-03-02,14,10,晴,西风 2级
重庆,2019-03-03,17,8,晴,东北风 2级
重庆,2019-03-04,18,8,多云,东北风 2级
重庆,2019-03-05,15,10,阴,北风 2级
重庆,2019-03-06,15,11,小雨,东北风 2级
重庆,2019-03-07,11,9,阴,东风 2级
重庆,2019-03-08,11,8,多云,东风 2级
重庆,2019-03-09,15,9,多云,北风 1级
重庆,2019-03-10,17,8,多云,东北风 2级
重庆,2019-03-11,19,11,多云,西南风 1级
重庆,2019-03-12,17,11,阴,东风 2级
重庆,2019-03-13,17,13,阴,东北风 2级
重庆,2019-03-14,17,11,多云,北风 1级
重庆,2019-03-15,14,12,小雨,西南风 2级
重庆,2019-03-16,15,11,阴,北风 1级
重庆,2019-03-17,17,11,多云,北风 2级
重庆,2019-03-18,21,8,晴,东北风 1级
重庆,2019-03-19,20,11,阴,东北风 2级
重庆,2019-03-20,25,15,多云,北风 2级
重庆,2019-03-21,20,13,小雨,北风 3级
重庆,2019-03-22,14,10,多云,北风 2级
重庆,2019-03-23,11,9,阴,东北风 2级
重庆,2019-03-24,13,9,晴,东北风 1级
重庆,2019-03-25,18,8,小雨,东北风 2级
重庆,2019-03-26,20,14,多云,北风 1级
重庆,2019-03-27,20,16,阴,北风 2级
重庆,2019-03-28,25,15,晴,南风 2级
重庆,2019-03-29,26,14,多云,东北风 2级
重庆,2019-03-30,23,15,小雨,东北风 2级
重庆,2019-03-31,15,13,小雨,东北风 2级
重庆,2019-04-01,17,12,多云,东北风 2级
重庆,2019-04-02,19,14,阴,东北风 2级
重庆,2019-04-03,20,14,中雨,东北风 2级
重庆,2019-04-04,18,12,多云,东北风 2级
重庆,2019-04-05,24,12,晴,东南风 1级
重庆,2019-04-06,30,14,晴,东风 1级
重庆,2019-04-07,32,16,多云,东南风 2级
重庆,2019-04-08,31,17,多云,东风 2级
重庆,2019-04-09,29,20,阴,西北风 2级
重庆,2019-04-10,23,13,中雨,东北风 3级
重庆,2019-04-11,26,17,多云,东北风 2级
重庆,2019-04-12,28,17,多云,东风 2级
重庆,2019-04-13,27,19,小雨,东北风 2级
重庆,2019-04-14,23,16,多云,东北风 2级
重庆,2019-04-15,21,16,多云,东风 2级
重庆,2019-04-16,23,13,晴,东南风 1级
重庆,2019-04-17,28,15,晴,东北风 2级
重庆,2019-04-18,25,20,晴,东北风 2级
重庆,2019-04-19,26,20,多云,东风 2级
重庆,2019-04-20,22,16,多云转雨,北风 2级
重庆,2019-04-21,27,18,多云,西北风 2级
重庆,2019-04-22,27,19,晴转多云,东北风 1级
重庆,2019-04-23,30,20,多云转晴,东风 2级
重庆,2019-04-24,33,22,晴,东北风 2级
重庆,2019-04-25,32,22,晴,东南风 2级
重庆,2019-04-26,35,24,晴,东南风 3级
重庆,2019-04-27,36,26,多云转雨,东南风 3级
重庆,2019-04-28,27,17,多云,东北风 2级
重庆,2019-04-29,21,18,阴,西北风 2级
重庆,2019-04-30,25,18,多云,南风 1级
重庆,2019-05-01,29,18,小雨转雨,东南风 2级
重庆,2019-05-02,21,17,多云转晴,东风 2级
重庆,2019-05-03,24,18,阴转多云,东风 2级
重庆,2019-05-04,24,19,阴转多云,东风 1级
重庆,2019-05-05,22,20,多云转雨,东风 2级
重庆,2019-05-06,19,17,多云转雨,东风 2级
重庆,2019-05-07,19,16,阴转雨,东北风 3级
重庆,2019-05-08,20,16,阴转雨,北风 1级
重庆,2019-05-09,23,15,阴,东北风 1级
重庆,2019-05-10,25,17,多云,东风 1级
重庆,2019-05-11,28,19,阴转雨,东北风 1级
重庆,2019-05-12,24,21,多云转雨,东北风 2级
重庆,2019-05-13,25,20,多云转雨,西北风 2级
重庆,2019-05-14,24,19,多云,东北风 2级
重庆,2019-05-15,26,20,阴转多云,东北风 2级
重庆,2019-05-16,27,22,多云转晴,东北风 1级
重庆,2019-05-17,31,22,多云转雨,东北风 2级
重庆,2019-05-18,27,23,多云,东北风 2级
重庆,2019-05-19,24,17,多云转雨,北风 2级
重庆,2019-05-20,20,17,多云,西南风 1级
重庆,2019-05-21,23,18,阴转多云,西风 1级
重庆,2019-05-22,25,16,多云转晴,东风 2级
重庆,2019-05-23,30,19,阴转多云,东风 1级
重庆,2019-05-24,25,21,小雨转雨,东北风 2级
重庆,2019-05-25,26,20,多云转晴,东北风 2级
重庆,2019-05-26,28,21,晴,北风 1级
重庆,2019-05-27,26,18,中雨转雨,西风 2级
重庆,2019-05-28,22,18,阴,西风 2级
重庆,2019-05-29,22,16,多云转雨,北风 2级
重庆,2019-05-30,22,18,晴,西风 2级
重庆,2019-05-31,28,18,多云,东北风 2级
重庆,2019-06-01,29,19,多云,西风 2级
重庆,2019-06-02,32,20,晴,东南风 1级
重庆,2019-06-03,34,23,晴,东风 1级
重庆,2019-06-04,34,23,阴转雨,东南风 2级
重庆,2019-06-05,31,24,晴,西风 2级
重庆,2019-06-06,33,22,多云转晴,东北风 2级
重庆,2019-06-07,30,22,晴转多云,东北风 2级
重庆,2019-06-08,26,22,晴转雨,北风 2级
重庆,2019-06-09,28,23,多云,西南风 1级
重庆,2019-06-10,26,22,多云,东南风 1级
重庆,2019-06-11,26,22,多云,东北风 2级
重庆,2019-06-12,27,22,晴,西风 1级
重庆,2019-06-13,29,21,晴,东北风 2级
重庆,2019-06-14,32,23,阴转雨,东北风 2级
重庆,2019-06-15,27,21,阴,东风 2级
重庆,2019-06-16,23,21,小雨转雨,东北风 1级
重庆,2019-06-17,24,21,阴,东风 1级
重庆,2019-06-18,26,22,阴,东北风 2级
重庆,2019-06-19,30,24,多云转雨,北风 1级
重庆,2019-06-20,29,24,多云转雨,北风 1级
重庆,2019-06-21,29,25,多云转雨,西北风 2级
重庆,2019-06-22,26,22,小雨到中雨,东北风 2级
重庆,2019-06-23,26,22,多云转阴,东北风 2级
重庆,2019-06-24,27,23,小雨转雨,东北风 2级
重庆,2019-06-25,27,23,多云转阴,北风 2级
重庆,2019-06-26,28,23,多云,东北风 2级
重庆,2019-06-27,27,23,多云转雨,西北风 2级
重庆,2019-06-28,24,22,阴,西风 2级
重庆,2019-06-29,27,21,多云,西风 1级
重庆,2019-06-30,29,24,多云转晴,东风 1级
重庆,2019-07-01,33,24,多云转晴,东风 1级
重庆,2019-07-02,36,25,多云,东风 2级
重庆,2019-07-03,34,24,多云,西北风 2级
重庆,2019-07-04,26,22,多云,西风 1级
重庆,2019-07-05,27,21,多云,东北风 1级
重庆,2019-07-06,30,23,阴,东北风 2级
重庆,2019-07-07,26,23,多云转雨,北风 1级
重庆,2019-07-08,24,20,阴转雨,东北风 2级
重庆,2019-07-09,28,22,晴,东北风 1级
重庆,2019-07-10,30,22,阴,东风 2级
重庆,2019-07-11,30,24,多云转雨,东北风 2级
重庆,2019-07-12,27,23,小雨转雨,西南风 2级
重庆,2019-07-13,30,23,多云,西南风 2级
重庆,2019-07-14,31,23,多云,东风 1级
重庆,2019-07-15,29,24,多云转雨,东北风 1级
重庆,2019-07-16,29,24,多云转雨,西风 1级
重庆,2019-07-17,30,24,多云,西北风 1级
重庆,2019-07-18,27,24,多云转雨,西风 1级
重庆,2019-07-19,28,24,多云,西风 1级
重庆,2019-07-20,30,25,多云转阴,西南风 1级
重庆,2019-07-21,32,26,多云转雨,东南风 2级
重庆,2019-07-22,33,26,多云转雨,东北风 2级
重庆,2019-07-23,30,24,阴,西风 2级
重庆,2019-07-24,30,24,多云转雨,西风 1级
重庆,2019-07-25,31,25,阴转多云,西南风 2级
重庆,2019-07-26,37,26,晴,东南风 2级
重庆,2019-07-27,38,28,晴转多云,东南风 2级
重庆,2019-07-28,37,29,晴转多云,东南风 2级
重庆,2019-07-29,37,23,多云转阴,东风 1级
重庆,2019-07-30,32,27,多云转雨,西风 1级
重庆,2019-07-31,30,24,多云转雨,西南风 1级
重庆,2019-08-01,30,23,晴,东风 2级
重庆,2019-08-02,35,25,阴,东风 2级
重庆,2019-08-03,34,23,多云,东北风 2级
重庆,2019-08-04,32,26,多云,东北风 2级
重庆,2019-08-05,33,25,多云转雨,东风 2级
重庆,2019-08-06,32,24,阴转雨,西北风 2级
重庆,2019-08-07,30,24,多云,西南风 2级
重庆,2019-08-08,32,25,多云转雨,东北风 1级
重庆,2019-08-09,30,25,多云转雨,西南风 2级
重庆,2019-08-10,33,25,晴,西风 2级
重庆,2019-08-11,37,27,晴,南风 2级
重庆,2019-08-12,37,26,晴,西北风 1级
重庆,2019-08-13,38,26,晴,东北风 2级
重庆,2019-08-14,35,26,多云,西风 2级
重庆,2019-08-15,35,26,晴,东南风 1级
重庆,2019-08-16,36,25,晴,东风 2级
重庆,2019-08-17,37,26,晴转多云,东南风 1级
重庆,2019-08-18,39,28,晴转多云,东南风 2级
重庆,2019-08-19,39,30,晴转多云,东南风 2级
重庆,2019-08-20,39,30,多云转阴,东南风 2级
重庆,2019-08-21,37,28,多云,东南风 2级
重庆,2019-08-22,37,27,晴,东南风 2级
重庆,2019-08-23,36,28,晴转多云,东南风 2级
重庆,2019-08-24,37,27,晴转多云,东南风 1级
重庆,2019-08-25,38,29,晴,东风 1级
重庆,2019-08-26,38,29,晴转多云,东风 2级
重庆,2019-08-27,34,28,多云转雨,西风 2级
重庆,2019-08-28,29,25,多云转雨,西北风 2级
重庆,2019-08-29,29,24,阴,东北风 2级
重庆,2019-08-30,28,22,阴,东南风 1级
重庆,2019-08-31,26,21,阴,东风 2级
重庆,2019-09-01,27,22,阴转多云,东风 1级
重庆,2019-09-02,29,22,多云转雨,东南风 1级
重庆,2019-09-03,33,23,晴,东南风 2级
重庆,2019-09-04,34,25,小雨转阴,东风 2级
重庆,2019-09-05,30,26,多云,东北风 1级
重庆,2019-09-06,32,22,多云,东北风 2级
重庆,2019-09-07,31,23,小雨到中雨,东北风 1级
重庆,2019-09-08,26,24,中雨到大雨,东风 2级
重庆,2019-09-09,26,23,小雨到中雨,东南风 1级
重庆,2019-09-10,30,24,多云转雨,东风 1级
重庆,2019-09-11,34,26,多云,南风 2级
重庆,2019-09-12,34,26,晴转多云,东南风 2级
重庆,2019-09-13,36,21,多云转雨,西风 2级
重庆,2019-09-14,27,19,阴,西南风 2级
重庆,2019-09-15,25,18,多云转阴,西南风 2级
重庆,2019-09-16,23,18,多云转雨,西南风 2级
重庆,2019-09-17,24,21,多云转阴,北风 2级
重庆,2019-09-18,24,19,阴,南风 2级
重庆,2019-09-19,25,19,多云转雨,北风 2级
重庆,2019-09-20,20,17,晴,西风 2级
重庆,2019-09-21,26,16,多云,北风 1级
重庆,2019-09-22,26,18,多云,东北风 1级
重庆,2019-09-23,29,18,多云,东风 2级
重庆,2019-09-24,24,17,小雨转雨,西北风 2级
重庆,2019-09-25,22,18,多云转晴,东南风 1级
重庆,2019-09-26,27,17,晴,东风 1级
重庆,2019-09-27,27,18,晴,东北风 1级
重庆,2019-09-28,29,19,晴,东风 1级
重庆,2019-09-29,31,20,晴转多云,东南风 2级
重庆,2019-09-30,29,22,多云,东南风 2级
重庆,2019-10-01,27,23,多云,东风 2级
重庆,2019-10-02,28,22,多云转雨,东北风 1级
重庆,2019-10-03,28,22,多云转雨,西北风 2级
重庆,2019-10-04,25,22,阴转雨,西风 1级
重庆,2019-10-05,24,20,晴转雨,西南风 2级
重庆,2019-10-06,28,21,多云转雨,北风 2级
重庆,2019-10-07,22,19,阴转雨,西风 2级
重庆,2019-10-08,21,18,多云,西风 2级
重庆,2019-10-09,25,17,阴转雨,北风 2级
重庆,2019-10-10,23,18,多云转雨,西南风 2级
重庆,2019-10-11,18,17,晴,西风 2级
重庆,2019-10-12,22,18,晴转多云,南风 1级
重庆,2019-10-13,23,18,小雨转雨,东北风 1级
重庆,2019-10-14,21,18,多云转雨,东北风 2级
重庆,2019-10-15,20,15,小雨转雨,东北风 2级
重庆,2019-10-16,19,16,多云,东北风 1级
重庆,2019-10-17,19,15,晴,东北风 1级
重庆,2019-10-18,24,14,晴,东北风 2级
重庆,2019-10-19,25,14,多云,东北风 2级
重庆,2019-10-20,19,18,多云转雨,东北风 1级
重庆,2019-10-21,20,16,多云转雨,东北风 2级
重庆,2019-10-22,19,16,阴,西风 1级
重庆,2019-10-23,22,16,多云,东北风 2级
重庆,2019-10-24,20,16,小雨到中雨,东北风 2级
重庆,2019-10-25,16,13,小雨到中雨,西风 2级
重庆,2019-10-26,15,13,阴转雨,西南风 1级
重庆,2019-10-27,15,12,多云转阴,西南风 2级
重庆,2019-10-28,20,13,晴,西南风 1级
重庆,2019-10-29,23,13,阴转多云,东北风 2级
重庆,2019-10-30,21,14,阴转多云,东风 1级
重庆,2019-10-31,22,15,多云,东北风 1级
重庆,2019-11-01,20,16,小雨转雨,北风 1级
重庆,2019-11-02,17,14,晴转多云,西北风 1级
重庆,2019-11-03,22,14,晴,东北风 1级
重庆,2019-11-04,21,15,阴,东北风 2级
重庆,2019-11-05,18,15,小雨转雨,东风 1级
重庆,2019-11-06,15,13,多云,东北风 2级
重庆,2019-11-07,19,12,多云,东北风 1级
重庆,2019-11-08,19,14,阴转多云,东风 2级
重庆,2019-11-09,19,16,阴,东北风 1级
重庆,2019-11-10,17,14,多云,南风 1级
重庆,2019-11-11,19,16,多云转阴,东北风 2级
重庆,2019-11-12,17,15,阴转雨,东北风 1级
重庆,2019-11-13,15,12,阴转多云,南风 1级
重庆,2019-11-14,19,13,多云转晴,东风 2级
重庆,2019-11-15,18,10,多云,东北风 1级
重庆,2019-11-16,16,14,多云,北风 2级
重庆,2019-11-17,14,12,小雨转雨,西北风 2级
重庆,2019-11-18,11,9,阴,西风 2级
重庆,2019-11-19,12,9,阴,西风 1级
重庆,2019-11-20,12,10,阴,西风 1级
重庆,2019-11-21,16,11,多云,东北风 1级
重庆,2019-11-22,14,11,阴转多云,东北风 2级
重庆,2019-11-23,13,12,阴转雨,北风 1级
重庆,2019-11-24,13,8,阴转雨,西风 2级
重庆,2019-11-25,11,8,阴,西风 2级
重庆,2019-11-26,11,9,阴,东北风 2级
重庆,2019-11-27,12,9,阴,东风 1级
重庆,2019-11-28,10,9,阴,东北风 2级
重庆,2019-11-29,12,9,阴转雨,东风 2级
重庆,2019-11-30,9,8,多云,东北风 2级
重庆,2019-12-01,9,7,阴转多云,西北风 2级
重庆,2019-12-02,12,7,多云,东风 1级
重庆,2019-12-03,11,6,多云,东北风 1级
重庆,2019-12-04,10,8,小雨转雨,西北风 1级
重庆,2019-12-05,11,8,晴,东风 1级
重庆,2019-12-06,15,7,晴,东风 1级
重庆,2019-12-07,13,6,多云,东北风 1级
重庆,2019-12-08,13,8,多云转阴,北风 1级
重庆,2019-12-09,14,8,阴,东北风 1级
重庆,2019-12-10,15,9,晴,北风 1级
重庆,2019-12-11,13,9,阴,东北风 1级
重庆,2019-12-12,12,9,多云,西北风 1级
重庆,2019-12-13,15,10,阴,西北风 1级
重庆,2019-12-14,14,9,阴,北风 1级
重庆,2019-12-15,13,10,多云,北风 1级
重庆,2019-12-16,14,11,多云,西风 2级
重庆,2019-12-17,12,8,阴转雨,北风 2级
重庆,2019-12-18,10,9,多云转阴,西北风 2级
重庆,2019-12-19,9,6,阴转雨,东北风 2级
重庆,2019-12-20,10,7,阴转雨,东北风 2级
重庆,2019-12-21,11,8,阴,北风 1级
重庆,2019-12-22,11,7,阴转多云,东北风 1级
重庆,2019-12-23,12,8,多云,北风 1级
重庆,2019-12-24,12,8,多云,东北风 2级
重庆,2019-12-25,10,9,阴,北风 1级
重庆,2019-12-26,9,7,小雨转阴,西北风 2级
重庆,2019-12-27,7,4,阴,西北风 1级
重庆,2019-12-28,8,6,晴,北风 1级
重庆,2019-12-29,11,4,阴转多云,东北风 2级
重庆,2019-12-30,12,8,多云转阴,北风 1级
重庆,2019-12-31,10,8,阴,东北风 2级
重庆,2020-01-01,11,7,多云,东北风 1级
重庆,2020-01-02,13,9,阴,东北风 1级
重庆,2020-01-03,12,8,阴,西北风 1级
重庆,2020-01-04,11,9,多云转阴,东北风 1级
重庆,2020-01-05,12,8,阴转雨,东北风 2级
重庆,2020-01-06,10,8,阴,西北风 1级
重庆,2020-01-07,12,6,多云,东北风 2级
重庆,2020-01-08,11,8,小雨转多云,东北风 2级
重庆,2020-01-09,11,8,多云,东北风 2级
重庆,2020-01-10,9,7,阴,北风 2级
重庆,2020-01-11,11,7,多云转晴,东风 1级
重庆,2020-01-12,13,3,晴,东北风 2级
重庆,2020-01-13,13,8,阴转多云,东北风 1级
重庆,2020-01-14,10,6,多云转阴,东风 2级
重庆,2020-01-15,9,7,阴转多云,东北风 2级
重庆,2020-01-16,10,6,多云,东风 1级
重庆,2020-01-17,11,7,阴转多云,东北风 2级
重庆,2020-01-18,11,7,多云,东风 1级
重庆,2020-01-19,11,5,阴转多云,南风 2级
重庆,2020-01-20,10,6,阴,东北风 2级
重庆,2020-01-21,11,8,阴转多云,东北风 1级
重庆,2020-01-22,13,9,小雨转多云,北风 1级
重庆,2020-01-23,12,9,阴,东北风 2级
重庆,2020-01-24,11,8,小雨转阴,北风 2级
重庆,2020-01-25,9,6,阴,南风 1级
重庆,2020-01-26,12,7,阴,东北风 1级
重庆,2020-01-27,11,7,阴,东风 2级
重庆,2020-01-28,12,6,多云,东风 1级
重庆,2020-01-29,15,6,晴,北风 1级
重庆,2020-01-30,13,4,阴转雨,东北风 2级
重庆,2020-01-31,11,8,阴转雨,东北风 2级
重庆,2020-02-01,10,7,多云转雨,东北风 2级
重庆,2020-02-02,9,7,小雨转雨,北风 2级
重庆,2020-02-03,10,8,多云,东风 1级
重庆,2020-02-04,14,7,晴,东北风 2级
重庆,2020-02-05,10,6,小雨到中雨,东北风 2级
重庆,2020-02-06,9,8,阴转多云,西南风 1级
重庆,2020-02-07,12,8,多云,东北风 2级
重庆,2020-02-08,11,8,阴,东北风 2级
重庆,2020-02-09,13,10,小雨转雨,西风 1级
重庆,2020-02-10,12,10,阴转多云,东北风 1级
重庆,2020-02-11,14,10,晴转多云,东北风 1级
重庆,2020-02-12,15,9,多云转晴,东北风 1级
重庆,2020-02-13,18,12,阴转多云,东北风 1级
重庆,2020-02-14,14,9,多云转雨,北风 2级
重庆,2020-02-15,12,3,阴,西北风 2级
重庆,2020-02-16,10,3,多云,东南风 2级
重庆,2020-02-17,12,2,阴转多云,东北风 1级
重庆,2020-02-18,12,7,多云转雨,东风 2级
重庆,2020-02-19,14,9,阴转多云,东北风 2级
重庆,2020-02-20,11,7,多云转阴,东北风 2级
重庆,2020-02-21,14,9,阴转多云,东风 1级
重庆,2020-02-22,14,10,多云转阴,东北风 2级
重庆,2020-02-23,13,10,阴,东北风 1级
重庆,2020-02-24,13,10,阴转多云,北风 1级
重庆,2020-02-25,17,12,阴转多云,东北风 1级
重庆,2020-02-26,14,12,多云,东北风 2级
重庆,2020-02-27,14,11,阴转雨,北风 1级
重庆,2020-02-28,13,10,晴,西风 1级
重庆,2020-02-29,18,10,多云转晴,东风 1级
重庆,2020-03-01,17,11,小雨转雨,东南风 1级
重庆,2020-03-02,12,10,多云转雨,东风 3级
重庆,2020-03-03,17,10,小雨转阴,东北风 2级
重庆,2020-03-04,13,9,阴转多云,东风 2级
重庆,2020-03-05,14,9,多云,东北风 2级
重庆,2020-03-06,14,10,阴转多云,东北风 2级
重庆,2020-03-07,17,11,阴转多云,东北风 2级
重庆,2020-03-08,15,11,多云,东北风 2级
重庆,2020-03-09,18,12,多云,西北风 2级
重庆,2020-03-10,18,10,多云,东北风 2级
重庆,2020-03-11,14,12,多云,东北风 2级
重庆,2020-03-12,17,10,阴转多云,东北风 2级
重庆,2020-03-13,17,11,多云,北风 2级
重庆,2020-03-14,17,12,多云,东北风 2级
重庆,2020-03-15,19,12,多云,东北风 2级
重庆,2020-03-16,16,14,阴转雨,北风 2级
重庆,2020-03-17,18,12,多云,西南风 1级
重庆,2020-03-18,20,10,多云,东北风 2级
重庆,2020-03-19,24,13,晴转多云,南风 2级
重庆,2020-03-20,27,12,多云,东风 2级
重庆,2020-03-21,27,17,晴转多云,东北风 2级
重庆,2020-03-22,25,18,多云,西北风 2级
重庆,2020-03-23,23,15,多云,东北风 2级
重庆,2020-03-24,26,18,小雨到中雨,东南风 2级
重庆,2020-03-25,27,17,晴,东风 2级
重庆,2020-03-26,28,18,阴转雨,东北风 2级
重庆,2020-03-27,23,12,小雨到中雨,西北风 2级
重庆,2020-03-28,16,11,多云转阴,东北风 2级
重庆,2020-03-29,14,11,阴,东北风 2级
重庆,2020-03-30,19,12,阴,东北风 2级
重庆,2020-03-31,20,11,多云,西北风 2级
重庆,2020-04-01,19,12,阴转多云,东北风 2级
重庆,2020-04-02,16,13,多云转雨,东北风 2级
重庆,2020-04-03,18,15,多云转雨,东北风 2级
重庆,2020-04-04,17,12,小雨转雨,东北风 1级
重庆,2020-04-05,15,12,阴,东北风 1级
重庆,2020-04-06,16,11,阴,北风 1级
重庆,2020-04-07,19,13,阴转雨,东风 1级
重庆,2020-04-08,21,15,晴,西南风 2级
重庆,2020-04-09,26,15,小雨转雨,东风 2级
重庆,2020-04-10,20,14,阴转雨,东北风 2级
重庆,2020-04-11,17,14,多云,东北风 2级
重庆,2020-04-12,24,13,多云,东风 2级
重庆,2020-04-13,21,15,多云,东北风 2级
重庆,2020-04-14,23,13,晴,东风 1级
重庆,2020-04-15,27,13,多云,东北风 2级
重庆,2020-04-16,25,19,多云转雨,北风 1级
重庆,2020-04-17,23,19,小雨到中雨,北风 2级
重庆,2020-04-18,20,17,多云,东北风 2级
重庆,2020-04-19,24,15,小雨转雨,东北风 2级
重庆,2020-04-20,18,16,阴,西北风 2级
重庆,2020-04-21,18,14,阴转雨,东北风 1级
重庆,2020-04-22,14,11,阴转雨,东北风 2级
重庆,2020-04-23,13,11,多云转雨,东北风 1级
重庆,2020-04-24,16,10,多云,东风 1级
重庆,2020-04-25,20,13,晴转多云,东北风 1级
重庆,2020-04-26,24,12,晴转多云,南风 1级
重庆,2020-04-27,28,15,晴,东南风 1级
重庆,2020-04-28,31,18,阴,东南风 2级
重庆,2020-04-29,29,18,多云转雨,东南风 2级
重庆,2020-04-30,25,19,阴,西风 1级
重庆,2020-05-01,28,19,晴转多云,东风 1级
重庆,2020-05-02,32,18,晴,东风 1级
重庆,2020-05-03,34,22,多云转阴,东风 2级
重庆,2020-05-04,30,23,阴转雨,东北风 2级
重庆,2020-05-05,33,23,多云转雨,东风 2级
重庆,2020-05-06,32,23,晴,东风 2级
重庆,2020-05-07,31,22,多云转雨,东北风 2级
重庆,2020-05-08,28,21,多云,西北风 2级
重庆,2020-05-09,23,19,多云,西风 2级
重庆,2020-05-10,26,17,多云转雨,东风 2级
重庆,2020-05-11,26,20,多云,东北风 2级
重庆,2020-05-12,27,18,阴转雨,东北风 1级
重庆,2020-05-13,24,17,中雨转雨,北风 2级
重庆,2020-05-14,24,18,多云,东北风 1级
重庆,2020-05-15,31,19,多云转雨,东北风 1级
重庆,2020-05-16,28,20,多云,西南风 2级
重庆,2020-05-17,32,22,晴,南风 2级
重庆,2020-05-18,33,22,晴转多云,东风 2级
重庆,2020-05-19,34,22,多云转雨,东南风 3级
重庆,2020-05-20,30,24,多云转雨,东风 2级
重庆,2020-05-21,28,21,多云转阴,东北风 2级
重庆,2020-05-22,31,21,多云,南风 1级
重庆,2020-05-23,33,23,晴转雨,东风 1级
重庆,2020-05-24,27,17,中雨转雨,西风 2级
重庆,2020-05-25,22,18,阴,西风 2级
重庆,2020-05-26,23,18,阴转雨,西北风 2级
重庆,2020-05-27,23,18,小雨转雨,西南风 2级
重庆,2020-05-28,26,19,多云,南风 2级
重庆,2020-05-29,29,21,晴,东风 1级
重庆,2020-05-30,31,17,多云转雨,东北风 2级
重庆,2020-05-31,25,21,多云,东北风 1级
重庆,2020-06-01,31,20,多云转雨,东风 2级
重庆,2020-06-02,25,17,多云,西风 2级
重庆,2020-06-03,26,17,多云转多云,南风 1级
重庆,2020-06-04,30,18,多云转多云,西风 1级
重庆,2020-06-05,33,20,多云,南风 1级
重庆,2020-06-06,32,22,多云,东南风 2级
重庆,2020-06-07,28,22,阴,东南风 1级
重庆,2020-06-08,25,22,多云,西南风 1级
重庆,2020-06-09,25,21,多云,西南风 1级
重庆,2020-06-10,27,21,多云,西风 1级
重庆,2020-06-11,28,24,多云,北风 2级
重庆,2020-06-12,29,23,多云,西风 1级
重庆,2020-06-13,31,24,多云,西风 2级
重庆,2020-06-14,29,24,阴,西南风 2级
重庆,2020-06-15,34,24,多云,东风 2级
重庆,2020-06-16,36,28,阴,东南风 3级
重庆,2020-06-17,30,21,阴,西南风 2级
重庆,2020-06-18,30,23,多云,西南风 1级
重庆,2020-06-19,33,24,多云,东北风 2级
重庆,2020-06-20,28,22,多云,东北风 2级
重庆,2020-06-21,26,22,多云,东北风 1级
重庆,2020-06-22,25,22,阴,东北风 1级
重庆,2020-06-23,29,24,多云,西南风 1级
重庆,2020-06-24,29,22,晴,东南风 1级
重庆,2020-06-25,32,22,晴,东风 2级
重庆,2020-06-26,36,25,小雨,东风 2级
重庆,2020-06-27,30,21,阴到大雨,西南风 2级
重庆,2020-06-28,29,22,晴,西风 1级
重庆,2020-06-29,30,24,多云,东北风 1级
重庆,2020-06-30,30,27,多云,东南风 1级
重庆,2020-07-01,26,21,阴,东北风 2级
重庆,2020-07-02,26,22,多云,西南风 2级
重庆,2020-07-03,30,24,晴,东风 1级
重庆,2020-07-04,27,25,多云,北风 1级
重庆,2020-07-05,28,24,多云,北风 2级
重庆,2020-07-06,27,23,多云,西北风 1级
重庆,2020-07-07,28,24,多云,西风 1级
重庆,2020-07-08,28,24,阴,北风 2级
重庆,2020-07-09,28,24,多云,东北风 2级
重庆,2020-07-10,31,24,阴,东北风 2级
重庆,2020-07-11,28,24,多云,北风 1级
重庆,2020-07-12,25,23,阴,西风 1级
重庆,2020-07-13,27,23,阴,南风 1级
重庆,2020-07-14,32,25,多云,东风 2级
重庆,2020-07-15,30,25,多云,南风 2级
重庆,2020-07-16,27,24,阴,东风 2级
重庆,2020-07-17,26,23,多云,东南风 2级
重庆,2020-07-18,30,24,阴,西北风 2级
重庆,2020-07-19,29,23,多云,西北风 2级
重庆,2020-07-20,30,25,多云,东风 2级
重庆,2020-07-21,29,24,多云,东北风 2级
重庆,2020-07-22,29,24,阴,西北风 2级
重庆,2020-07-23,34,25,多云,东南风 2级
重庆,2020-07-24,36,26,多云,东南风 2级
重庆,2020-07-25,33,26,多云,北风 2级
重庆,2020-07-26,29,21,多云,西风 2级
重庆,2020-07-27,32,21,晴,东风 2级
重庆,2020-07-28,34,25,晴,东风 1级
重庆,2020-07-29,36,26,多云,东风 2级
重庆,2020-07-30,30,23,多云,西风 2级
重庆,2020-07-31,28,23,多云,西北风 1级
重庆,2020-08-01,33,25,晴,北风 2级
重庆,2020-08-02,34,26,多云,东北风 1级
重庆,2020-08-03,34,26,晴,东风 2级
重庆,2020-08-04,37,27,晴,东南风 2级
重庆,2020-08-05,38,29,晴,东南风 2级
重庆,2020-08-06,38,29,晴,东南风 2级
重庆,2020-08-07,38,30,阴,东南风 2级
重庆,2020-08-08,32,27,多云,西风 2级
重庆,2020-08-09,33,27,晴,东北风 1级
重庆,2020-08-10,36,28,多云,东风 1级
重庆,2020-08-11,37,28,多云,东风 2级
重庆,2020-08-12,35,30,阴,东南风 3级
重庆,2020-08-13,32,25,多云,西南风 2级
重庆,2020-08-14,33,25,多云,东南风 2级
重庆,2020-08-15,37,27,晴,东南风 3级
重庆,2020-08-16,37,31,多云,东南风 3级
重庆,2020-08-17,34,28,多云,东南风 3级
重庆,2020-08-18,28,21,多云,西风 2级
重庆,2020-08-19,28,21,多云,北风 1级
重庆,2020-08-20,32,23,多云,北风 1级
重庆,2020-08-21,34,25,晴,东北风 1级
重庆,2020-08-22,36,27,晴,东南风 2级
重庆,2020-08-23,36,27,多云,东南风 2级
重庆,2020-08-24,33,23,多云,西风 2级
重庆,2020-08-25,33,23,晴,西北风 1级
重庆,2020-08-26,34,24,晴,东风 1级
重庆,2020-08-27,37,25,晴,东风 1级
重庆,2020-08-28,38,26,晴,东南风 2级
重庆,2020-08-29,38,27,晴,东南风 2级
重庆,2020-08-30,39,29,晴,东风 2级
重庆,2020-08-31,33,25,晴,西风 2级
重庆,2020-09-01,35,26,多云,西风 2级
重庆,2020-09-02,29,26,多云,西风 1级
重庆,2020-09-03,29,23,阴,东北风 2级
重庆,2020-09-04,29,23,阴,东风 2级
重庆,2020-09-05,28,22,多云,东北风 2级
重庆,2020-09-06,27,23,晴,北风 2级
重庆,2020-09-07,31,22,晴,东风 1级
重庆,2020-09-08,33,26,多云,东南风 1级
重庆,2020-09-09,31,24,多云转雨,东北风 2级
重庆,2020-09-10,28,23,多云,东北风 2级
重庆,2020-09-11,28,23,阴,东南风 2级
重庆,2020-09-12,25,20,小雨,东风 2级
重庆,2020-09-13,22,20,阴,东北风 2级
重庆,2020-09-14,22,20,多云,东北风 1级
重庆,2020-09-15,23,21,阴,西风 1级
重庆,2020-09-16,23,21,阴,西南风 1级
重庆,2020-09-17,18,18,阴,北风 2级
重庆,2020-09-18,27,19,晴,东风 1级
重庆,2020-09-19,30,22,多云,东风 1级
重庆,2020-09-20,27,23,阴,东北风 2级
重庆,2020-09-21,20,18,阴,北风 2级
重庆,2020-09-22,20,18,多云,西风 1级
重庆,2020-09-23,21,17,阴,南风 1级
重庆,2020-09-24,27,20,阴,东风 2级
重庆,2020-09-25,20,19,小雨,东北风 2级
重庆,2020-09-26,22,18,阴,东北风 2级
重庆,2020-09-27,23,20,阴,东风 2级
重庆,2020-09-28,22,18,小雨,东北风 2级
重庆,2020-09-29,23,18,阴,南风 1级
重庆,2020-09-30,27,20,阴,东风 2级
重庆,2020-10-01,22,20,阴,东风 1级
重庆,2020-10-02,20,19,小雨,东北风 1级
重庆,2020-10-03,20,17,小雨,西北风 1级
重庆,2020-10-04,19,16,阴转雨,西风 1级
重庆,2020-10-05,17,15,阴,东风 2级
重庆,2020-10-06,15,12,阴,东北风 2级
重庆,2020-10-07,19,16,多云,东风 1级
重庆,2020-10-08,18,16,阴,东风 1级
重庆,2020-10-09,17,17,阴,东北风 1级
重庆,2020-10-10,20,18,阴,北风 1级
重庆,2020-10-11,19,17,阴转雨,北风 1级
重庆,2020-10-12,18,17,阴,西南风 1级
重庆,2020-10-13,20,17,多云,北风 1级
重庆,2020-10-14,19,15,小雨,西风 2级
重庆,2020-10-15,17,14,阴到小雨,西南风 2级
重庆,2020-10-16,16,14,阴,西南风 2级
重庆,2020-10-17,17,14,小雨,东北风 1级
重庆,2020-10-18,18,15,阴,西南风 1级
重庆,2020-10-19,19,15,小雨,南风 1级
重庆,2020-10-20,17,13,多云,东北风 2级
重庆,2020-10-21,19,12,晴,南风 1级
重庆,2020-10-22,22,13,晴,东北风 1级
重庆,2020-10-23,21,14,多云,东风 2级
重庆,2020-10-24,23,17,多云,东南风 2级
重庆,2020-10-25,21,17,阴,东风 1级
重庆,2020-10-26,20,17,阴,西南风 1级
重庆,2020-10-27,18,16,小雨,东北风 2级
重庆,2020-10-28,18,14,阴,西北风 1级
重庆,2020-10-29,17,16,阴,西北风 1级
重庆,2020-10-30,17,16,阴,东北风 2级
重庆,2020-10-31,17,16,小雨,西南风 1级
重庆,2020-11-01,16,15,阴,西南风 2级
重庆,2020-11-02,16,14,阴,南风 1级
重庆,2020-11-03,18,14,阴,东北风 1级
重庆,2020-11-04,18,15,多云,东风 1级
重庆,2020-11-05,18,15,阴转雨,北风 1级
重庆,2020-11-06,20,14,阴,西南风 2级
重庆,2020-11-07,22,13,晴,东风 1级
重庆,2020-11-08,21,15,阴转多云,东北风 1级
重庆,2020-11-09,23,12,晴,东南风 1级
重庆,2020-11-10,25,14,晴,东风 2级
重庆,2020-11-11,25,13,晴,东风 2级
重庆,2020-11-12,23,13,晴,东风 1级
重庆,2020-11-13,25,13,晴,东风 2级
重庆,2020-11-14,24,13,晴,东风 2级
重庆,2020-11-15,24,15,晴,东风 2级
重庆,2020-11-16,23,14,多云,东北风 2级
重庆,2020-11-17,25,16,多云,北风 2级
重庆,2020-11-18,21,15,晴,西风 2级
重庆,2020-11-19,22,16,晴,北风 1级
重庆,2020-11-20,18,10,阴,东北风 2级
重庆,2020-11-21,16,8,阴,东北风 2级
重庆,2020-11-22,9,8,阴,西风 2级
重庆,2020-11-23,10,9,多云,西南风 2级
重庆,2020-11-24,12,8,阴,东北风 2级
重庆,2020-11-25,12,10,多云,北风 1级
重庆,2020-11-26,13,11,阴,西北风 1级
重庆,2020-11-27,13,10,阴,东北风 1级
重庆,2020-11-28,11,8,阴,东风 1级
重庆,2020-11-29,13,9,多云,东北风 2级
重庆,2020-11-30,12,10,阴,东北风 2级
重庆,2020-12-01,12,9,阴,东北风 2级
重庆,2020-12-02,11,9,阴,东北风 2级
重庆,2020-12-03,10,9,阴,东北风 2级
重庆,2020-12-04,9,8,阴,东北风 2级
重庆,2020-12-05,8,0,多云,东南风 2级
重庆,2020-12-06,10,9,阴,东北风 1级
重庆,2020-12-07,10,8,阴,西风 1级
重庆,2020-12-08,13,9,阴,东风 2级
重庆,2020-12-09,10,9,阴,东北风 2级
重庆,2020-12-10,11,10,阴,东北风 2级
重庆,2020-12-11,11,9,阴,东北风 1级
重庆,2020-12-12,11,10,多云,东北风 1级
重庆,2020-12-13,10,6,阴,西北风 1级
重庆,2020-12-14,8,6,阴,东风 2级
重庆,2020-12-15,8,6,阴,东北风 2级
重庆,2020-12-16,8,7,阴,东北风 1级
重庆,2020-12-17,8,6,多云,东北风 1级
重庆,2020-12-18,7,5,阴,西北风 1级
重庆,2020-12-19,7,4,阴,北风 1级
重庆,2020-12-20,10,4,多云,东北风 1级
重庆,2020-12-21,11,5,晴,东北风 1级
重庆,2020-12-22,8,6,阴,北风 1级
重庆,2020-12-23,10,6,阴,西南风 2级
重庆,2020-12-24,12,6,多云,东北风 1级
重庆,2020-12-25,9,8,多云,北风 1级
重庆,2020-12-26,12,7,阴,西北风 1级
重庆,2020-12-27,13,6,阴,东北风 2级
重庆,2020-12-28,9,6,多云,西北风 1级
重庆,2020-12-29,7,5,阴,西风 2级
重庆,2020-12-30,7,5,阴,东北风 2级
重庆,2020-12-31,7,4,阴,东北风 2级
重庆,2021-01-01,10,5,阴,东北风 1级
重庆,2021-01-02,7,6,阴,东北风 2级
重庆,2021-01-03,10,7,阴,西北风 2级
重庆,2021-01-04,8,7,多云,东北风 1级
重庆,2021-01-05,10,7,阴,东风 1级
重庆,2021-01-06,9,5,阴,东风 2级
重庆,2021-01-07,6,3,阴,东风 2级
重庆,2021-01-08,6,4,多云,南风 2级
重庆,2021-01-09,4,3,阴,北风 1级
重庆,2021-01-10,5,2,小雨,西北风 1级
重庆,2021-01-11,9,0,阴,西风 2级
重庆,2021-01-12,12,1,晴,东北风 2级
重庆,2021-01-13,13,2,晴,西北风 1级
重庆,2021-01-14,13,3,晴,东风 1级
重庆,2021-01-15,12,6,多云,西北风 2级
重庆,2021-01-16,7,4,小雨到中雨,北风 2级
重庆,2021-01-17,5,0,晴,北风 2级
重庆,2021-01-18,6,2,晴,东北风 2级
重庆,2021-01-19,9,5,阴,北风 1级
重庆,2021-01-20,10,0,阴,东风 1级
重庆,2021-01-21,9,6,晴,西风 1级
重庆,2021-01-22,15,6,晴,东风 1级
重庆,2021-01-23,13,9,阴,东北风 2级
重庆,2021-01-24,10,8,小雨,东北风 2级
重庆,2021-01-25,12,8,阴,西风 2级
重庆,2021-01-26,10,8,阴,东风 1级
重庆,2021-01-27,9,8,阴,东北风 1级
重庆,2021-01-28,11,8,阴,东风 2级
重庆,2021-01-29,13,0,多云,西南风 3级
重庆,2021-01-30,14,9,阴,南风 1级
重庆,2021-01-31,12,8,阴,南风 1级
重庆,2021-02-01,15,8,阴,东北风 1级
重庆,2021-02-02,11,8,阴,东北风 1级
重庆,2021-02-03,12,8,阴,东风 1级
重庆,2021-02-04,12,9,阴,东北风 1级
重庆,2021-02-05,13,6,晴,西南风 1级
重庆,2021-02-06,11,7,阴,东风 1级
重庆,2021-02-07,17,11,多云,北风 1级
重庆,2021-02-08,16,10,多云,东北风 1级
重庆,2021-02-09,12,0,阴,南风 2级
重庆,2021-02-10,19,9,晴,东北风 1级
重庆,2021-02-11,20,10,多云,东风 1级
重庆,2021-02-12,22,10,晴,南风 2级
重庆,2021-02-13,16,10,晴,东风 1级
重庆,2021-02-14,20,12,阴,东北风 2级
重庆,2021-02-15,14,11,阴,西北风 2级
重庆,2021-02-16,15,9,多云,西南风 1级
重庆,2021-02-17,18,11,阴,东风 1级
重庆,2021-02-18,18,11,多云,西北风 1级
重庆,2021-02-19,19,11,晴,东北风 1级
重庆,2021-02-20,21,10,晴,东风 1级
重庆,2021-02-21,23,11,晴,东北风 1级
重庆,2021-02-22,24,15,多云,东北风 2级
重庆,2021-02-23,23,16,晴,东北风 2级
重庆,2021-02-24,26,16,晴,东风 2级
重庆,2021-02-25,17,9,阴,北风 2级
重庆,2021-02-26,11,10,阴,东北风 2级
重庆,2021-02-27,12,10,阴,东北风 2级
重庆,2021-02-28,10,8,阴,东北风 2级
重庆,2021-03-01,16,9,阴,北风 2级
重庆,2021-03-02,11,9,阴,东风 2级
重庆,2021-03-03,15,8,多云,东风 1级
重庆,2021-03-04,18,11,多云,东北风 2级
重庆,2021-03-05,19,12,多云,东风 2级
重庆,2021-03-06,15,11,多云,东北风 1级
重庆,2021-03-07,14,12,小雨,东北风 2级
重庆,2021-03-08,15,12,阴,东北风 2级
重庆,2021-03-09,17,13,多云,东北风 2级
重庆,2021-03-10,15,11,阴,东北风 2级
重庆,2021-03-11,20,13,多云,东北风 2级
重庆,2021-03-12,20,14,多云,东北风 2级
重庆,2021-03-13,25,14,晴,东北风 1级
重庆,2021-03-14,24,16,小雨,东北风 2级
重庆,2021-03-15,26,16,晴,东北风 1级
重庆,2021-03-16,18,17,多云,东北风 2级
重庆,2021-03-17,24,17,多云,东北风 2级
重庆,2021-03-18,23,18,多云,东北风 2级
重庆,2021-03-19,18,12,阴,东北风 3级
重庆,2021-03-20,13,9,阴,北风 2级
重庆,2021-03-21,10,9,阴,北风 2级
重庆,2021-03-22,13,10,阴,东北风 1级
重庆,2021-03-23,18,9,晴,南风 1级
重庆,2021-03-24,23,14,阴,东北风 2级
重庆,2021-03-25,20,15,阴,东北风 1级
重庆,2021-03-26,14,12,多云,西风 2级
重庆,2021-03-27,23,12,多云,东北风 1级
重庆,2021-03-28,27,16,晴,东北风 2级
重庆,2021-03-29,25,17,多云,东北风 2级
重庆,2021-03-30,23,16,晴,东北风 2级
重庆,2021-03-31,22,19,多云,东北风 2级
重庆,2021-04-01,16,15,阴,西北风 2级
重庆,2021-04-02,14,12,阴,西南风 2级
重庆,2021-04-03,17,13,阴,西风 2级
重庆,2021-04-04,17,15,阴,东北风 2级
重庆,2021-04-05,18,15,阴,东风 2级
重庆,2021-04-06,16,14,小雨,东北风 2级
重庆,2021-04-07,16,14,阴,西风 1级
重庆,2021-04-08,22,14,晴,东风 2级
重庆,2021-04-09,20,14,多云,东风 2级
重庆,2021-04-10,17,14,阴,东北风 2级
重庆,2021-04-11,19,15,小雨,东北风 2级
重庆,2021-04-12,21,15,多云,东风 1级
重庆,2021-04-13,21,17,阴,东风 2级
重庆,2021-04-14,21,17,阴,东北风 2级
重庆,2021-04-15,19,15,阴,东北风 1级
重庆,2021-04-16,18,16,阴,西南风 2级
重庆,2021-04-17,17,15,阴,东北风 1级
重庆,2021-04-18,16,14,阴,东北风 1级
重庆,2021-04-19,20,16,阴,东北风 2级
重庆,2021-04-20,20,16,阴,北风 1级
重庆,2021-04-21,23,14,多云,东北风 1级
重庆,2021-04-22,27,16,晴,东北风 2级
重庆,2021-04-23,24,20,阴,西北风 2级
重庆,2021-04-24,18,17,阴,北风 2级
重庆,2021-04-25,19,16,阴,东北风 2级
重庆,2021-04-26,23,15,多云,东南风 2级
重庆,2021-04-27,27,18,多云,东北风 1级
重庆,2021-04-28,23,15,阴,西风 2级
重庆,2021-04-29,22,16,晴,东风 2级
重庆,2021-04-30,32,18,晴,东北风 1级
重庆,2021-05-01,36,17,多云,东南风 2级
重庆,2021-05-02,36,22,小雨到大雨,东风 2级
重庆,2021-05-03,27,20,阴,北风 2级
重庆,2021-05-04,26,17,小雨转阴,西北风 2级
重庆,2021-05-05,19,15,小雨到中雨,西北风 2级
重庆,2021-05-06,20,15,多云,东北风 1级
重庆,2021-05-07,26,17,阴,西南风 1级
重庆,2021-05-08,28,18,晴,东风 1级
重庆,2021-05-09,33,21,阴,东北风 2级
重庆,2021-05-10,28,21,晴,西北风 1级
重庆,2021-05-11,20,12,阴,南风 1级
重庆,2021-05-12,29,21,阴,东北风 1级
重庆,2021-05-13,21,19,阴,东南风 3级
重庆,2021-05-14,30,21,多云,东北风 2级
重庆,2021-05-15,27,21,阴,西北风 2级
重庆,2021-05-16,27,18,多云,西风 2级
重庆,2021-05-17,25,18,多云,东北风 2级
重庆,2021-05-18,26,18,多云,东北风 2级
重庆,2021-05-19,24,21,阴,西南风 1级
重庆,2021-05-20,27,21,阴,西南风 1级
重庆,2021-05-21,23,22,阴,东北风 1级
重庆,2021-05-22,23,20,阴,东风 1级
重庆,2021-05-23,18,15,阴,西风 2级
重庆,2021-05-24,22,16,阴,南风 1级
重庆,2021-05-25,21,17,小雨转阴,东北风 1级
重庆,2021-05-26,23,18,阴,南风 1级
重庆,2021-05-27,27,19,阴,东北风 1级
重庆,2021-05-28,25,20,阴,东北风 1级
重庆,2021-05-29,23,20,阴,东南风 1级
重庆,2021-05-30,25,18,多云,东风 1级
重庆,2021-05-31,31,22,多云,南风 1级
重庆,2021-06-01,32,23,多云,西北风 1级
重庆,2021-06-02,27,23,多云,东南风 2级
重庆,2021-06-03,23,17,阴,西北风 2级
重庆,2021-06-04,28,16,多云,东风 1级
重庆,2021-06-05,32,21,阴,东风 1级
重庆,2021-06-06,34,22,阴,东北风 1级
重庆,2021-06-07,30,22,阴,西南风 2级
重庆,2021-06-08,26,22,阴,西风 2级
重庆,2021-06-09,21,19,阴,西北风 1级
重庆,2021-06-10,26,21,晴,西南风 1级
重庆,2021-06-11,30,22,多云,东风 1级
重庆,2021-06-12,32,24,多云,东北风 2级
重庆,2021-06-13,34,25,多云,东南风 2级
重庆,2021-06-14,35,26,多云,东风 2级
重庆,2021-06-15,34,25,阴,东风 1级
重庆,2021-06-16,34,22,阴,北风 2级
重庆,2021-06-17,26,22,阴,西风 2级
重庆,2021-06-18,21,18,阴,西南风 2级
重庆,2021-06-19,21,19,多云,西南风 1级
重庆,2021-06-20,26,21,多云,东北风 1级
重庆,2021-06-21,30,23,多云,东风 1级
重庆,2021-06-22,32,23,多云,东风 1级
重庆,2021-06-23,34,25,阴,东风 2级
重庆,2021-06-24,28,25,小雨转多云,东北风 2级
重庆,2021-06-25,23,22,多云,西北风 2级
重庆,2021-06-26,32,24,阴,西北风 1级
重庆,2021-06-27,24,23,阴,西南风 1级
重庆,2021-06-28,26,22,阴,东风 1级
重庆,2021-06-29,30,25,多云,东北风 1级
重庆,2021-06-30,31,23,阴,东北风 1级
重庆,2021-07-01,25,23,小雨,东风 1级
重庆,2021-07-02,26,23,多云,北风 1级
重庆,2021-07-03,30,23,多云,西风 2级
重庆,2021-07-04,26,23,阴,东北风 2级
重庆,2021-07-05,29,25,阴,北风 1级
重庆,2021-07-06,25,23,阴,西北风 1级
重庆,2021-07-07,32,16,小雨到中雨,东南风 1级
重庆,2021-07-08,24,24,阴,东北风 2级
重庆,2021-07-09,31,26,阴,东北风 2级
重庆,2021-07-10,33,24,阴,东南风 2级
重庆,2021-07-11,25,23,阴,东风 2级
重庆,2021-07-12,30,24,晴,东北风 1级
重庆,2021-07-13,35,26,晴,东风 1级
重庆,2021-07-14,36,27,阴,东南风 2级
重庆,2021-07-15,35,27,小雨,东风 2级
重庆,2021-07-16,24,23,阴,西风 1级
重庆,2021-07-17,31,23,多云,西南风 1级
重庆,2021-07-18,32,24,阴,西南风 1级
重庆,2021-07-19,32,24,多云,东风 1级
重庆,2021-07-20,35,25,阴,东风 1级
重庆,2021-07-21,36,25,多云,东风 1级
重庆,2021-07-22,34,24,晴,东风 2级
重庆,2021-07-23,37,27,阴,东风 2级
重庆,2021-07-24,34,25,晴,东北风 2级
重庆,2021-07-25,35,27,多云,东北风 1级
重庆,2021-07-26,37,27,多云,北风 1级
重庆,2021-07-27,33,24,多云,西风 2级
重庆,2021-07-28,35,26,晴,西风 2级
重庆,2021-07-29,36,27,晴,西南风 1级
重庆,2021-07-30,38,28,多云,西南风 1级
重庆,2021-07-31,37,25,多云,西南风 2级
重庆,2021-08-01,37,25,晴,北风 1级
重庆,2021-08-02,39,26,晴,东风 1级
重庆,2021-08-03,39,27,晴,东风 2级
重庆,2021-08-04,40,30,晴,东南风 1级
重庆,2021-08-05,37,24,阴,东风 1级
重庆,2021-08-06,36,28,多云,西南风 1级
重庆,2021-08-07,29,26,阴,东北风 2级
重庆,2021-08-08,27,24,多云,东北风 1级
重庆,2021-08-09,30,27,多云,西南风 2级
重庆,2021-08-10,30,24,多云,东风 1级
重庆,2021-08-11,24,23,多云,东北风 2级
重庆,2021-08-12,31,22,小雨,东北风 1级
重庆,2021-08-13,24,21,多云,西风 1级
重庆,2021-08-14,23,21,多云,东北风 2级
重庆,2021-08-15,28,23,多云,东北风 2级
重庆,2021-08-16,27,16,多云,东南风 2级
重庆,2021-08-17,35,25,多云,东风 2级
重庆,2021-08-18,36,27,多云,东风 1级
重庆,2021-08-19,35,26,阴,东风 1级
重庆,2021-08-20,36,28,多云,南风 2级
重庆,2021-08-21,36,29,多云,东南风 2级
重庆,2021-08-22,32,23,小雨,东风 2级
重庆,2021-08-23,23,21,多云,西南风 2级
重庆,2021-08-24,30,24,多云,东北风 1级
重庆,2021-08-25,26,18,中雨,东北风 2级
重庆,2021-08-26,21,19,小雨到中雨,东北风 1级
重庆,2021-08-27,23,17,晴,南风 2级
重庆,2021-08-28,20,19,小雨到中雨,北风 1级
重庆,2021-08-29,22,19,多云,西北风 1级
重庆,2021-08-30,31,22,多云,东北风 1级
重庆,2021-08-31,29,22,多云,西风 2级
重庆,2021-09-01,31,25,晴,西风 1级
重庆,2021-09-02,34,24,多云,东北风 3级
重庆,2021-09-03,34,26,多云,东北风 3级
重庆,2021-09-04,32,21,小雨,西风 2级
重庆,2021-09-05,30,23,多云,西北风 2级
重庆,2021-09-06,25,15,多云,西风 2级
重庆,2021-09-07,30,21,多云,北风 1级
重庆,2021-09-08,27,21,多云,西北风 1级
重庆,2021-09-09,24,21,阴,东北风 0级
重庆,2021-09-10,30,20,多云,东北风 1级
重庆,2021-09-11,26,21,小雨到中雨,东风 1级
重庆,2021-09-12,26,21,多云,西南风 1级
重庆,2021-09-13,31,22,晴,西北风 1级
重庆,2021-09-14,32,24,小雨,东南风 2级
重庆,2021-09-15,29,21,多云,东北风 3级
重庆,2021-09-16,23,21,多云,西南风 2级
重庆,2021-09-17,25,20,阴,东北风 2级
重庆,2021-09-18,18,17,多云,北风 3级
重庆,2021-09-19,27,18,晴,西风 1级
重庆,2021-09-20,30,18,晴,西南风 1级
重庆,2021-09-21,33,21,晴,西北风 1级
重庆,2021-09-22,34,24,多云,西北风 1级
重庆,2021-09-23,34,25,多云,西风 1级
重庆,2021-09-24,35,23,晴,南风 3级
重庆,2021-09-25,34,25,晴,东风 2级
重庆,2021-09-26,34,20,多云,南风 1级
重庆,2021-09-27,25,21,晴,西风 2级
重庆,2021-09-28,24,18,晴,西南风 2级
重庆,2021-09-29,29,19,晴,西北风 1级
重庆,2021-09-30,32,21,晴,北风 1级
重庆,2021-10-01,32,23,晴,北风 1级
重庆,2021-10-02,35,24,晴,东北风 2级
重庆,2021-10-03,35,26,晴,东风 3级
重庆,2021-10-04,35,25,多云,东南风 3级
重庆,2021-10-05,30,22,多云,西北风 2级
重庆,2021-10-06,27,19,多云,西南风 2级
重庆,2021-10-07,18,17,多云,南风 2级
重庆,2021-10-08,23,17,晴,东北风 2级
重庆,2021-10-09,26,17,多云,西北风 2级
重庆,2021-10-10,20,14,小雨,南风 2级
重庆,2021-10-11,20,15,多云,西北风 1级
重庆,2021-10-12,20,15,多云,东风 0级
重庆,2021-10-13,20,15,多云,西北风 1级
重庆,2021-10-14,19,14,多云,西北风 2级
重庆,2021-10-15,16,14,多云,西北风 1级
重庆,2021-10-16,14,12,小雨,西北风 2级
重庆,2021-10-17,15,13,多云,东北风 3级
重庆,2021-10-18,16,12,多云,西北风 1级
重庆,2021-10-19,16,14,多云,东北风 2级
重庆,2021-10-20,15,14,多云,西北风 2级
重庆,2021-10-21,18,14,多云,西北风 1级
重庆,2021-10-22,17,11,晴,东北风 2级
重庆,2021-10-23,14,8,多云,南风 1级
重庆,2021-10-24,22,14,多云,西北风 1级
重庆,2021-10-25,18,15,多云,东北风 2级
重庆,2021-10-26,16,14,阴,东南风 1级
重庆,2021-10-27,19,15,多云,北风 1级
重庆,2021-10-28,18,14,阴,东北风 1级
重庆,2021-10-29,18,13,多云,东风 1级
重庆,2021-10-30,18,12,阴,东北风 2级
重庆,2021-10-31,18,15,多云,东北风 2级
重庆,2021-11-01,17,13,小雨,东北风 3级
重庆,2021-11-02,16,14,多云,东北风 3级
重庆,2021-11-03,15,13,多云,东北风 2级
重庆,2021-11-04,17,14,多云,东北风 3级
重庆,2021-11-05,21,14,晴,北风 1级
重庆,2021-11-06,23,8,小雨,东风 1级
重庆,2021-11-07,8,0,多云,北风 2级
重庆,2021-11-08,11,7,晴,北风 1级
重庆,2021-11-09,11,5,多云,西南风 2级
重庆,2021-11-10,15,7,多云,北风 1级
重庆,2021-11-11,9,7,阴,西南风 0级
重庆,2021-11-12,12,7,阴,北风 1级
重庆,2021-11-13,14,6,阴,西南风 1级
重庆,2021-11-14,18,5,阴,东南风 1级
重庆,2021-11-15,12,8,小雨,西风 1级
重庆,2021-11-16,11,6,多云,西风 3级
重庆,2021-11-17,12,7,多云,东北风 1级
重庆,2021-11-18,12,7,晴,西北风 2级
重庆,2021-11-19,11,10,阴,东北风 1级
重庆,2021-11-20,11,10,阴,西风 1级
重庆,2021-11-21,11,7,小雨,西南风 1级
重庆,2021-11-22,10,7,小雨,东北风 1级
重庆,2021-11-23,13,7,多云,西风 1级
重庆,2021-11-24,13,6,晴,西风 3级
重庆,2021-11-25,16,6,阴,东北风 2级
重庆,2021-11-26,16,8,阴,西风 1级
重庆,2021-11-27,14,11,阴,东北风 1级
重庆,2021-11-28,15,11,阴,北风 1级
重庆,2021-11-29,10,5,多云,西北风 2级
重庆,2021-11-30,15,6,晴,东北风 2级
重庆,2021-12-01,15,7,多云,东南风 2级
重庆,2021-12-02,16,5,多云,西风 1级
重庆,2021-12-03,16,8,多云,东北风 1级
重庆,2021-12-04,12,8,阴,东北风 2级
重庆,2021-12-05,17,8,晴,东风 2级
重庆,2021-12-06,14,11,多云,西风 2级
重庆,2021-12-07,14,11,多云,东北风 3级
重庆,2021-12-08,11,9,阴,西风 1级
重庆,2021-12-09,13,9,阴,东北风 2级
重庆,2021-12-10,12,9,阴,西风 1级
重庆,2021-12-11,10,8,小雨,西风 2级
重庆,2021-12-12,10,8,阴,东北风 2级
重庆,2021-12-13,15,9,多云,东北风 3级
重庆,2021-12-14,12,10,多云,东北风 2级
重庆,2021-12-15,11,8,阴,东北风 1级
重庆,2021-12-16,12,7,多云,西北风 1级
重庆,2021-12-17,11,3,多云,东南风 2级
重庆,2021-12-18,7,6,阴,北风 1级
重庆,2021-12-19,11,6,阴,东北风 1级
重庆,2021-12-20,11,6,阴,东南风 1级
重庆,2021-12-21,14,7,多云,西南风 1级
重庆,2021-12-22,15,6,晴,西北风 1级
重庆,2021-12-23,9,7,阴,西风 2级
重庆,2021-12-24,12,2,小雪,东北风 3级
重庆,2021-12-25,11,6,多云,东北风 3级
重庆,2021-12-26,7,4,小雨,东北风 3级
重庆,2021-12-27,6,5,多云,东北风 2级
重庆,2021-12-28,7,6,多云,北风 1级
重庆,2021-12-29,10,6,阴,东风 1级
重庆,2021-12-30,6,5,阴,西风 1级
重庆,2021-12-31,8,4,阴,东南风 1级
重庆,2022-01-01,10,4,晴,西北风 1级
重庆,2022-01-02,11,6,多云,西风 5级
重庆,2022-01-03,9,7,阴,东北风 1级
重庆,2022-01-04,8,4,晴,东北风 1级
重庆,2022-01-05,10,7,阴,东北风 2级
重庆,2022-01-06,10,7,阴,东北风 2级
重庆,2022-01-07,8,7,阴,东北风 2级
重庆,2022-01-08,9,4,多云,西北风 1级
重庆,2022-01-09,13,7,多云,东北风 3级
重庆,2022-01-10,12,5,多云,西风 2级
重庆,2022-01-11,13,8,阴,东北风 3级
重庆,2022-01-12,11,8,阴,西北风 1级
重庆,2022-01-13,10,6,阴,东风 3级
重庆,2022-01-14,12,9,多云,东北风 3级
重庆,2022-01-15,9,7,晴,东北风 1级
重庆,2022-01-16,10,6,多云,西北风 1级
重庆,2022-01-17,17,-2,晴,东风 1级
重庆,2022-01-18,16,5,晴,东北风 1级
重庆,2022-01-19,11,4,多云,东风 2级
重庆,2022-01-20,12,7,多云,东南风 2级
重庆,2022-01-21,11,8,阴,东北风 1级
重庆,2022-01-22,9,7,阴,北风 2级
重庆,2022-01-23,10,7,阴,东风 1级
重庆,2022-01-24,8,6,多云,东南风 1级
重庆,2022-01-25,10,7,多云,东北风 1级
重庆,2022-01-26,8,6,多云,东北风 3级
重庆,2022-01-27,7,5,阴,东北风 3级
重庆,2022-01-28,7,5,小雨,东北风 2级
重庆,2022-01-29,6,1,多云,东风 1级
重庆,2022-01-30,8,5,多云,东南风 1级
重庆,2022-01-31,7,5,阴,东北风 3级
重庆,2022-02-01,9,6,小雨,东北风 2级
重庆,2022-02-02,8,5,多云,东南风 1级
重庆,2022-02-03,11,7,多云,北风 1级
重庆,2022-02-04,11,8,多云,东风 1级
重庆,2022-02-05,10,7,多云,东北风 1级
重庆,2022-02-06,8,5,多云,东风 3级
重庆,2022-02-07,8,6,多云,东北风 3级
重庆,2022-02-08,7,6,多云,东风 1级
重庆,2022-02-09,9,7,小雨,东北风 2级
重庆,2022-02-10,8,7,多云,东风 1级
重庆,2022-02-11,11,7,多云,东北风 2级
重庆,2022-02-12,13,6,多云,东风 1级
重庆,2022-02-13,16,5,多云,东北风 3级
重庆,2022-02-14,17,9,多云,北风 3级
重庆,2022-02-15,18,11,多云,北风 2级
重庆,2022-02-16,14,9,多云,东北风 1级
重庆,2022-02-17,13,9,多云,东南风 2级
重庆,2022-02-18,12,8,多云,北风 2级
重庆,2022-02-19,7,5,小雨,西南风 1级
重庆,2022-02-20,9,5,多云,东北风 3级
重庆,2022-02-21,7,6,多云,东北风 1级
重庆,2022-02-22,8,3,小雨,西南风 1级
重庆,2022-02-23,13,6,多云,东北风 1级
重庆,2022-02-24,13,9,多云,东北风 1级
重庆,2022-02-25,14,9,阴,北风 2级
重庆,2022-02-26,17,8,多云,西南风 1级
重庆,2022-02-27,17,11,多云,东北风 3级
重庆,2022-02-28,19,11,阴,东风 2级
重庆,2022-03-01,16,9,晴,东南风 2级
重庆,2022-03-02,16,10,阴,东北风 2级
重庆,2022-03-03,18,8,多云,东北风 1级
重庆,2022-03-04,19,9,晴,东风 2级
重庆,2022-03-05,18,11,阴,东北风 3级
重庆,2022-03-06,22,9,晴,北风 1级
重庆,2022-03-07,23,10,晴,东北风 4级
重庆,2022-03-08,23,12,晴,东北风 1级
重庆,2022-03-09,22,11,晴,东南风 2级
重庆,2022-03-10,27,15,多云,东风 2级
重庆,2022-03-11,28,18,多云,东南风 2级
重庆,2022-03-12,29,13,多云,南风 2级
重庆,2022-03-13,29,18,晴,东北风 3级
重庆,2022-03-14,27,19,晴,南风 2级
重庆,2022-03-15,29,19,多云,东南风 3级
重庆,2022-03-16,26,20,多云,东北风 1级
重庆,2022-03-17,27,14,多云,东南风 2级
重庆,2022-03-18,30,17,多云,东北风 3级
重庆,2022-03-19,27,16,多云,东风 1级
重庆,2022-03-20,21,13,多云,西南风 2级
重庆,2022-03-21,15,11,多云,东北风 2级
重庆,2022-03-22,11,8,多云,东北风 2级
重庆,2022-03-23,16,10,多云,东北风 3级
重庆,2022-03-24,20,11,多云,东北风 1级
重庆,2022-03-25,19,11,小雨,北风 1级
重庆,2022-03-26,14,11,小雨,西北风 2级
重庆,2022-03-27,15,10,晴,东风 1级
重庆,2022-03-28,24,11,多云,东风 1级
重庆,2022-03-29,24,15,多云,东北风 2级
重庆,2022-03-30,20,13,小雨,北风 2级
重庆,2022-03-31,13,11,中雨,东北风 2级
重庆,2022-04-01,13,10,阴,西南风 2级
重庆,2022-04-02,19,10,晴,西南风 3级
重庆,2022-04-03,22,11,多云,东风 3级
重庆,2022-04-04,15,11,多云,东风 1级
重庆,2022-04-05,19,12,多云,东北风 2级
重庆,2022-04-06,20,11,晴,南风 1级
重庆,2022-04-07,27,10,晴,南风 1级
重庆,2022-04-08,28,16,多云,东北风 2级
重庆,2022-04-09,27,18,晴,东南风 1级
重庆,2022-04-10,29,17,晴,东北风 2级
重庆,2022-04-11,32,20,多云,西风 2级
重庆,2022-04-12,23,9,多云,西北风 2级
重庆,2022-04-13,24,14,多云,东南风 3级
重庆,2022-04-14,17,13,小雨,东北风 2级
重庆,2022-04-15,10,6,小雨到中雨,东南风 2级
重庆,2022-04-16,12,9,多云,东南风 1级
重庆,2022-04-17,14,11,小雨,西南风 2级
重庆,2022-04-18,18,10,多云,东风 1级
重庆,2022-04-19,22,13,阴,东北风 2级
重庆,2022-04-20,25,14,晴,东北风 1级
重庆,2022-04-21,28,16,多云,东北风 3级
重庆,2022-04-22,28,14,小雨,西南风 1级
重庆,2022-04-23,28,19,多云,东风 3级
重庆,2022-04-24,24,17,多云,西风 2级
重庆,2022-04-25,26,18,多云,西风 1级
重庆,2022-04-26,28,18,晴,东北风 2级
重庆,2022-04-27,28,19,多云,北风 3级
重庆,2022-04-28,23,15,多云,东风 1级
重庆,2022-04-29,24,15,多云,东南风 2级
重庆,2022-04-30,18,14,小雨,西北风 2级
重庆,2022-05-01,17,12,多云,西南风 2级
重庆,2022-05-02,21,10,多云,西北风 2级
重庆,2022-05-03,25,13,多云,东北风 1级
重庆,2022-05-04,29,15,晴,东风 2级
重庆,2022-05-05,31,19,多云,西北风 2级
重庆,2022-05-06,32,20,多云,南风 2级
重庆,2022-05-07,31,21,晴,东南风 3级
重庆,2022-05-08,31,21,多云,东风 3级
重庆,2022-05-09,21,14,多云,东风 1级
重庆,2022-05-10,27,18,多云,东北风 2级
重庆,2022-05-11,23,19,多云,南风 1级
重庆,2022-05-12,28,19,多云,东北风 2级
重庆,2022-05-13,28,18,多云,东南风 3级
重庆,2022-05-14,18,13,小雨,南风 3级
重庆,2022-05-15,16,12,多云,西南风 2级
重庆,2022-05-16,21,13,多云,东北风 1级
重庆,2022-05-17,17,11,小雨,东风 2级
重庆,2022-05-18,29,16,多云,西南风 3级
重庆,2022-05-19,19,15,多云,东南风 2级
重庆,2022-05-20,24,13,多云,西南风 1级
重庆,2022-05-21,22,19,多云,东北风 1级
重庆,2022-05-22,23,16,多云,东南风 1级
重庆,2022-05-23,27,19,多云,北风 1级
重庆,2022-05-24,30,22,多云,北风 2级
重庆,2022-05-25,27,14,多云,东风 1级
重庆,2022-05-26,25,18,多云,东风 2级
重庆,2022-05-27,23,19,阴到小雨,东风 1级
重庆,2022-05-28,25,15,晴,西南风 2级
重庆,2022-05-29,26,18,多云,西南风 2级
重庆,2022-05-30,28,19,多云,东南风 2级
重庆,2022-05-31,31,21,多云,东北风 2级
重庆,2022-06-01,30,22,多云,西南风 1级
重庆,2022-06-02,29,21,晴,西风 1级
重庆,2022-06-03,29,22,多云,南风 1级
重庆,2022-06-04,27,19,多云,西风 1级
重庆,2022-06-05,19,17,多云,南风 1级
重庆,2022-06-06,29,22,多云,南风 2级
重庆,2022-06-07,30,21,多云,南风 2级
重庆,2022-06-08,29,22,多云,东北风 1级
重庆,2022-06-09,25,20,多云,南风 2级
重庆,2022-06-10,25,20,多云,西南风 2级
重庆,2022-06-11,24,21,阴,北风 2级
重庆,2022-06-12,23,19,多云,东风 1级
重庆,2022-06-13,26,19,晴,西南风 1级
重庆,2022-06-14,30,21,多云,东风 2级
重庆,2022-06-15,31,21,多云,西南风 2级
重庆,2022-06-16,28,22,多云,西南风 2级
重庆,2022-06-17,30,24,多云,东风 1级
重庆,2022-06-18,30,23,多云,西风 1级
重庆,2022-06-19,28,20,多云,北风 1级
重庆,2022-06-20,32,25,多云,东北风 1级
重庆,2022-06-21,30,22,多云,东南风 1级
重庆,2022-06-22,30,25,小雨,东北风 3级
重庆,2022-06-23,28,23,小雨到中雨,南风 2级
重庆,2022-06-24,31,23,晴,南风 1级
重庆,2022-06-25,35,25,多云,东风 1级
重庆,2022-06-26,36,25,中雨,西北风 2级
重庆,2022-06-27,27,23,多云,西南风 2级
重庆,2022-06-28,28,18,多云,东北风 1级
重庆,2022-06-29,35,24,晴,北风 2级
重庆,2022-06-30,37,25,小雨,西南风 1级
重庆,2022-07-01,31,23,中雨到大雨,北风 2级
重庆,2022-07-02,31,23,多云,西南风 3级
重庆,2022-07-03,30,23,多云,西南风 1级
重庆,2022-07-04,35,23,多云,东风 1级
重庆,2022-07-05,35,22,多云,西风 1级
重庆,2022-07-06,39,29,晴,东风 2级
重庆,2022-07-07,36,26,晴,东北风 2级
重庆,2022-07-08,35,23,多云,南风 1级
重庆,2022-07-09,38,26,多云,东南风 2级
重庆,2022-07-10,39,23,晴,东南风 1级
重庆,2022-07-11,38,30,多云,东南风 3级
重庆,2022-07-12,38,25,多云,东南风 2级
重庆,2022-07-13,39,31,多云,东风 2级
重庆,2022-07-14,39,23,晴,东南风 1级
重庆,2022-07-15,39,30,多云,东风 2级
重庆,2022-07-16,39,29,多云,东北风 2级
重庆,2022-07-17,31,22,多云,东南风 2级
重庆,2022-07-18,31,23,多云,西南风 1级
重庆,2022-07-19,30,22,多云,西风 2级
重庆,2022-07-20,27,19,多云,东南风 1级
重庆,2022-07-21,32,24,多云,东风 1级
重庆,2022-07-22,27,20,多云,西风 2级
重庆,2022-07-23,31,20,晴,南风 0级
重庆,2022-07-24,33,23,晴,东北风 1级
重庆,2022-07-25,36,27,晴,东北风 2级
重庆,2022-07-26,37,24,多云,东北风 2级
重庆,2022-07-27,32,24,小雨,西南风 2级
重庆,2022-07-28,35,26,晴,东北风 2级
重庆,2022-07-29,37,24,晴,东南风 1级
重庆,2022-07-30,39,28,多云,西南风 2级
重庆,2022-07-31,37,28,晴,东风 3级
重庆,2022-08-01,39,30,多云,西风 2级
重庆,2022-08-02,37,30,多云,东南风 1级
重庆,2022-08-03,39,29,多云,东风 2级
重庆,2022-08-04,40,29,多云,东风 1级
重庆,2022-08-05,38,29,多云,南风 2级
重庆,2022-08-06,37,30,晴,东南风 1级
重庆,2022-08-07,39,31,多云,东南风 3级
重庆,2022-08-08,39,31,多云,东风 2级
重庆,2022-08-09,41,31,多云,东南风 3级
重庆,2022-08-10,41,33,多云,东南风 2级
重庆,2022-08-11,41,32,多云,南风 2级
重庆,2022-08-12,40,33,晴,东风 3级
重庆,2022-08-13,42,33,晴,东南风 2级
重庆,2022-08-14,42,32,多云,东南风 1级
重庆,2022-08-15,41,33,多云,东风 1级
重庆,2022-08-16,42,33,多云,东风 3级
重庆,2022-08-17,43,33,多云,东南风 1级
重庆,2022-08-18,42,34,多云,东南风 3级
重庆,2022-08-19,43,34,多云,东南风 3级
重庆,2022-08-20,43,34,多云,东南风 1级
重庆,2022-08-21,42,34,多云,东南风 3级
重庆,2022-08-22,41,33,多云,东风 2级
重庆,2022-08-23,43,33,多云,东南风 1级
重庆,2022-08-24,42,33,多云,东风 3级
重庆,2022-08-25,42,34,多云,南风 2级
重庆,2022-08-26,38,33,多云,东南风 2级
重庆,2022-08-27,40,32,多云,东南风 2级
重庆,2022-08-28,40,31,多云,东北风 2级
重庆,2022-08-29,32,25,多云,西风 3级
重庆,2022-08-30,24,22,多云,西风 2级
重庆,2022-08-31,27,20,小雨,北风 1级
重庆,2022-09-01,23,20,小雨,东风 1级
重庆,2022-09-02,24,22,多云,北风 2级
重庆,2022-09-03,23,19,小雨,东北风 3级
重庆,2022-09-04,29,22,多云,西南风 2级
重庆,2022-09-05,34,22,多云,东南风 1级
重庆,2022-09-06,35,24,多云,东风 1级
重庆,2022-09-07,34,26,多云,东风 3级
重庆,2022-09-08,28,24,多云,西北风 2级
重庆,2022-09-09,23,22,小雨,西南风 2级
重庆,2022-09-10,29,21,多云,西风 2级
重庆,2022-09-11,33,23,晴,北风 1级
重庆,2022-09-12,34,23,多云,东风 1级
重庆,2022-09-13,35,26,多云,东风 4级
重庆,2022-09-14,35,25,多云,东北风 3级
重庆,2022-09-15,25,22,阴,西南风 2级
重庆,2022-09-16,28,24,多云,北风 2级
重庆,2022-09-17,32,25,多云,西北风 2级
重庆,2022-09-18,32,25,多云,西北风 3级
重庆,2022-09-19,35,24,多云,东北风 2级
重庆,2022-09-20,25,21,大雨,西南风 2级
重庆,2022-09-21,23,21,小雨,东北风 3级
重庆,2022-09-22,22,20,中雨,西北风 2级
重庆,2022-09-23,20,19,小雨,北风 1级
重庆,2022-09-24,19,18,小雨,东风 1级
重庆,2022-09-25,23,18,小雨,东南风 2级
重庆,2022-09-26,26,21,多云,北风 2级
重庆,2022-09-27,21,19,小雨,西风 2级
重庆,2022-09-28,25,18,多云,东北风 1级
重庆,2022-09-29,28,20,多云,东北风 2级
重庆,2022-09-30,31,22,晴,东北风 2级
重庆,2022-10-01,35,23,晴,东风 2级
重庆,2022-10-02,36,26,晴,东风 2级
重庆,2022-10-03,37,22,多云,北风 3级
重庆,2022-10-04,22,20,多云,西风 1级
重庆,2022-10-05,22,17,多云,东北风 3级
重庆,2022-10-06,16,15,小雨,西南风 2级
重庆,2022-10-07,16,15,多云,东北风 2级
重庆,2022-10-08,16,15,小雨,西风 1级
重庆,2022-10-09,18,14,小雨,西南风 2级
重庆,2022-10-10,21,15,多云,西风 2级
重庆,2022-10-11,24,17,多云,东北风 1级
重庆,2022-10-12,22,17,多云,西北风 2级
重庆,2022-10-13,19,17,多云,西风 2级
重庆,2022-10-14,19,17,多云,西风 1级
重庆,2022-10-15,22,16,多云,西北风 1级
重庆,2022-10-16,26,17,多云,西南风 2级
重庆,2022-10-17,27,15,多云,西风 1级
重庆,2022-10-18,27,15,晴,东风 2级
重庆,2022-10-19,28,16,晴,东风 2级
重庆,2022-10-20,28,16,晴,东北风 3级
重庆,2022-10-21,28,18,晴,北风 1级
重庆,2022-10-22,26,20,多云,东北风 1级
重庆,2022-10-23,23,19,多云,东南风 2级
重庆,2022-10-24,23,19,阴,东北风 4级
重庆,2022-10-25,19,17,多云,西北风 2级
重庆,2022-10-26,19,17,多云,东北风 2级
重庆,2022-10-27,18,16,小雨,东北风 3级
重庆,2022-10-28,19,17,多云,东北风 3级
重庆,2022-10-29,19,15,多云,北风 1级
重庆,2022-10-30,20,15,多云,西风 1级
重庆,2022-10-31,25,14,多云,西风 1级
重庆,2022-11-01,25,14,晴,西风 2级
重庆,2022-11-02,26,16,晴,东北风 2级
重庆,2022-11-03,24,17,多云,东北风 1级
重庆,2022-11-04,18,16,多云,北风 1级
重庆,2022-11-05,21,15,多云,西北风 2级
重庆,2022-11-06,22,16,晴,东北风 1级
重庆,2022-11-07,24,17,多云,西风 2级
重庆,2022-11-08,21,17,多云,东北风 4级
重庆,2022-11-09,24,16,晴,东南风 2级
重庆,2022-11-10,24,18,多云,东北风 1级
重庆,2022-11-11,26,15,多云,东北风 2级
重庆,2022-11-12,17,13,多云,西风 2级
重庆,2022-11-13,15,13,多云,西北风 2级
重庆,2022-11-14,15,12,多云,东北风 1级
重庆,2022-11-15,17,14,多云,北风 2级
重庆,2022-11-16,18,13,多云,东北风 2级
重庆,2022-11-17,18,14,多云,西风 1级
重庆,2022-11-18,17,14,多云,南风 1级
重庆,2022-11-19,21,13,多云,东北风 3级
重庆,2022-11-20,19,16,多云,北风 2级
重庆,2022-11-21,20,14,多云,西北风 2级
重庆,2022-11-22,19,15,多云,东南风 2级
重庆,2022-11-23,16,14,小雨,东北风 1级
重庆,2022-11-24,17,15,多云,东北风 1级
重庆,2022-11-25,21,14,多云,东北风 3级
重庆,2022-11-26,19,16,多云,西北风 2级
重庆,2022-11-27,21,16,多云,西北风 2级
重庆,2022-11-28,24,13,多云,东北风 1级
重庆,2022-11-29,17,8,小雨,东北风 2级
重庆,2022-11-30,10,6,多云,东北风 3级
重庆,2022-12-01,7,5,小雨,西北风 1级
重庆,2022-12-02,9,6,多云,东北风 2级
重庆,2022-12-03,10,8,多云,西风 2级
重庆,2022-12-04,10,7,阴,东北风 1级
重庆,2022-12-05,13,8,多云,东北风 2级
重庆,2022-12-06,11,10,多云,西北风 1级
重庆,2022-12-07,12,10,多云,东北风 2级
重庆,2022-12-08,12,10,多云,东北风 2级
重庆,2022-12-09,12,10,多云,东北风 2级
重庆,2022-12-10,12,10,多云,东北风 3级
重庆,2022-12-11,14,11,多云,北风 2级
重庆,2022-12-12,12,10,多云,西北风 1级
重庆,2022-12-13,11,8,多云,西风 1级
重庆,2022-12-14,11,9,多云,东北风 3级
重庆,2022-12-15,10,7,多云,西南风 2级
重庆,2022-12-16,10,7,多云,东北风 3级
重庆,2022-12-17,8,3,阴,西南风 2级
重庆,2022-12-18,9,4,多云,东北风 1级
重庆,2022-12-19,11,6,多云,西风 2级
重庆,2022-12-20,9,5,多云,西南风 1级
重庆,2022-12-21,14,5,多云,东北风 2级
重庆,2022-12-22,10,7,多云,东北风 1级
重庆,2022-12-23,14,8,多云,西风 2级
重庆,2022-12-24,15,10,多云,东北风 4级
重庆,2022-12-25,11,8,多云,东北风 3级
重庆,2022-12-26,8,7,多云,东风 1级
重庆,2022-12-27,8,6,小雨,北风 2级
重庆,2022-12-28,8,7,多云,东北风 2级
重庆,2022-12-29,8,5,小雨,东南风 1级
重庆,2022-12-30,11,7,多云,西风 1级
重庆,2022-12-31,8,6,多云,西风 2级
