广州,2018-01-01,20,11,晴,东北风 2级
广州,2018-01-02,21,12,多云,东风 2级
广州,2018-01-03,24,15,阴,东北风 2级
广州,2018-01-04,23,14,多云,东南风 2级
广州,2018-01-05,18,13,多云,北风 3级
广州,2018-01-06,15,12,雨,东北风 2级
广州,2018-01-07,17,9,阴,东北风 2级
广州,2018-01-08,18,7,雨,北风 4级
广州,2018-01-09,11,5,阴,北风 3级
广州,2018-01-10,13,6,阴,北风 3级
广州,2018-01-11,17,6,晴,北风 3级
广州,2018-01-12,16,5,晴,北风 3级
广州,2018-01-13,19,6,晴,东北风 2级
广州,2018-01-14,19,7,晴,东北风 2级
广州,2018-01-15,21,8,晴,东北风 1级
广州,2018-01-16,22,14,晴,西北风 1级
广州,2018-01-17,25,12,晴,北风 2级
广州,2018-01-18,25,12,霾,东北风 1级
广州,2018-01-19,23,16,多云,东风 2级
广州,2018-01-20,24,16,霾,东北风 1级
广州,2018-01-21,23,16,多云,东风 1级
广州,2018-01-22,24,15,多云,北风 2级
广州,2018-01-23,21,14,多云,东北风 2级
广州,2018-01-24,22,15,多云,东北风 2级
广州,2018-01-25,22,12,多云,东南风 2级
广州,2018-01-26,15,10,多云,北风 3级
广州,2018-01-27,17,9,多云,东北风 2级
广州,2018-01-28,12,5,阴,北风 3级
广州,2018-01-29,7,5,阴,北风 3级
广州,2018-01-30,7,4,雨,北风 3级
广州,2018-01-31,8,3,多云,北风 3级
广州,2018-02-01,13,4,晴,北风 3级
广州,2018-02-02,10,4,晴,北风 3级
广州,2018-02-03,13,6,晴,北风 3级
广州,2018-02-04,12,4,晴,北风 3级
广州,2018-02-05,13,4,晴,北风 3级
广州,2018-02-06,16,4,晴,北风 2级
广州,2018-02-07,14,4,多云,北风 2级
广州,2018-02-08,18,7,晴,东北风 2级
广州,2018-02-09,16,9,晴,东南风 1级
广州,2018-02-10,20,13,晴,北风 3级
广州,2018-02-11,17,11,多云,北风 3级
广州,2018-02-12,19,9,晴,北风 3级
广州,2018-02-13,21,8,晴,东风 2级
广州,2018-02-14,23,11,多云,南风 3级
广州,2018-02-15,25,14,晴,南风 2级
广州,2018-02-16,26,15,晴,西北风 2级
广州,2018-02-17,22,13,晴,东南风 2级
广州,2018-02-18,23,16,阴,东南风 2级
广州,2018-02-19,28,18,阴,南风 2级
广州,2018-02-20,27,18,阴,南风 2级
广州,2018-02-21,20,14,阴,东北风 2级
广州,2018-02-22,14,10,雨,北风 3级
广州,2018-02-23,16,10,阴,东北风 2级
广州,2018-02-24,20,13,多云,东北风 1级
广州,2018-02-25,19,13,晴,北风 2级
广州,2018-02-26,22,12,晴,东北风 2级
广州,2018-02-27,25,15,多云,南风 3级
广州,2018-02-28,27,18,多云,南风 2级
广州,2018-03-01,27,18,多云,南风 3级
广州,2018-03-02,27,19,晴,东南风 3级
广州,2018-03-03,27,20,阴,南风 3级
广州,2018-03-04,26,20,多云,南风 3级
广州,2018-03-05,27,20,雨,南风 2级
广州,2018-03-06,23,18,阴,东风 3级
广州,2018-03-07,23,13,雨,东北风 2级
广州,2018-03-08,20,9,多云,北风 4级
广州,2018-03-09,19,9,晴,北风 3级
广州,2018-03-10,22,7,晴,东风 2级
广州,2018-03-11,20,10,晴,东南风 2级
广州,2018-03-12,25,13,晴,南风 2级
广州,2018-03-13,26,16,多云,南风 3级
广州,2018-03-14,24,17,雨,南风 3级
广州,2018-03-15,25,17,多云,南风 2级
广州,2018-03-16,28,19,晴,东南风 2级
广州,2018-03-17,25,19,多云,东南风 3级
广州,2018-03-18,25,18,多云,东南风 3级
广州,2018-03-19,23,13,雨,南风 2级
广州,2018-03-20,20,12,晴,北风 4级
广州,2018-03-21,21,11,晴,北风 3级
广州,2018-03-22,24,11,晴,东北风 2级
广州,2018-03-23,26,14,晴,东南风 2级
广州,2018-03-24,25,15,多云,东南风 3级
广州,2018-03-25,25,17,雨,南风 2级
广州,2018-03-26,25,18,多云,西北风 2级
广州,2018-03-27,28,18,多云,北风 2级
广州,2018-03-28,27,17,晴,南风 2级
广州,2018-03-29,27,19,多云,南风 2级
广州,2018-03-30,27,19,雨,南风 2级
广州,2018-03-31,28,0,阴,南风 3级
广州,2018-04-01,29,20,晴,南风 2级
广州,2018-04-02,29,20,多云,南风 3级
广州,2018-04-03,29,21,晴,南风 3级
广州,2018-04-04,30,21,晴,南风 3级
广州,2018-04-05,29,21,阴,南风 3级
广州,2018-04-06,21,14,阴,北风 3级
广州,2018-04-07,20,12,阴,东北风 4级
广州,2018-04-08,25,11,多云,东风 2级
广州,2018-04-09,27,13,晴,南风 3级
广州,2018-04-10,28,15,晴,南风 3级
广州,2018-04-11,29,21,多云,南风 3级
广州,2018-04-12,28,23,多云,南风 3级
广州,2018-04-13,30,23,多云,南风 3级
广州,2018-04-14,27,24,雨,南风 3级
广州,2018-04-15,20,16,阴,北风 3级
广州,2018-04-16,18,15,阴,东北风 2级
广州,2018-04-17,26,14,阴,东北风 2级
广州,2018-04-18,26,17,阴,南风 2级
广州,2018-04-19,27,18,阴,南风 2级
广州,2018-04-20,26,18,雨,东南风 2级
广州,2018-04-21,27,22,多云,东南风 3级
广州,2018-04-22,28,21,多云,南风 3级
广州,2018-04-23,29,21,雨,南风 2级
广州,2018-04-24,25,20,多云,北风 3级
广州,2018-04-25,24,21,多云,东北风 2级
广州,2018-04-26,25,21,雨,东风 2级
广州,2018-04-27,25,21,多云,北风 2级
广州,2018-04-28,26,22,雨,东南风 2级
广州,2018-04-29,27,22,雨,南风 2级
广州,2018-04-30,29,23,雨,南风 3级
广州,2018-05-01,28,24,雨,南风 3级
广州,2018-05-02,32,24,雨,西南风 2级
广州,2018-05-03,31,23,雨,东北风 3级
广州,2018-05-04,26,22,雨,东南风 2级
广州,2018-05-05,29,23,多云,东南风 3级
广州,2018-05-06,29,23,多云,南风 3级
广州,2018-05-07,30,25,雨,西南风 3级
广州,2018-05-08,28,22,雨,东北风 2级
广州,2018-05-09,26,23,雨,东风 3级
广州,2018-05-10,26,22,雨,东南风 3级
广州,2018-05-11,27,22,雨,东南风 3级
广州,2018-05-12,28,23,雨,南风 3级
广州,2018-05-13,31,23,雨,西南风 2级
广州,2018-05-14,33,24,阴,西南风 3级
广州,2018-05-15,32,25,晴,南风 3级
广州,2018-05-16,32,26,多云,南风 3级
广州,2018-05-17,33,25,雨,南风 3级
广州,2018-05-18,34,26,阴,南风 3级
广州,2018-05-19,36,26,多云,南风 2级
广州,2018-05-20,34,27,多云,南风 3级
广州,2018-05-21,35,27,多云,南风 3级
广州,2018-05-22,36,27,晴,南风 2级
广州,2018-05-23,36,26,多云,西南风 2级
广州,2018-05-24,34,27,多云,南风 3级
广州,2018-05-25,34,27,多云,南风 3级
广州,2018-05-26,34,27,多云,南风 3级
广州,2018-05-27,33,24,阴转小雨,西南风 2级
广州,2018-05-28,35,26,小雨,西风 2级
广州,2018-05-29,35,27,多云,西南风 3级
广州,2018-05-30,36,27,多云转小雨,西南风 3级
广州,2018-05-31,36,28,多云,西南风 2级
广州,2018-06-01,33,26,小雨到中雨,东南风 2级
广州,2018-06-02,32,25,中雨,东风 2级
广州,2018-06-03,33,25,阴,东南风 2级
广州,2018-06-04,32,24,小雨到中雨,东风 2级
广州,2018-06-05,30,24,中雨到大雨,东风 3级
广州,2018-06-06,28,24,小雨到大雨,东风 3级
广州,2018-06-07,27,24,小雨到大雨,东风 3级
广州,2018-06-08,26,24,中雨到暴风雨,东风 4级
广州,2018-06-09,29,24,多云,西北风 3级
广州,2018-06-10,33,25,多云,北风 3级
广州,2018-06-11,34,25,多云,东北风 2级
广州,2018-06-12,30,24,小雨,东南风 2级
广州,2018-06-13,26,24,阴,东北风 3级
广州,2018-06-14,29,24,多云,北风 3级
广州,2018-06-15,29,24,阴,东北风 3级
广州,2018-06-16,34,25,小雨,东风 2级
广州,2018-06-17,34,25,多云,南风 2级
广州,2018-06-18,32,26,小雨,西南风 3级
广州,2018-06-19,32,26,阴,西南风 3级
广州,2018-06-20,34,26,阴,南风 3级
广州,2018-06-21,34,28,小雨,西南风 3级
广州,2018-06-22,31,26,小雨到中雨,南风 3级
广州,2018-06-23,30,25,小雨到中雨,南风 3级
广州,2018-06-24,32,26,阴,东南风 4级
广州,2018-06-25,31,26,小雨,东南风 3级
广州,2018-06-26,32,25,晴,南风 2级
广州,2018-06-27,33,26,多云,南风 2级
广州,2018-06-28,35,26,多云,西南风 2级
广州,2018-06-29,34,27,多云,西南风 3级
广州,2018-06-30,34,28,多云转小雨,西南风 3级
广州,2018-07-01,33,26,多云,西南风 3级
广州,2018-07-02,31,26,多云,南风 3级
广州,2018-07-03,32,26,阴,南风 3级
广州,2018-07-04,34,25,多云,南风 3级
广州,2018-07-05,32,27,阴,南风 3级
广州,2018-07-06,31,25,小雨,南风 3级
广州,2018-07-07,30,25,小雨到大雨,南风 2级
广州,2018-07-08,31,26,多云,东南风 2级
广州,2018-07-09,31,27,多云转小雨,东风 3级
广州,2018-07-10,34,27,多云,东风 2级
广州,2018-07-11,35,25,多云,西南风 2级
广州,2018-07-12,34,26,阴,东南风 3级
广州,2018-07-13,30,25,小雨到中雨,东风 3级
广州,2018-07-14,30,25,小雨到中雨,东风 3级
广州,2018-07-15,30,25,小雨到中雨,东风 3级
广州,2018-07-16,32,25,阴,东风 3级
广州,2018-07-17,36,26,小雨到中雨,东北风 3级
广州,2018-07-18,33,26,阴,东风 3级
广州,2018-07-19,34,26,多云转小雨,东风 3级
广州,2018-07-20,33,27,小雨,东风 3级
广州,2018-07-21,34,27,小雨,西风 2级
广州,2018-07-22,33,27,多云,南风 3级
广州,2018-07-23,32,25,小雨到中雨,东南风 3级
广州,2018-07-24,31,25,阴,东南风 4级
广州,2018-07-25,31,25,多云,东南风 3级
广州,2018-07-26,30,26,阴,东南风 3级
广州,2018-07-27,32,26,阴,南风 3级
广州,2018-07-28,34,26,多云,南风 3级
广州,2018-07-29,33,27,多云,南风 2级
广州,2018-07-30,33,26,阴,南风 2级
广州,2018-07-31,32,26,阴,南风 3级
广州,2018-08-01,33,26,多云转小雨,西南风 2级
广州,2018-08-02,32,26,多云转小雨,西南风 2级
广州,2018-08-03,31,26,小雨转多云,西南风 2级
广州,2018-08-04,35,26,阴,南风 2级
广州,2018-08-05,32,26,小雨到中雨,南风 2级
广州,2018-08-06,31,27,小雨到中雨,东风 2级
广州,2018-08-07,32,26,小雨,东风 2级
广州,2018-08-08,34,27,多云,东风 2级
广州,2018-08-09,34,25,多云,东风 3级
广州,2018-08-10,30,25,雨,东风 3级
广州,2018-08-11,29,25,雨,东风 3级
广州,2018-08-12,31,25,雨,东北风 2级
广州,2018-08-13,33,25,阴,东风 3级
广州,2018-08-14,31,25,小雨,东北风 3级
广州,2018-08-15,31,25,多云,东风 3级
广州,2018-08-16,30,26,阴,东南风 3级
广州,2018-08-17,31,26,中雨到大雨,南风 2级
广州,2018-08-18,32,26,雨,西南风 2级
广州,2018-08-19,31,26,小雨到中雨,南风 2级
广州,2018-08-20,31,26,小雨到大雨,西风 2级
广州,2018-08-21,33,26,小雨到中雨,东北风 2级
广州,2018-08-22,34,27,小雨到大雨,东北风 2级
广州,2018-08-23,34,25,小雨到大雨,北风 2级
广州,2018-08-24,34,25,小雨到大雨,北风 2级
广州,2018-08-25,34,26,阴,北风 3级
广州,2018-08-26,32,26,小雨到中雨,北风 3级
广州,2018-08-27,32,26,多云,西风 2级
广州,2018-08-28,32,24,中雨到大雨,南风 2级
广州,2018-08-29,29,25,多云,南风 3级
广州,2018-08-30,29,24,小雨到中雨,东南风 2级
广州,2018-08-31,30,25,多云,东南风 3级
广州,2018-09-01,29,25,多云,东南风 2级
广州,2018-09-02,30,25,多云,南风 2级
广州,2018-09-03,32,25,多云,西南风 2级
广州,2018-09-04,33,25,多云,西风 2级
广州,2018-09-05,35,26,阴,西北风 2级
广州,2018-09-06,34,26,多云,东南风 2级
广州,2018-09-07,32,24,小雨到中雨,北风 1级
广州,2018-09-08,32,24,多云,北风 3级
广州,2018-09-09,30,23,多云,北风 3级
广州,2018-09-10,32,23,多云,北风 2级
广州,2018-09-11,32,24,多云,北风 3级
广州,2018-09-12,31,24,多云,东北风 3级
广州,2018-09-13,32,24,晴,东风 2级
广州,2018-09-14,34,25,晴,北风 2级
广州,2018-09-15,35,26,多云,北风 4级
广州,2018-09-16,29,25,中雨到暴风雨,东北风 6级
广州,2018-09-17,29,25,多云,东南风 5级
广州,2018-09-18,32,25,多云,东南风 3级
广州,2018-09-19,34,24,晴,西北风 2级
广州,2018-09-20,34,25,多云,西北风 1级
广州,2018-09-21,34,25,多云,西南风 1级
广州,2018-09-22,33,25,多云,西风 1级
广州,2018-09-23,31,26,多云,南风 1级
广州,2018-09-24,31,23,多云,东北风 2级
广州,2018-09-25,30,25,多云,东南风 2级
广州,2018-09-26,32,25,多云,西南风 2级
广州,2018-09-27,31,25,晴,东北风 2级
广州,2018-09-28,32,22,多云,北风 3级
广州,2018-09-29,29,22,多云,北风 3级
广州,2018-09-30,31,20,多云,北风 3级
广州,2018-10-01,30,21,晴,东北风 3级
广州,2018-10-02,31,20,晴,北风 3级
广州,2018-10-03,31,19,晴,北风 3级
广州,2018-10-04,31,19,晴,北风 3级
广州,2018-10-05,30,19,晴,北风 3级
广州,2018-10-06,30,20,晴,北风 3级
广州,2018-10-07,31,20,多云,北风 2级
广州,2018-10-08,32,21,多云,东北风 1级
广州,2018-10-09,32,22,多云,西风 1级
广州,2018-10-10,27,19,多云,北风 3级
广州,2018-10-11,24,18,阴,北风 2级
广州,2018-10-12,25,20,多云,北风 2级
广州,2018-10-13,27,19,多云,东北风 2级
广州,2018-10-14,27,21,多云,东南风 2级
广州,2018-10-15,27,21,小雨到中雨,西北风 2级
广州,2018-10-16,25,20,小雨到中雨,北风 2级
广州,2018-10-17,24,19,小雨到中雨,北风 2级
广州,2018-10-18,24,18,阴,东北风 2级
广州,2018-10-19,25,19,多云,东北风 2级
广州,2018-10-20,26,21,多云,东北风 2级
广州,2018-10-21,27,21,多云,东南风 2级
广州,2018-10-22,28,22,阴,北风 2级
广州,2018-10-23,26,21,阴,北风 3级
广州,2018-10-24,27,21,多云,东北风 1级
广州,2018-10-25,28,21,多云,西南风 1级
广州,2018-10-26,28,21,晴,北风 2级
广州,2018-10-27,26,17,晴,北风 3级
广州,2018-10-28,28,16,晴,北风 2级
广州,2018-10-29,29,17,晴,北风 3级
广州,2018-10-30,29,17,晴,北风 3级
广州,2018-10-31,28,17,多云,北风 4级
广州,2018-11-01,25,18,阴,北风 4级
广州,2018-11-02,26,18,阴,北风 2级
广州,2018-11-03,26,17,多云,北风 2级
广州,2018-11-04,26,19,多云,东北风 2级
广州,2018-11-05,28,21,多云,东风 2级
广州,2018-11-06,29,20,多云,东风 1级
广州,2018-11-07,28,21,阴,北风 2级
广州,2018-11-08,26,17,多云,北风 2级
广州,2018-11-09,26,17,多云,东北风 2级
广州,2018-11-10,26,19,晴,东北风 2级
广州,2018-11-11,28,20,小雨,东南风 2级
广州,2018-11-12,26,20,阴,北风 2级
广州,2018-11-13,28,19,多云,东北风 2级
广州,2018-11-14,27,19,晴,东风 2级
广州,2018-11-15,27,21,多云,东南风 2级
广州,2018-11-16,25,19,小雨到中雨,东北风 2级
广州,2018-11-17,24,19,多云,东北风 2级
广州,2018-11-18,24,18,多云,北风 2级
广州,2018-11-19,22,16,阴,北风 3级
广州,2018-11-20,24,17,多云,东北风 2级
广州,2018-11-21,24,15,多云,北风 3级
广州,2018-11-22,21,14,晴,北风 3级
广州,2018-11-23,23,13,晴,北风 2级
广州,2018-11-24,25,15,晴,北风 2级
广州,2018-11-25,25,15,小雨到大雨,东北风 2级
广州,2018-11-26,24,15,阴,北风 2级
广州,2018-11-27,23,16,小雨,东北风 2级
广州,2018-11-28,22,16,多云,东风 2级
广州,2018-11-29,25,14,晴,东北风 2级
广州,2018-11-30,26,11,多云,东风 1级
广州,2018-12-01,25,17,多云,东北风 2级
广州,2018-12-02,25,18,晴,东南风 2级
广州,2018-12-03,27,19,晴,东南风 2级
广州,2018-12-04,27,19,晴,东风 1级
广州,2018-12-05,26,18,多云,北风 2级
广州,2018-12-06,25,19,阴,东北风 2级
广州,2018-12-07,18,13,多云,北风 3级
广州,2018-12-08,15,10,小雨,北风 3级
广州,2018-12-09,11,9,多云,北风 3级
广州,2018-12-10,13,8,多云,北风 3级
广州,2018-12-11,14,10,多云,北风 3级
广州,2018-12-12,11,9,多云,北风 4级
广州,2018-12-13,14,8,多云,北风 3级
广州,2018-12-14,16,10,多云,北风 2级
广州,2018-12-15,19,11,晴,北风 2级
广州,2018-12-16,20,13,晴,北风 3级
广州,2018-12-17,20,9,晴,北风 3级
广州,2018-12-18,21,9,多云,东北风 2级
广州,2018-12-19,25,14,多云,东南风 2级
广州,2018-12-20,25,17,多云,东南风 2级
广州,2018-12-21,26,19,晴,东南风 2级
广州,2018-12-22,28,19,多云,东北风 2级
广州,2018-12-23,22,16,阴,北风 3级
广州,2018-12-24,20,15,多云,北风 2级
广州,2018-12-25,21,15,多云,东北风 2级
广州,2018-12-26,25,16,多云,北风 2级
广州,2018-12-27,21,15,多云,北风 3级
广州,2018-12-28,18,10,阴,北风 3级
广州,2018-12-29,12,7,阴,北风 3级
广州,2018-12-30,10,5,小雨,北风 3级
广州,2018-12-31,9,6,阴,北风 3级
广州,2019-01-01,11,6,小雨,北风 3级
广州,2019-01-02,11,8,多云,北风 3级
广州,2019-01-03,14,9,多云,北风 2级
广州,2019-01-04,18,11,阴,北风 2级
广州,2019-01-05,19,13,阴,北风 2级
广州,2019-01-06,16,12,阴,北风 2级
广州,2019-01-07,18,13,多云,北风 2级
广州,2019-01-08,17,11,多云,北风 3级
广州,2019-01-09,17,14,多云,东北风 2级
广州,2019-01-10,21,15,阴,北风 2级
广州,2019-01-11,21,16,阴,北风 2级
广州,2019-01-12,22,14,阴,北风 2级
广州,2019-01-13,21,15,阴,北风 2级
广州,2019-01-14,22,16,多云,北风 2级
广州,2019-01-15,20,14,阴,北风 2级
广州,2019-01-16,16,11,多云,北风 3级
广州,2019-01-17,18,10,晴,北风 3级
广州,2019-01-18,19,9,阴,东北风 2级
广州,2019-01-19,21,14,多云,东风 1级
广州,2019-01-20,24,14,多云,北风 3级
广州,2019-01-21,16,11,晴,北风 3级
广州,2019-01-22,19,9,晴,北风 3级
广州,2019-01-23,21,7,晴,北风 2级
广州,2019-01-24,21,9,晴,东北风 1级
广州,2019-01-25,23,10,晴,北风 2级
广州,2019-01-26,23,12,晴,北风 3级
广州,2019-01-27,23,11,晴,东北风 2级
广州,2019-01-28,22,12,多云,东南风 2级
广州,2019-01-29,24,13,晴,东风 1级
广州,2019-01-30,24,14,多云,东南风 2级
广州,2019-01-31,25,16,多云,北风 2级
广州,2019-02-01,19,11,多云,北风 3级
广州,2019-02-02,21,14,阴,东南风 2级
广州,2019-02-03,24,16,阴,东南风 1级
广州,2019-02-04,27,16,多云,北风 2级
广州,2019-02-05,25,17,多云,南风 2级
广州,2019-02-06,25,19,多云,南风 3级
广州,2019-02-07,28,20,多云,南风 3级
广州,2019-02-08,28,20,多云,南风 3级
广州,2019-02-09,26,16,多云,东风 3级
广州,2019-02-10,22,12,小雨,北风 2级
广州,2019-02-11,18,12,晴,北风 3级
广州,2019-02-12,20,12,多云,北风 1级
广州,2019-02-13,24,17,阴,东风 2级
广州,2019-02-14,23,18,多云,东南风 2级
广州,2019-02-15,26,18,多云,东北风 1级
广州,2019-02-16,25,19,阴,东北风 1级
广州,2019-02-17,21,15,阴,北风 2级
广州,2019-02-18,19,16,多云,东北风 2级
广州,2019-02-19,21,15,阴,东北风 2级
广州,2019-02-20,24,18,阴,南风 3级
广州,2019-02-21,24,14,多云,东南风 3级
广州,2019-02-22,18,12,多云,北风 3级
广州,2019-02-23,14,10,多云,北风 3级
广州,2019-02-24,16,11,阴,北风 3级
广州,2019-02-25,20,11,多云,北风 2级
广州,2019-02-26,17,12,阴,东北风 2级
广州,2019-02-27,22,15,多云,南风 1级
广州,2019-02-28,23,17,多云,北风 2级
广州,2019-03-01,23,18,阴,东南风 2级
广州,2019-03-02,25,18,晴,东南风 3级
广州,2019-03-03,22,17,晴,北风 2级
广州,2019-03-04,22,15,小雨到中雨,东风 3级
广州,2019-03-05,22,17,小雨到大雨,东南风 3级
广州,2019-03-06,21,16,多云,北风 3级
广州,2019-03-07,16,13,阴,北风 3级
广州,2019-03-08,17,12,中雨,东北风 2级
广州,2019-03-09,17,13,多云,北风 2级
广州,2019-03-10,15,12,中雨,北风 3级
广州,2019-03-11,22,13,晴,北风 2级
广州,2019-03-12,25,13,多云,东北风 2级
广州,2019-03-13,25,14,多云,东南风 2级
广州,2019-03-14,22,17,阴,东北风 2级
广州,2019-03-15,22,15,多云,北风 2级
广州,2019-03-16,24,16,多云,东北风 2级
广州,2019-03-17,24,17,多云,东南风 2级
广州,2019-03-18,26,18,阴,东北风 1级
广州,2019-03-19,25,20,多云,南风 2级
广州,2019-03-20,28,20,多云,南风 3级
广州,2019-03-21,28,21,多云,南风 3级
广州,2019-03-22,27,20,多云,南风 2级
广州,2019-03-23,18,13,阴,北风 3级
广州,2019-03-24,17,13,阴,北风 2级
广州,2019-03-25,19,14,阴,北风 2级
广州,2019-03-26,26,16,多云,东南风 2级
广州,2019-03-27,26,18,阴,东南风 2级
广州,2019-03-28,27,20,阴,南风 2级
广州,2019-03-29,27,20,多云,西南风 2级
广州,2019-03-30,28,20,多云,东风 2级
广州,2019-03-31,27,21,阴,东南风 2级
广州,2019-04-01,22,16,多云,东北风 2级
广州,2019-04-02,25,18,多云,东南风 2级
广州,2019-04-03,27,19,多云,东南风 2级
广州,2019-04-04,25,20,多云,北风 2级
广州,2019-04-05,27,19,晴,西北风 2级
广州,2019-04-06,28,19,多云,西南风 2级
广州,2019-04-07,29,21,多云,西南风 2级
广州,2019-04-08,30,22,多云,南风 3级
广州,2019-04-09,30,23,多云,南风 3级
广州,2019-04-10,30,24,阴,南风 2级
广州,2019-04-11,29,19,多云,南风 2级
广州,2019-04-12,25,16,多云,东北风 2级
广州,2019-04-13,23,16,多云,东风 2级
广州,2019-04-14,25,20,阴,东风 2级
广州,2019-04-15,24,19,小雨到中雨,东北风 2级
广州,2019-04-16,22,19,多云,东北风 1级
广州,2019-04-17,27,20,晴,东南风 2级
广州,2019-04-18,25,21,多云,东南风 3级
广州,2019-04-19,25,21,多云转雨,东南风 3级
广州,2019-04-20,25,21,多云转雨,东南风 3级
广州,2019-04-21,28,21,阴转雨,南风 3级
广州,2019-04-22,29,23,多云转雨,南风 3级
广州,2019-04-23,30,24,多云转晴,南风 3级
广州,2019-04-24,32,24,多云,南风 3级
广州,2019-04-25,31,24,多云转雨,西南风 3级
广州,2019-04-26,29,24,暴风雨转雨,南风 3级
广州,2019-04-27,27,21,多云转雨,东南风 3级
广州,2019-04-28,28,22,多云,东南风 3级
广州,2019-04-29,30,23,多云,南风 3级
广州,2019-04-30,27,22,多云转晴,西南风 3级
广州,2019-05-01,26,21,阴转多云,北风 3级
广州,2019-05-02,25,19,多云,东北风 2级
广州,2019-05-03,27,20,多云转雨,东风 2级
广州,2019-05-04,26,18,小雨到中雨,东风 2级
广州,2019-05-05,21,19,小雨到中雨,东北风 2级
广州,2019-05-06,23,19,多云转雨,东北风 2级
广州,2019-05-07,22,19,多云转雨,东北风 2级
广州,2019-05-08,20,18,阴转雨,东北风 2级
广州,2019-05-09,26,19,多云,东北风 2级
广州,2019-05-10,28,21,多云,北风 2级
广州,2019-05-11,30,22,多云,西南风 1级
广州,2019-05-12,31,23,多云,南风 2级
广州,2019-05-13,32,23,多云,南风 2级
广州,2019-05-14,32,24,多云,南风 2级
广州,2019-05-15,32,26,多云转阴,南风 3级
广州,2019-05-16,33,27,多云,南风 3级
广州,2019-05-17,33,26,多云转雨,西南风 3级
广州,2019-05-18,34,27,多云,南风 3级
广州,2019-05-19,34,26,多云,南风 3级
广州,2019-05-20,29,25,多云转雨,北风 3级
广州,2019-05-21,31,23,多云转雨,东风 2级
广州,2019-05-22,29,23,多云转雨,东南风 1级
广州,2019-05-23,29,24,多云转雨,东风 2级
广州,2019-05-24,27,24,多云,东南风 3级
广州,2019-05-25,29,24,大雨转雨,东南风 3级
广州,2019-05-26,28,24,多云转雨,南风 3级
广州,2019-05-27,29,24,多云转雨,南风 3级
广州,2019-05-28,27,23,小雨到中雨,东风 2级
广州,2019-05-29,27,24,阴转雨,东北风 2级
广州,2019-05-30,27,24,多云转雨,东南风 2级
广州,2019-05-31,28,24,多云转雨,南风 2级
广州,2019-06-01,30,24,阴转雨,西南风 2级
广州,2019-06-02,30,25,多云转雨,西南风 2级
广州,2019-06-03,31,25,多云,西南风 2级
广州,2019-06-04,31,24,阴转雨,南风 2级
广州,2019-06-05,31,26,多云转雨,南风 3级
广州,2019-06-06,33,26,阴,南风 3级
广州,2019-06-07,33,27,阴,南风 3级
广州,2019-06-08,35,28,阴,西南风 3级
广州,2019-06-09,35,28,阴转雨,西南风 3级
广州,2019-06-10,32,25,暴风雨转雨,西南风 2级
广州,2019-06-11,28,24,小雨到大雨,南风 2级
广州,2019-06-12,28,24,阴转雨,东南风 2级
广州,2019-06-13,28,24,多云转雨,南风 2级
广州,2019-06-14,33,24,晴,北风 3级
广州,2019-06-15,34,25,晴转多云,东北风 2级
广州,2019-06-16,34,26,阴转多云,东南风 3级
广州,2019-06-17,31,26,阴,东南风 3级
广州,2019-06-18,32,26,阴,南风 3级
广州,2019-06-19,34,27,阴,南风 3级
广州,2019-06-20,34,25,多云,南风 2级
广州,2019-06-21,35,28,多云转阴,南风 3级
广州,2019-06-22,34,28,多云转雨,南风 3级
广州,2019-06-23,33,26,多云转雨,西南风 3级
广州,2019-06-24,30,24,多云转雨,西南风 2级
广州,2019-06-25,28,25,阴转多云,西南风 2级
广州,2019-06-26,30,25,多云转雨,西南风 2级
广州,2019-06-27,31,25,多云,南风 2级
广州,2019-06-28,34,27,多云,东南风 3级
广州,2019-06-29,35,28,阴,南风 3级
广州,2019-06-30,34,27,阴转雨,东南风 2级
广州,2019-07-01,33,28,阴,东风 3级
广州,2019-07-02,33,27,阴转雨,东风 3级
广州,2019-07-03,29,25,暴雨转雨,东南风 3级
广州,2019-07-04,31,25,多云转阴,南风 3级
广州,2019-07-05,34,26,阴,南风 3级
广州,2019-07-06,35,28,多云转阴,西南风 3级
广州,2019-07-07,34,28,阴,南风 3级
广州,2019-07-08,34,28,阴,南风 3级
广州,2019-07-09,32,27,小雨到中雨,西南风 3级
广州,2019-07-10,28,25,阴转雨,西北风 2级
广州,2019-07-11,30,24,阴转雨,南风 2级
广州,2019-07-12,32,26,多云转阴,南风 3级
广州,2019-07-13,32,27,阴,南风 3级
广州,2019-07-14,32,25,阴转雨,西南风 3级
广州,2019-07-15,34,28,阴,南风 3级
广州,2019-07-16,36,28,晴,东南风 2级
广州,2019-07-17,36,27,晴转多云,西北风 2级
广州,2019-07-18,36,27,多云转雨,西北风 2级
广州,2019-07-19,35,26,阴转雨,西风 2级
广州,2019-07-20,33,26,阴,西南风 2级
广州,2019-07-21,33,25,阴,南风 2级
广州,2019-07-22,32,25,阴转雨,南风 3级
广州,2019-07-23,32,25,多云,东南风 3级
广州,2019-07-24,32,26,晴转多云,东南风 3级
广州,2019-07-25,34,26,晴转多云,南风 2级
广州,2019-07-26,35,27,阴,西南风 3级
广州,2019-07-27,34,27,阴,西南风 3级
广州,2019-07-28,33,27,多云转雨,南风 2级
广州,2019-07-29,33,25,多云转雨,东风 3级
广州,2019-07-30,34,25,多云,东风 3级
广州,2019-07-31,31,25,阴转雨,东风 4级
广州,2019-08-01,27,26,小雨到暴风雨,东风 4级
广州,2019-08-02,29,25,多云转阴,东风 3级
广州,2019-08-03,29,24,多云,东风 3级
广州,2019-08-04,32,25,多云,东风 2级
广州,2019-08-05,34,24,多云,东风 2级
广州,2019-08-06,34,24,阴转雨,西南风 2级
广州,2019-08-07,35,26,阴转雨,南风 2级
广州,2019-08-08,37,28,多云转晴,北风 2级
广州,2019-08-09,36,28,阴转多云,西北风 3级
广州,2019-08-10,36,27,多云,西风 3级
广州,2019-08-11,33,27,阴转雨,西风 3级
广州,2019-08-12,33,25,中雨转雨,西风 2级
广州,2019-08-13,35,27,多云,西风 2级
广州,2019-08-14,34,27,多云转雨,西风 2级
广州,2019-08-15,35,25,多云转雨,西风 2级
广州,2019-08-16,33,25,多云转雨,西南风 2级
广州,2019-08-17,31,26,阴转雨,西南风 2级
广州,2019-08-18,30,26,阴,西南风 2级
广州,2019-08-19,31,25,多云,东北风 2级
广州,2019-08-20,34,26,晴转雨,东风 3级
广州,2019-08-21,35,26,阴,东南风 2级
广州,2019-08-22,35,27,多云转雨,东南风 2级
广州,2019-08-23,35,26,晴转雨,东北风 2级
广州,2019-08-24,36,28,多云转雨,北风 3级
广州,2019-08-25,31,25,小雨到暴雨,西风 3级
广州,2019-08-26,31,26,多云转雨,西南风 2级
广州,2019-08-27,33,25,晴转多云,东南风 3级
广州,2019-08-28,35,27,多云,北风 2级
广州,2019-08-29,33,26,多云转雨,东风 3级
广州,2019-08-30,32,25,阴转雨,东南风 2级
广州,2019-08-31,31,25,多云转雨,东风 2级
广州,2019-09-01,31,25,多云转雨,东北风 3级
广州,2019-09-02,31,24,多云转雨,东北风 3级
广州,2019-09-03,32,24,小雨转雨,东北风 3级
广州,2019-09-04,30,24,多云转阴,东北风 3级
广州,2019-09-05,31,25,多云转雨,东风 3级
广州,2019-09-06,33,26,晴,东北风 2级
广州,2019-09-07,35,26,多云转晴,东北风 2级
广州,2019-09-08,36,25,多云转雨,东南风 2级
广州,2019-09-09,33,26,多云转雨,南风 2级
广州,2019-09-10,35,26,多云转晴,东南风 3级
广州,2019-09-11,35,27,多云转雨,东南风 2级
广州,2019-09-12,36,27,多云,东风 2级
广州,2019-09-13,36,28,多云转雨,南风 2级
广州,2019-09-14,35,24,多云转雨,南风 2级
广州,2019-09-15,33,26,多云转雨,东风 2级
广州,2019-09-16,34,27,多云转雨,东北风 2级
广州,2019-09-17,33,26,多云,东北风 2级
广州,2019-09-18,34,26,多云,东北风 3级
广州,2019-09-19,34,22,晴,北风 3级
广州,2019-09-20,33,19,晴转多云,北风 3级
广州,2019-09-21,33,22,晴转多云,北风 3级
广州,2019-09-22,31,20,晴,北风 4级
广州,2019-09-23,31,20,晴,东北风 3级
广州,2019-09-24,30,19,晴,北风 3级
广州,2019-09-25,32,19,多云转晴,东北风 2级
广州,2019-09-26,31,21,晴,东北风 2级
广州,2019-09-27,32,21,多云转晴,北风 2级
广州,2019-09-28,33,22,多云转晴,北风 2级
广州,2019-09-29,32,22,晴,北风 2级
广州,2019-09-30,33,23,晴,北风 2级
广州,2019-10-01,34,23,晴,西北风 2级
广州,2019-10-02,33,24,晴,西南风 2级
广州,2019-10-03,33,23,晴,南风 2级
广州,2019-10-04,33,23,晴,南风 2级
广州,2019-10-05,33,25,晴,东风 2级
广州,2019-10-06,32,25,多云,东风 3级
广州,2019-10-07,30,24,多云转雨,东北风 2级
广州,2019-10-08,31,24,大雨转雨,东北风 2级
广州,2019-10-09,30,24,多云,东风 2级
广州,2019-10-10,32,24,晴转多云,西南风 2级
广州,2019-10-11,33,24,多云,西风 2级
广州,2019-10-12,33,24,多云转雨,北风 2级
广州,2019-10-13,29,23,多云转雨,东北风 2级
广州,2019-10-14,29,22,多云,东北风 3级
广州,2019-10-15,29,22,晴转多云,东北风 3级
广州,2019-10-16,30,21,晴,东北风 3级
广州,2019-10-17,30,21,晴,东北风 3级
广州,2019-10-18,30,20,晴,北风 3级
广州,2019-10-19,30,19,晴,北风 3级
广州,2019-10-20,31,18,晴,东北风 2级
广州,2019-10-21,30,18,多云,东北风 2级
广州,2019-10-22,31,20,晴,南风 2级
广州,2019-10-23,31,21,多云,东北风 2级
广州,2019-10-24,28,22,多云,北风 2级
广州,2019-10-25,30,21,阴,东北风 2级
广州,2019-10-26,29,21,阴,北风 3级
广州,2019-10-27,28,22,多云,北风 3级
广州,2019-10-28,27,18,多云,北风 3级
广州,2019-10-29,26,15,晴转多云,北风 3级
广州,2019-10-30,28,16,多云转阴,北风 3级
广州,2019-10-31,26,18,多云转阴,北风 2级
广州,2019-11-01,29,21,多云,东北风 2级
广州,2019-11-02,31,19,晴转多云,东北风 2级
广州,2019-11-03,30,21,晴,北风 3级
广州,2019-11-04,29,20,晴转多云,北风 4级
广州,2019-11-05,30,18,晴,北风 3级
广州,2019-11-06,29,17,多云,北风 2级
广州,2019-11-07,27,19,晴转多云,北风 3级
广州,2019-11-08,27,17,晴转多云,北风 3级
广州,2019-11-09,27,16,晴转多云,东北风 3级
广州,2019-11-10,27,15,晴转多云,东北风 2级
广州,2019-11-11,28,16,晴,东风 2级
广州,2019-11-12,29,17,多云,东南风 2级
广州,2019-11-13,29,18,晴,北风 3级
广州,2019-11-14,26,16,晴转多云,北风 3级
广州,2019-11-15,27,14,晴,东风 2级
广州,2019-11-16,28,17,晴,南风 2级
广州,2019-11-17,28,19,多云,东南风 2级
广州,2019-11-18,25,17,晴转多云,北风 3级
广州,2019-11-19,22,14,晴,北风 3级
广州,2019-11-20,24,15,晴,北风 3级
广州,2019-11-21,26,16,晴,北风 2级
广州,2019-11-22,27,15,晴,北风 2级
广州,2019-11-23,29,15,晴,南风 1级
广州,2019-11-24,29,16,晴,东北风 2级
广州,2019-11-25,29,18,多云,北风 3级
广州,2019-11-26,24,17,多云,东北风 3级
广州,2019-11-27,25,18,多云,北风 3级
广州,2019-11-28,22,12,晴,北风 4级
广州,2019-11-29,22,13,多云,北风 3级
广州,2019-11-30,24,14,晴,东北风 2级
广州,2019-12-01,26,14,晴转多云,北风 3级
广州,2019-12-02,21,12,晴,北风 4级
广州,2019-12-03,21,9,晴转多云,北风 3级
广州,2019-12-04,22,10,多云,北风 3级
广州,2019-12-05,18,12,阴,北风 3级
广州,2019-12-06,20,12,晴,北风 4级
广州,2019-12-07,21,9,晴,北风 4级
广州,2019-12-08,21,7,晴转多云,北风 3级
广州,2019-12-09,21,9,晴,北风 2级
广州,2019-12-10,23,8,晴,北风 2级
广州,2019-12-11,24,9,晴,北风 2级
广州,2019-12-12,26,10,多云,东风 2级
广州,2019-12-13,25,12,晴,东风 2级
广州,2019-12-14,26,14,多云转晴,东南风 1级
广州,2019-12-15,25,15,多云,东南风 2级
广州,2019-12-16,26,18,多云,东南风 2级
广州,2019-12-17,27,18,晴转多云,东南风 2级
广州,2019-12-18,28,18,多云,东北风 2级
广州,2019-12-19,20,13,多云,北风 3级
广州,2019-12-20,20,12,晴转多云,北风 3级
广州,2019-12-21,20,15,多云,北风 2级
广州,2019-12-22,23,15,晴转多云,北风 2级
广州,2019-12-23,23,16,阴,东风 2级
广州,2019-12-24,24,15,晴转多云,东北风 2级
广州,2019-12-25,23,14,晴,东风 2级
广州,2019-12-26,22,12,多云转晴,北风 3级
广州,2019-12-27,20,10,多云转晴,北风 3级
广州,2019-12-28,22,10,晴转多云,东北风 2级
广州,2019-12-29,19,14,阴转多云,东风 2级
广州,2019-12-30,25,15,阴,东风 1级
广州,2019-12-31,22,16,多云,北风 3级
广州,2020-01-01,22,13,晴,东风 2级
广州,2020-01-02,22,13,晴,东南风 1级
广州,2020-01-03,23,15,阴转多云,东南风 1级
广州,2020-01-04,25,14,阴,东南风 2级
广州,2020-01-05,27,15,多云,东南风 2级
广州,2020-01-06,25,17,晴,东南风 2级
广州,2020-01-07,26,17,晴,南风 2级
广州,2020-01-08,25,15,晴,东北风 2级
广州,2020-01-09,24,16,多云,东南风 2级
广州,2020-01-10,25,17,多云,东南风 2级
广州,2020-01-11,24,12,阴,北风 2级
广州,2020-01-12,14,10,多云,北风 3级
广州,2020-01-13,21,11,晴转多云,东北风 2级
广州,2020-01-14,22,13,多云,东北风 2级
广州,2020-01-15,23,13,阴转多云,东南风 2级
广州,2020-01-16,24,13,多云,北风 3级
广州,2020-01-17,18,11,多云,北风 3级
广州,2020-01-18,19,12,阴,北风 2级
广州,2020-01-19,18,11,阴转多云,北风 2级
广州,2020-01-20,20,12,阴,东北风 2级
广州,2020-01-21,20,14,阴转多云,东南风 2级
广州,2020-01-22,24,16,多云,东南风 2级
广州,2020-01-23,27,18,晴转多云,东南风 2级
广州,2020-01-24,28,19,阴,东风 1级
广州,2020-01-25,21,12,小雨到中雨,北风 3级
广州,2020-01-26,15,9,多云转晴,北风 3级
广州,2020-01-27,13,8,多云,北风 4级
广州,2020-01-28,14,7,晴,北风 3级
广州,2020-01-29,16,8,晴,北风 3级
广州,2020-01-30,18,6,晴,北风 3级
广州,2020-01-31,19,6,晴,东北风 2级
广州,2020-02-01,20,8,阴转多云,东风 2级
广州,2020-02-02,21,12,多云,东风 2级
广州,2020-02-03,20,13,小雨到大雨,东北风 2级
广州,2020-02-04,15,11,阴,北风 2级
广州,2020-02-05,17,13,阴,东北风 2级
广州,2020-02-06,19,14,多云,东南风 2级
广州,2020-02-07,19,14,多云,北风 3级
广州,2020-02-08,19,11,多云,北风 3级
广州,2020-02-09,17,10,多云,北风 3级
广州,2020-02-10,20,12,多云,东北风 2级
广州,2020-02-11,20,14,多云转阴,东南风 2级
广州,2020-02-12,22,16,多云转雨,南风 2级
广州,2020-02-13,19,16,多云转雨,东南风 2级
广州,2020-02-14,21,16,多云转雨,东南风 3级
广州,2020-02-15,22,10,小雨到大雨,南风 4级
广州,2020-02-16,12,7,多云,北风 4级
广州,2020-02-17,15,6,晴,北风 4级
广州,2020-02-18,18,5,晴,东北风 2级
广州,2020-02-19,20,7,多云转晴,东风 1级
广州,2020-02-20,22,10,多云,东风 2级
广州,2020-02-21,25,14,晴,东南风 1级
广州,2020-02-22,26,14,晴转多云,东北风 2级
广州,2020-02-23,26,15,晴转多云,东南风 2级
广州,2020-02-24,28,16,阴转多云,南风 3级
广州,2020-02-25,27,17,晴,南风 2级
广州,2020-02-26,28,18,晴转多云,东南风 1级
广州,2020-02-27,28,19,多云,东南风 3级
广州,2020-02-28,25,17,多云转阴,南风 2级
广州,2020-02-29,27,18,晴,南风 2级
广州,2020-03-01,28,18,晴转多云,东北风 2级
广州,2020-03-02,27,17,多云,东风 3级
广州,2020-03-03,24,18,阴,东南风 3级
广州,2020-03-04,20,14,多云转雨,北风 3级
广州,2020-03-05,19,13,多云,东北风 2级
广州,2020-03-06,23,16,阴,东南风 3级
广州,2020-03-07,24,19,多云,南风 3级
广州,2020-03-08,25,20,多云,东南风 3级
广州,2020-03-09,27,21,小雨到中雨,南风 3级
广州,2020-03-10,23,16,多云,北风 4级
广州,2020-03-11,21,15,多云,东北风 2级
广州,2020-03-12,22,17,阴,东南风 3级
广州,2020-03-13,26,18,阴转雨,东风 2级
广州,2020-03-14,22,18,多云,北风 4级
广州,2020-03-15,25,14,多云,东北风 2级
广州,2020-03-16,23,17,阴,东南风 3级
广州,2020-03-17,24,18,多云转阴,东南风 2级
广州,2020-03-18,22,18,多云,东南风 2级
广州,2020-03-19,22,18,阴,东南风 2级
广州,2020-03-20,24,19,阴,东南风 2级
广州,2020-03-21,25,20,阴,东南风 3级
广州,2020-03-22,28,21,多云转晴,南风 2级
广州,2020-03-23,28,21,多云转雨,南风 2级
广州,2020-03-24,28,21,多云,南风 3级
广州,2020-03-25,28,22,阴,东南风 3级
广州,2020-03-26,27,21,晴,南风 3级
广州,2020-03-27,26,21,小雨到中雨,南风 3级
广州,2020-03-28,21,17,阴,北风 3级
广州,2020-03-29,21,17,多云转雨,东南风 3级
广州,2020-03-30,21,13,阴,北风 3级
广州,2020-03-31,18,14,小雨转阴,北风 2级
广州,2020-04-01,18,14,阴,东北风 2级
广州,2020-04-02,19,15,多云转雨,东北风 2级
广州,2020-04-03,21,17,多云转雨,东北风 2级
广州,2020-04-04,19,16,阴,北风 3级
广州,2020-04-05,19,14,多云转雨,北风 3级
广州,2020-04-06,16,14,阴转雨,北风 2级
广州,2020-04-07,19,14,多云,北风 2级
广州,2020-04-08,24,15,多云,西南风 2级
广州,2020-04-09,27,18,多云,东南风 1级
广州,2020-04-10,27,17,多云,南风 3级
广州,2020-04-11,27,17,多云,西南风 3级
广州,2020-04-12,22,14,晴,北风 4级
广州,2020-04-13,24,12,多云,东北风 3级
广州,2020-04-14,23,15,晴转多云,南风 2级
广州,2020-04-15,25,14,晴转多云,西南风 2级
广州,2020-04-16,27,18,晴,南风 3级
广州,2020-04-17,28,20,多云,南风 3级
广州,2020-04-18,32,23,多云,南风 3级
广州,2020-04-19,31,24,多云,南风 3级
广州,2020-04-20,30,22,晴,南风 2级
广州,2020-04-21,31,23,多云转雨,南风 3级
广州,2020-04-22,26,18,阴转雨,东北风 3级
广州,2020-04-23,21,18,阴,北风 3级
广州,2020-04-24,18,14,多云转阴,北风 3级
广州,2020-04-25,23,15,阴,北风 2级
广州,2020-04-26,25,17,多云,北风 2级
广州,2020-04-27,28,18,晴转多云,东北风 2级
广州,2020-04-28,31,18,晴转多云,东南风 2级
广州,2020-04-29,31,20,多云,东南风 2级
广州,2020-04-30,31,21,多云,东南风 3级
广州,2020-05-01,31,22,多云,南风 3级
广州,2020-05-02,32,23,晴转多云,南风 3级
广州,2020-05-03,33,23,晴,西南风 3级
广州,2020-05-04,35,24,晴,南风 3级
广州,2020-05-05,35,26,晴,南风 3级
广州,2020-05-06,35,26,多云,南风 3级
广州,2020-05-07,35,27,晴转多云,南风 3级
广州,2020-05-08,35,27,晴转多云,南风 3级
广州,2020-05-09,35,28,多云,南风 3级
广州,2020-05-10,32,23,阴转雨,西南风 2级
广州,2020-05-11,31,24,多云转雨,东北风 2级
广州,2020-05-12,31,24,多云转雨,北风 2级
广州,2020-05-13,32,25,多云转阴,东南风 3级
广州,2020-05-14,32,25,多云,东南风 4级
广州,2020-05-15,32,25,多云,南风 3级
广州,2020-05-16,34,24,小雨到中雨,南风 2级
广州,2020-05-17,33,23,多云转雨,西南风 2级
广州,2020-05-18,28,23,多云转雨,西风 2级
广州,2020-05-19,31,23,多云转雨,东风 2级
广州,2020-05-20,31,24,小雨到大雨,东南风 3级
广州,2020-05-21,28,24,阴转雨,南风 3级
广州,2020-05-22,29,25,多云转阴,北风 3级
广州,2020-05-23,30,24,多云,东北风 2级
广州,2020-05-24,32,25,多云,东南风 2级
广州,2020-05-25,29,24,阴,东南风 3级
广州,2020-05-26,31,24,阴转雨,西北风 2级
广州,2020-05-27,31,25,多云,北风 3级
广州,2020-05-28,31,24,多云转雨,东北风 2级
广州,2020-05-29,31,25,多云,南风 3级
广州,2020-05-30,30,26,多云转雨,南风 3级
广州,2020-05-31,31,25,多云转雨,南风 2级
广州,2020-06-01,32,25,多云,南风 3级
广州,2020-06-02,32,25,多云,南风 3级
广州,2020-06-03,32,25,多云,南风 3级
广州,2020-06-04,33,26,多云,南风 3级
广州,2020-06-05,31,25,阴转雨,南风 3级
广州,2020-06-06,29,24,小雨,西南风 3级
广州,2020-06-07,28,26,阴,东南风 3级
广州,2020-06-08,28,26,阴,南风 3级
广州,2020-06-09,30,23,阴转雨,南风 3级
广州,2020-06-10,30,25,多云,南风 3级
广州,2020-06-11,34,26,多云,南风 3级
广州,2020-06-12,35,27,晴,南风 3级
广州,2020-06-13,35,27,多云,东风 3级
广州,2020-06-14,30,25,阴,东南风 4级
广州,2020-06-15,30,25,阴,南风 3级
广州,2020-06-16,33,26,晴,南风 3级
广州,2020-06-17,34,25,晴,南风 3级
广州,2020-06-18,33,26,多云,南风 3级
广州,2020-06-19,35,27,多云,南风 3级
广州,2020-06-20,35,27,晴,南风 3级
广州,2020-06-21,35,27,多云,西南风 3级
广州,2020-06-22,35,28,多云,南风 3级
广州,2020-06-23,35,28,多云,西南风 3级
广州,2020-06-24,35,28,多云,南风 3级
广州,2020-06-25,31,25,阴,南风 3级
广州,2020-06-26,33,26,阴,南风 4级
广州,2020-06-27,34,27,多云,南风 3级
广州,2020-06-28,34,28,多云,南风 3级
广州,2020-06-29,34,28,多云,南风 3级
广州,2020-06-30,35,28,多云,南风 3级
广州,2020-07-01,33,28,小雨,东南风 3级
广州,2020-07-02,31,26,阴,东南风 3级
广州,2020-07-03,32,26,阴,东南风 3级
广州,2020-07-04,32,25,阴,南风 3级
广州,2020-07-05,32,27,多云,南风 3级
广州,2020-07-06,34,26,晴,西南风 3级
广州,2020-07-07,34,27,多云,南风 3级
广州,2020-07-08,33,28,多云,西南风 3级
广州,2020-07-09,33,27,阴,西南风 4级
广州,2020-07-10,34,27,多云,南风 4级
广州,2020-07-11,34,28,晴,南风 4级
广州,2020-07-12,34,28,晴,南风 3级
广州,2020-07-13,35,28,晴,南风 2级
广州,2020-07-14,36,28,多云,西南风 2级
广州,2020-07-15,36,28,多云,西南风 3级
广州,2020-07-16,35,28,多云,西南风 3级
广州,2020-07-17,35,29,晴,西南风 3级
广州,2020-07-18,35,29,晴,南风 3级
广州,2020-07-19,35,29,晴,南风 3级
广州,2020-07-20,35,29,晴,南风 3级
广州,2020-07-21,35,28,晴,南风 3级
广州,2020-07-22,35,28,晴,南风 3级
广州,2020-07-23,36,28,晴,南风 3级
广州,2020-07-24,36,28,晴,南风 3级
广州,2020-07-25,36,28,晴,南风 3级
广州,2020-07-26,37,29,晴,南风 3级
广州,2020-07-27,35,29,多云,南风 3级
广州,2020-07-28,34,28,多云,南风 3级
广州,2020-07-29,35,26,多云,南风 2级
广州,2020-07-30,34,27,多云,东风 3级
广州,2020-07-31,33,26,阴,东风 3级
广州,2020-08-01,32,26,小雨,东风 4级
广州,2020-08-02,30,26,多云,东风 3级
广州,2020-08-03,30,25,多云,东风 3级
广州,2020-08-04,31,26,多云,东南风 2级
广州,2020-08-05,28,25,阴,东南风 3级
广州,2020-08-06,32,25,阴,东南风 3级
广州,2020-08-07,34,26,晴,东南风 3级
广州,2020-08-08,35,27,晴,南风 2级
广州,2020-08-09,36,27,多云,南风 3级
广州,2020-08-10,36,28,多云,南风 3级
广州,2020-08-11,34,28,阴,南风 3级
广州,2020-08-12,32,26,多云,东南风 3级
广州,2020-08-13,33,25,多云,东南风 3级
广州,2020-08-14,32,26,多云,东南风 3级
广州,2020-08-15,34,26,阴,南风 3级
广州,2020-08-16,33,26,多云,东南风 3级
广州,2020-08-17,33,25,多云,东南风 3级
广州,2020-08-18,33,24,阴,东风 3级
广州,2020-08-19,29,23,多云,东风 4级
广州,2020-08-20,34,26,多云,东南风 3级
广州,2020-08-21,35,26,多云,西南风 1级
广州,2020-08-22,36,26,晴,西南风 2级
广州,2020-08-23,35,27,多云,南风 2级
广州,2020-08-24,35,26,多云,西南风 2级
广州,2020-08-25,35,27,多云,西南风 3级
广州,2020-08-26,32,24,阴,西南风 2级
广州,2020-08-27,33,26,多云,北风 2级
广州,2020-08-28,35,25,晴,东北风 2级
广州,2020-08-29,35,27,晴,北风 2级
广州,2020-08-30,36,27,晴,东北风 2级
广州,2020-08-31,35,27,多云,北风 2级
广州,2020-09-01,36,26,晴,北风 2级
广州,2020-09-02,36,26,晴,北风 2级
广州,2020-09-03,36,27,晴,东北风 2级
广州,2020-09-04,35,26,阴,东南风 2级
广州,2020-09-05,33,25,多云,东南风 2级
广州,2020-09-06,33,26,多云,南风 2级
广州,2020-09-07,33,26,阴,东南风 3级
广州,2020-09-08,32,25,多云,东南风 2级
广州,2020-09-09,31,25,多云,东风 2级
广州,2020-09-10,32,26,阴,西南风 2级
广州,2020-09-11,33,25,阴,南风 2级
广州,2020-09-12,33,26,阴,东北风 2级
广州,2020-09-13,32,26,多云,东风 2级
广州,2020-09-14,32,26,阴,东风 2级
广州,2020-09-15,30,25,阴,东南风 3级
广州,2020-09-16,36,26,多云,东南风 3级
广州,2020-09-17,33,26,多云,东风 3级
广州,2020-09-18,31,25,小雨,东北风 3级
广州,2020-09-19,31,25,晴,东风 3级
广州,2020-09-20,33,26,阴,东南风 2级
广州,2020-09-21,32,27,阴,东南风 2级
广州,2020-09-22,33,27,晴,南风 3级
广州,2020-09-23,31,25,阴,东南风 2级
广州,2020-09-24,29,24,多云,北风 3级
广州,2020-09-25,30,24,多云,东北风 3级
广州,2020-09-26,28,24,阴,东风 2级
广州,2020-09-27,26,23,阴,东北风 2级
广州,2020-09-28,28,24,阴,东北风 2级
广州,2020-09-29,32,24,晴,东风 2级
广州,2020-09-30,31,23,阴,东北风 2级
广州,2020-10-01,28,23,多云,东北风 2级
广州,2020-10-02,34,26,晴,东南风 2级
广州,2020-10-03,33,24,晴,东南风 2级
广州,2020-10-04,33,23,阴,北风 2级
广州,2020-10-05,28,21,多云,东北风 3级
广州,2020-10-06,25,21,晴,北风 3级
广州,2020-10-07,25,21,晴,北风 4级
广州,2020-10-08,24,21,晴,北风 3级
广州,2020-10-09,26,21,晴,北风 3级
广州,2020-10-10,29,21,晴,北风 3级
广州,2020-10-11,31,21,晴,北风 3级
广州,2020-10-12,31,22,多云,东北风 3级
广州,2020-10-13,27,22,阴,东北风 4级
广州,2020-10-14,27,23,阴,东北风 3级
广州,2020-10-15,30,23,多云,东北风 3级
广州,2020-10-16,30,21,晴,北风 3级
广州,2020-10-17,26,21,晴,北风 4级
广州,2020-10-18,27,20,多云,北风 4级
广州,2020-10-19,26,19,多云,北风 4级
广州,2020-10-20,27,19,晴,北风 4级
广州,2020-10-21,25,20,多云,北风 4级
广州,2020-10-22,26,19,多云,北风 4级
广州,2020-10-23,26,17,多云,北风 4级
广州,2020-10-24,26,18,多云,东北风 3级
广州,2020-10-25,28,20,多云,东北风 2级
广州,2020-10-26,31,19,晴,东北风 2级
广州,2020-10-27,31,19,多云,东北风 2级
广州,2020-10-28,27,19,阴,东北风 2级
广州,2020-10-29,22,19,多云,北风 3级
广州,2020-10-30,24,20,晴,北风 2级
广州,2020-10-31,27,19,晴,北风 2级
广州,2020-11-01,29,20,晴,东北风 2级
广州,2020-11-02,27,19,晴,北风 3级
广州,2020-11-03,25,19,晴,北风 3级
广州,2020-11-04,24,19,晴,东北风 3级
广州,2020-11-05,27,20,晴,东北风 2级
广州,2020-11-06,30,21,晴,北风 3级
广州,2020-11-07,29,20,晴,北风 4级
广州,2020-11-08,29,20,晴,北风 4级
广州,2020-11-09,27,18,晴,北风 4级
广州,2020-11-10,25,18,晴,北风 3级
广州,2020-11-11,27,15,晴,东北风 3级
广州,2020-11-12,27,16,晴,北风 3级
广州,2020-11-13,26,18,阴,北风 3级
广州,2020-11-14,22,19,阴,北风 3级
广州,2020-11-15,23,19,晴,东北风 2级
广州,2020-11-16,30,21,多云,东北风 2级
广州,2020-11-17,25,22,晴,南风 3级
广州,2020-11-18,30,23,晴,东南风 2级
广州,2020-11-19,31,23,晴,南风 2级
广州,2020-11-20,30,23,晴,东南风 2级
广州,2020-11-21,27,21,多云,东南风 3级
广州,2020-11-22,30,20,多云,东北风 2级
广州,2020-11-23,23,18,多云,北风 3级
广州,2020-11-24,26,19,晴,北风 2级
广州,2020-11-25,28,19,晴,东北风 2级
广州,2020-11-26,28,16,晴,北风 2级
广州,2020-11-27,24,14,晴,北风 4级
广州,2020-11-28,23,13,晴,北风 4级
广州,2020-11-29,20,14,晴,北风 3级
广州,2020-11-30,21,13,晴,北风 3级
广州,2020-12-01,22,14,晴,北风 3级
广州,2020-12-02,22,13,晴,北风 3级
广州,2020-12-03,19,12,晴,北风 4级
广州,2020-12-04,17,10,晴,北风 4级
广州,2020-12-05,19,11,晴,北风 3级
广州,2020-12-06,21,13,晴,北风 2级
广州,2020-12-07,22,11,晴,北风 3级
广州,2020-12-08,22,12,晴,北风 3级
广州,2020-12-09,21,14,多云,北风 2级
广州,2020-12-10,22,18,多云,北风 3级
广州,2020-12-11,24,18,多云,北风 2级
广州,2020-12-12,23,18,多云,北风 2级
广州,2020-12-13,23,19,阴,东风 2级
广州,2020-12-14,21,10,阴,北风 3级
广州,2020-12-15,11,8,晴,北风 3级
广州,2020-12-16,13,9,多云,北风 3级
广州,2020-12-17,11,9,多云,北风 3级
广州,2020-12-18,17,9,晴,北风 3级
广州,2020-12-19,14,9,晴,北风 4级
广州,2020-12-20,16,10,晴,北风 4级
广州,2020-12-21,18,10,晴,北风 3级
广州,2020-12-22,19,13,阴,北风 2级
广州,2020-12-23,23,14,多云,北风 2级
广州,2020-12-24,23,16,晴,北风 3级
广州,2020-12-25,20,15,多云,北风 2级
广州,2020-12-26,22,17,多云,东南风 2级
广州,2020-12-27,26,16,晴,西风 1级
广州,2020-12-28,27,16,晴,东南风 2级
广州,2020-12-29,27,9,晴,西北风 2级
广州,2020-12-30,14,5,晴,北风 5级
广州,2020-12-31,12,3,晴,北风 4级
广州,2021-01-01,15,5,晴,北风 3级
广州,2021-01-02,19,7,晴,东北风 2级
广州,2021-01-03,20,10,多云,北风 2级
广州,2021-01-04,21,15,多云,北风 2级
广州,2021-01-05,23,11,晴,北风 3级
广州,2021-01-06,20,8,阴,北风 3级
广州,2021-01-07,13,5,阴,北风 4级
广州,2021-01-08,6,5,多云,北风 4级
广州,2021-01-09,11,7,多云,北风 3级
广州,2021-01-10,12,7,阴,北风 3级
广州,2021-01-11,7,4,小雨,北风 4级
广州,2021-01-12,16,4,晴,北风 3级
广州,2021-01-13,19,7,晴,北风 2级
广州,2021-01-14,21,7,霾,东南风 1级
广州,2021-01-15,22,11,霾,东南风 1级
广州,2021-01-16,22,8,霾,东风 1级
广州,2021-01-17,18,6,晴,北风 4级
广州,2021-01-18,18,6,晴,北风 3级
广州,2021-01-19,21,12,晴,东风 2级
广州,2021-01-20,22,15,多云,东北风 1级
广州,2021-01-21,22,16,阴,北风 1级
广州,2021-01-22,23,15,晴,北风 2级
广州,2021-01-23,25,14,晴,北风 2级
广州,2021-01-24,23,15,多云,东南风 3级
广州,2021-01-25,26,14,多云,东南风 2级
广州,2021-01-26,25,13,晴,北风 2级
广州,2021-01-27,24,14,晴,东北风 2级
广州,2021-01-28,20,11,晴,北风 3级
广州,2021-01-29,21,10,晴,东北风 2级
广州,2021-01-30,23,12,晴,东南风 2级
广州,2021-01-31,25,14,晴,东南风 2级
广州,2021-02-01,27,15,晴,东南风 2级
广州,2021-02-02,26,15,晴,东南风 2级
广州,2021-02-03,25,13,晴,东南风 2级
广州,2021-02-04,27,14,晴,南风 2级
广州,2021-02-05,27,15,晴,南风 2级
广州,2021-02-06,28,15,晴,南风 2级
广州,2021-02-07,28,16,晴,东南风 2级
广州,2021-02-08,27,15,阴,东风 2级
广州,2021-02-09,21,13,小雨,东北风 3级
广州,2021-02-10,15,13,晴,北风 3级
广州,2021-02-11,19,12,晴,北风 3级
广州,2021-02-12,23,14,多云,北风 3级
广州,2021-02-13,25,13,多云,北风 2级
广州,2021-02-14,26,14,晴,西北风 2级
广州,2021-02-15,28,15,晴,东南风 2级
广州,2021-02-16,26,14,多云,南风 3级
广州,2021-02-17,24,13,晴,北风 4级
广州,2021-02-18,24,11,晴,东北风 3级
广州,2021-02-19,25,13,晴,北风 2级
广州,2021-02-20,26,15,晴,南风 2级
广州,2021-02-21,26,16,晴,南风 3级
广州,2021-02-22,27,17,晴,南风 2级
广州,2021-02-23,29,18,晴,东南风 2级
广州,2021-02-24,23,19,阴,南风 3级
广州,2021-02-25,24,16,阴,东南风 3级
广州,2021-02-26,22,14,阴,北风 3级
广州,2021-02-27,16,15,多云,北风 3级
广州,2021-02-28,21,17,多云,东风 2级
广州,2021-03-01,25,14,阴,东南风 2级
广州,2021-03-02,20,15,多云,北风 4级
广州,2021-03-03,20,16,阴,东北风 2级
广州,2021-03-04,17,16,阴,东北风 2级
广州,2021-03-05,21,17,阴,东南风 2级
广州,2021-03-06,22,15,多云,东南风 2级
广州,2021-03-07,23,16,多云,北风 3级
广州,2021-03-08,19,17,晴,东风 2级
广州,2021-03-09,24,18,晴,北风 1级
广州,2021-03-10,24,18,阴,东北风 2级
广州,2021-03-11,26,19,多云,东南风 2级
广州,2021-03-12,29,19,晴,北风 2级
广州,2021-03-13,25,20,多云,东风 2级
广州,2021-03-14,26,19,晴,南风 2级
广州,2021-03-15,28,20,晴,南风 3级
广州,2021-03-16,28,20,晴,南风 2级
广州,2021-03-17,29,21,多云,南风 3级
广州,2021-03-18,29,22,晴,南风 3级
广州,2021-03-19,29,22,晴,南风 3级
广州,2021-03-20,30,18,多云,南风 2级
广州,2021-03-21,18,13,阴,北风 4级
广州,2021-03-22,20,13,多云,北风 3级
广州,2021-03-23,18,16,多云,东北风 2级
广州,2021-03-24,23,16,晴,北风 2级
广州,2021-03-25,28,17,晴,东南风 2级
广州,2021-03-26,27,19,晴,南风 3级
广州,2021-03-27,28,21,晴,南风 3级
广州,2021-03-28,30,22,晴,南风 2级
广州,2021-03-29,29,23,晴,南风 3级
广州,2021-03-30,31,25,多云,南风 3级
广州,2021-03-31,28,24,晴,南风 3级
广州,2021-04-01,31,24,晴,南风 3级
广州,2021-04-02,31,23,多云,南风 3级
广州,2021-04-03,32,23,多云,南风 2级
广州,2021-04-04,23,21,阴,北风 3级
广州,2021-04-05,24,19,多云,东北风 2级
广州,2021-04-06,30,21,多云,东南风 2级
广州,2021-04-07,27,20,晴,南风 3级
广州,2021-04-08,22,17,小雨到中雨,东风 3级
广州,2021-04-09,22,18,阴,东北风 2级
广州,2021-04-10,26,19,晴,东风 2级
广州,2021-04-11,29,19,晴,南风 3级
广州,2021-04-12,30,20,晴,南风 3级
广州,2021-04-13,31,21,晴,南风 3级
广州,2021-04-14,31,22,晴,南风 3级
广州,2021-04-15,26,21,阴,东南风 3级
广州,2021-04-16,23,20,阴,东南风 2级
广州,2021-04-17,25,20,阴,北风 2级
广州,2021-04-18,27,19,小雨,东风 2级
广州,2021-04-19,24,19,阴,东风 2级
广州,2021-04-20,25,20,多云,东南风 2级
广州,2021-04-21,31,21,晴,南风 2级
广州,2021-04-22,31,21,晴,西南风 2级
广州,2021-04-23,34,21,多云,南风 2级
广州,2021-04-24,27,23,晴,南风 4级
广州,2021-04-25,27,22,阴,东风 3级
广州,2021-04-26,24,21,阴,东北风 2级
广州,2021-04-27,22,20,阴,东风 2级
广州,2021-04-28,22,19,阴,北风 2级
广州,2021-04-29,22,18,晴,北风 3级
广州,2021-04-30,32,19,多云,南风 2级
广州,2021-05-01,32,22,多云,南风 2级
广州,2021-05-02,32,20,小雨到中雨,南风 2级
广州,2021-05-03,26,22,阴,东南风 3级
广州,2021-05-04,31,20,小雨转阴,南风 3级
广州,2021-05-05,29,22,阴,北风 2级
广州,2021-05-06,30,23,多云,东南风 3级
广州,2021-05-07,31,23,阴,南风 2级
广州,2021-05-08,34,25,多云,西南风 2级
广州,2021-05-09,35,25,阴,南风 3级
广州,2021-05-10,34,26,多云,南风 3级
广州,2021-05-11,34,26,多云,南风 3级
广州,2021-05-12,34,26,阴,南风 3级
广州,2021-05-13,33,26,阴,南风 3级
广州,2021-05-14,33,26,多云,南风 3级
广州,2021-05-15,34,27,多云,南风 3级
广州,2021-05-16,35,25,阴,南风 3级
广州,2021-05-17,34,25,中雨到大雨,西南风 3级
广州,2021-05-18,33,26,多云,南风 2级
广州,2021-05-19,34,26,阴,南风 3级
广州,2021-05-20,34,27,阴,西南风 3级
广州,2021-05-21,36,28,多云,南风 3级
广州,2021-05-22,35,27,多云,南风 3级
广州,2021-05-23,35,26,多云,南风 3级
广州,2021-05-24,31,26,小雨到中雨,东北风 2级
广州,2021-05-25,33,25,中雨到大雨,东风 2级
广州,2021-05-26,35,26,多云,南风 2级
广州,2021-05-27,34,26,阴转小雨,西南风 3级
广州,2021-05-28,35,26,多云,西南风 3级
广州,2021-05-29,34,25,小雨,西南风 3级
广州,2021-05-30,34,25,小雨到中雨,西南风 2级
广州,2021-05-31,32,25,小雨到中雨,西南风 2级
广州,2021-06-01,30,25,小雨到中雨,东风 2级
广州,2021-06-02,31,26,小雨,南风 2级
广州,2021-06-03,33,24,阴,南风 2级
广州,2021-06-04,26,23,多云,北风 3级
广州,2021-06-05,30,23,晴,北风 2级
广州,2021-06-06,34,24,阴,东北风 2级
广州,2021-06-07,32,25,多云,东南风 2级
广州,2021-06-08,34,25,晴,东南风 2级
广州,2021-06-09,33,25,多云,东南风 3级
广州,2021-06-10,32,25,阴,东南风 2级
广州,2021-06-11,32,26,阴,东风 3级
广州,2021-06-12,31,25,阴,东风 3级
广州,2021-06-13,32,26,阴,东南风 3级
广州,2021-06-14,30,26,阴,南风 3级
广州,2021-06-15,33,26,阴,南风 2级
广州,2021-06-16,34,27,多云,南风 3级
广州,2021-06-17,34,27,阴,南风 2级
广州,2021-06-18,35,27,多云,西南风 3级
广州,2021-06-19,35,28,阴,西南风 3级
广州,2021-06-20,36,31,多云,西南风 3级
广州,2021-06-21,35,25,小雨,西南风 2级
广州,2021-06-22,28,24,阴,西风 1级
广州,2021-06-23,29,24,阴,东南风 1级
广州,2021-06-24,30,23,阴,东南风 2级
广州,2021-06-25,32,26,阴,南风 2级
广州,2021-06-26,33,26,阴,南风 2级
广州,2021-06-27,35,26,阴,西南风 3级
广州,2021-06-28,30,26,阴,南风 3级
广州,2021-06-29,32,26,阴,南风 2级
广州,2021-06-30,33,27,阴,南风 3级
广州,2021-07-01,34,28,阴,南风 3级
广州,2021-07-02,34,28,多云,南风 3级
广州,2021-07-03,33,28,阴,南风 3级
广州,2021-07-04,35,27,多云,东南风 3级
广州,2021-07-05,34,26,晴,东南风 3级
广州,2021-07-06,33,25,多云,东南风 3级
广州,2021-07-07,32,26,晴,东南风 3级
广州,2021-07-08,33,27,晴,东南风 3级
广州,2021-07-09,35,26,晴,南风 2级
广州,2021-07-10,35,26,晴,东南风 3级
广州,2021-07-11,35,26,晴,东南风 3级
广州,2021-07-12,34,26,晴,南风 3级
广州,2021-07-13,35,26,阴,南风 3级
广州,2021-07-14,36,26,晴,南风 3级
广州,2021-07-15,34,26,晴,南风 3级
广州,2021-07-16,35,25,阴,南风 2级
广州,2021-07-17,34,25,阴,东南风 2级
广州,2021-07-18,34,24,多云,东风 2级
广州,2021-07-19,30,24,阴,东风 3级
广州,2021-07-20,28,24,阴,东风 3级
广州,2021-07-21,27,25,阴,东风 3级
广州,2021-07-22,35,25,晴,东南风 2级
广州,2021-07-23,37,25,晴,北风 2级
广州,2021-07-24,36,26,阴,北风 2级
广州,2021-07-25,36,26,中雨,东北风 2级
广州,2021-07-26,35,26,多云,西风 2级
广州,2021-07-27,37,27,多云,西风 2级
广州,2021-07-28,38,26,阴,西南风 2级
广州,2021-07-29,36,26,多云,南风 2级
广州,2021-07-30,32,25,多云,南风 2级
广州,2021-07-31,33,26,多云,西南风 2级
广州,2021-08-01,36,26,多云,南风 2级
广州,2021-08-02,34,26,多云,西南风 2级
广州,2021-08-03,34,27,小雨,东北风 3级
广州,2021-08-04,32,26,多云,北风 3级
广州,2021-08-05,30,26,多云,西风 2级
广州,2021-08-06,32,26,多云,西南风 2级
广州,2021-08-07,35,26,多云,西南风 2级
广州,2021-08-08,32,26,多云,南风 2级
广州,2021-08-09,29,26,多云,东南风 2级
广州,2021-08-10,31,26,多云,东南风 3级
广州,2021-08-11,33,25,多云,东南风 2级
广州,2021-08-12,34,26,多云,南风 3级
广州,2021-08-13,33,25,多云,南风 2级
广州,2021-08-14,31,25,多云,南风 2级
广州,2021-08-15,31,25,多云,东南风 2级
广州,2021-08-16,34,26,晴,南风 2级
广州,2021-08-17,34,26,多云,南风 2级
广州,2021-08-18,31,26,多云,西南风 2级
广州,2021-08-19,33,24,晴,东南风 2级
广州,2021-08-20,34,26,多云,南风 2级
广州,2021-08-21,35,27,多云,南风 3级
广州,2021-08-22,35,27,多云,南风 3级
广州,2021-08-23,35,27,多云,南风 3级
广州,2021-08-24,34,26,多云,南风 3级
广州,2021-08-25,34,26,多云,东南风 3级
广州,2021-08-26,35,26,多云,东南风 3级
广州,2021-08-27,33,25,晴,东南风 2级
广州,2021-08-28,33,25,多云,东风 2级
广州,2021-08-29,33,25,小雨,东南风 2级
广州,2021-08-30,34,25,多云,东南风 2级
广州,2021-08-31,30,24,多云,东风 2级
广州,2021-09-01,31,25,多云,东风 2级
广州,2021-09-02,33,25,晴,南风 1级
广州,2021-09-03,34,26,多云,南风 2级
广州,2021-09-04,35,26,多云,南风 2级
广州,2021-09-05,35,26,多云,南风 1级
广州,2021-09-06,35,25,多云,东北风 1级
广州,2021-09-07,35,25,多云,南风 1级
广州,2021-09-08,34,25,多云,北风 0级
广州,2021-09-09,36,26,多云,南风 1级
广州,2021-09-10,35,27,多云,北风 0级
广州,2021-09-11,36,27,晴,北风 0级
广州,2021-09-12,36,27,晴,北风 0级
广州,2021-09-13,36,26,多云,南风 1级
广州,2021-09-14,35,26,多云,东风 0级
广州,2021-09-15,34,25,多云,东南风 0级
广州,2021-09-16,35,25,多云,东北风 1级
广州,2021-09-17,34,26,多云,东北风 1级
广州,2021-09-18,33,25,多云,南风 2级
广州,2021-09-19,35,25,多云,南风 2级
广州,2021-09-20,33,25,多云,南风 1级
广州,2021-09-21,35,25,多云,西南风 1级
广州,2021-09-22,35,25,多云,东北风 1级
广州,2021-09-23,32,25,多云,北风 0级
广州,2021-09-24,33,25,晴,东北风 1级
广州,2021-09-25,34,25,晴,东北风 1级
广州,2021-09-26,33,25,晴,北风 0级
广州,2021-09-27,35,24,晴,西南风 1级
广州,2021-09-28,34,26,晴,南风 1级
广州,2021-09-29,35,26,晴,南风 2级
广州,2021-09-30,35,25,晴,南风 1级
广州,2021-10-01,34,25,多云,东北风 1级
广州,2021-10-02,33,26,晴,东南风 2级
广州,2021-10-03,34,25,多云,东南风 0级
广州,2021-10-04,34,24,晴,南风 0级
广州,2021-10-05,34,24,晴,北风 0级
广州,2021-10-06,35,24,晴,东北风 1级
广州,2021-10-07,34,25,多云,东风 2级
广州,2021-10-08,20,11,多云,西北风 1级
广州,2021-10-09,26,23,多云,东风 1级
广州,2021-10-10,28,23,多云,南风 0级
广州,2021-10-11,29,22,多云,东北风 2级
广州,2021-10-12,25,20,多云,北风 2级
广州,2021-10-13,25,20,多云,东北风 2级
广州,2021-10-14,30,23,多云,东北风 1级
广州,2021-10-15,24,21,阴到小雨,东风 1级
广州,2021-10-16,25,18,多云,北风 3级
广州,2021-10-17,24,16,晴,东北风 2级
广州,2021-10-18,27,18,多云,东北风 1级
广州,2021-10-19,30,19,多云,西南风 1级
广州,2021-10-20,31,17,多云,西南风 1级
广州,2021-10-21,20,15,多云,东风 1级
广州,2021-10-22,19,15,多云,东北风 1级
广州,2021-10-23,18,15,多云,东北风 1级
广州,2021-10-24,25,16,晴,东北风 2级
广州,2021-10-25,25,18,晴,东北风 1级
广州,2021-10-26,29,20,多云,东北风 2级
广州,2021-10-27,29,19,多云,西南风 1级
广州,2021-10-28,29,19,多云,南风 0级
广州,2021-10-29,29,20,多云,东北风 2级
广州,2021-10-30,19,18,多云,东北风 1级
广州,2021-10-31,25,19,多云,北风 2级
广州,2021-11-01,25,19,多云,西北风 1级
广州,2021-11-02,25,20,多云,西南风 1级
广州,2021-11-03,26,21,多云,南风 0级
广州,2021-11-04,28,21,晴,南风 1级
广州,2021-11-05,30,22,晴,南风 1级
广州,2021-11-06,31,20,晴,东北风 1级
广州,2021-11-07,30,12,小雨,东风 2级
广州,2021-11-08,19,10,晴,东北风 2级
广州,2021-11-09,21,12,多云,东北风 1级
广州,2021-11-10,23,11,晴,东北风 3级
广州,2021-11-11,26,13,多云,北风 3级
广州,2021-11-12,24,12,多云,北风 2级
广州,2021-11-13,24,14,多云,北风 3级
广州,2021-11-14,25,16,多云,北风 0级
广州,2021-11-15,23,18,多云,北风 2级
广州,2021-11-16,25,16,晴,东北风 1级
广州,2021-11-17,21,17,多云,北风 2级
广州,2021-11-18,24,16,多云,北风 2级
广州,2021-11-19,24,19,多云,东北风 1级
广州,2021-11-20,28,18,晴,南风 2级
广州,2021-11-21,27,13,多云,东风 0级
广州,2021-11-22,17,11,多云,东北风 2级
广州,2021-11-23,16,11,晴,东北风 1级
广州,2021-11-24,21,14,晴,东南风 1级
广州,2021-11-25,24,12,多云,北风 2级
广州,2021-11-26,25,11,多云,北风 3级
广州,2021-11-27,25,13,多云,北风 0级
广州,2021-11-28,25,14,多云,北风 2级
广州,2021-11-29,27,13,晴,北风 3级
广州,2021-11-30,22,8,多云,东北风 2级
广州,2021-12-01,19,7,多云,北风 1级
广州,2021-12-02,21,7,多云,东北风 3级
广州,2021-12-03,22,7,多云,东北风 1级
广州,2021-12-04,22,7,多云,北风 2级
广州,2021-12-05,22,8,多云,东北风 2级
广州,2021-12-06,23,9,晴,北风 3级
广州,2021-12-07,24,10,晴,东北风 2级
广州,2021-12-08,26,11,晴,东北风 1级
广州,2021-12-09,25,12,晴,西北风 1级
广州,2021-12-10,25,16,晴,东北风 1级
广州,2021-12-11,27,11,晴,东风 1级
广州,2021-12-12,26,11,晴,东北风 2级
广州,2021-12-13,22,11,晴,北风 0级
广州,2021-12-14,24,15,多云,北风 0级
广州,2021-12-15,22,17,多云,东北风 1级
广州,2021-12-16,26,17,多云,北风 1级
广州,2021-12-17,11,-1,晴,东北风 2级
广州,2021-12-18,20,10,多云,北风 2级
广州,2021-12-19,18,13,多云,东北风 2级
广州,2021-12-20,16,12,小雨,东风 1级
广州,2021-12-21,18,12,中雨,北风 2级
广州,2021-12-22,23,14,阴,东北风 2级
广州,2021-12-23,18,14,多云,北风 0级
广州,2021-12-24,19,14,阴,东风 1级
广州,2021-12-25,21,8,晴,东北风 1级
广州,2021-12-26,13,5,小雨,东北风 2级
广州,2021-12-27,10,7,多云,东北风 2级
广州,2021-12-28,13,9,多云,北风 1级
广州,2021-12-29,15,10,多云,东南风 1级
广州,2021-12-30,19,9,晴,东北风 1级
广州,2021-12-31,21,12,多云,西风 1级
广州,2022-01-01,23,10,多云,东南风 1级
广州,2022-01-02,23,12,晴,北风 0级
广州,2022-01-03,25,12,晴,北风 1级
广州,2022-01-04,25,15,多云,北风 0级
广州,2022-01-05,25,16,多云,西北风 1级
广州,2022-01-06,24,11,多云,东北风 1级
广州,2022-01-07,22,11,晴,东北风 1级
广州,2022-01-08,20,14,晴,东北风 2级
广州,2022-01-09,18,12,晴,东北风 1级
广州,2022-01-10,18,11,多云,东北风 2级
广州,2022-01-11,17,8,晴,东北风 1级
广州,2022-01-12,15,10,多云,东北风 2级
广州,2022-01-13,17,10,多云,东北风 1级
广州,2022-01-14,15,13,多云,东南风 2级
广州,2022-01-15,19,13,多云,北风 1级
广州,2022-01-16,23,13,多云,北风 2级
广州,2022-01-17,16,12,多云,南风 1级
广州,2022-01-18,15,12,多云,东南风 1级
广州,2022-01-19,20,10,晴,北风 1级
广州,2022-01-20,21,12,多云,北风 0级
广州,2022-01-21,20,15,多云,东南风 1级
广州,2022-01-22,23,16,多云,东风 1级
广州,2022-01-23,19,14,多云,北风 1级
广州,2022-01-24,19,14,阴,北风 1级
广州,2022-01-25,19,13,多云,东南风 1级
广州,2022-01-26,21,15,多云,东风 1级
广州,2022-01-27,23,17,多云,东南风 1级
广州,2022-01-28,19,12,多云,东北风 1级
广州,2022-01-29,15,9,多云,北风 1级
广州,2022-01-30,12,8,多云,东北风 2级
广州,2022-01-31,8,6,小雨,东北风 2级
广州,2022-02-01,11,8,中雨,北风 2级
广州,2022-02-02,10,7,小雨,北风 1级
广州,2022-02-03,10,7,小雨,北风 1级
广州,2022-02-04,15,6,多云,北风 2级
广州,2022-02-05,13,9,多云,东北风 1级
广州,2022-02-06,15,11,多云,东南风 1级
广州,2022-02-07,15,8,小雨,北风 1级
广州,2022-02-08,13,9,多云,北风 2级
广州,2022-02-09,13,9,阴,北风 1级
广州,2022-02-10,16,8,阴,北风 2级
广州,2022-02-11,22,13,多云,西北风 2级
广州,2022-02-12,20,15,多云,北风 1级
广州,2022-02-13,13,9,多云,北风 1级
广州,2022-02-14,21,10,晴,北风 2级
广州,2022-02-15,21,12,多云,北风 1级
广州,2022-02-16,20,13,多云,南风 2级
广州,2022-02-17,16,13,小雨,东风 1级
广州,2022-02-18,17,10,多云,北风 2级
广州,2022-02-19,9,5,中雨,北风 2级
广州,2022-02-20,6,4,大雨,东南风 2级
广州,2022-02-21,7,5,中雨,北风 2级
广州,2022-02-22,9,6,小雨,北风 2级
广州,2022-02-23,14,5,多云,北风 3级
广州,2022-02-24,16,6,多云,北风 1级
广州,2022-02-25,19,8,多云,东北风 1级
广州,2022-02-26,23,10,多云,北风 1级
广州,2022-02-27,25,13,多云,南风 1级
广州,2022-02-28,25,14,阴,南风 1级
广州,2022-03-01,14,-4,晴,西风 2级
广州,2022-03-02,25,16,阴,东南风 1级
广州,2022-03-03,26,17,多云,东南风 1级
广州,2022-03-04,28,17,晴,东南风 3级
广州,2022-03-05,27,20,晴,东南风 2级
广州,2022-03-06,23,14,阴,南风 2级
广州,2022-03-07,23,12,晴,北风 1级
广州,2022-03-08,25,10,晴,南风 2级
广州,2022-03-09,25,14,多云,东南风 2级
广州,2022-03-10,27,15,多云,南风 1级
广州,2022-03-11,27,16,晴,南风 3级
广州,2022-03-12,27,17,多云,南风 2级
广州,2022-03-13,27,18,晴,东南风 1级
广州,2022-03-14,28,19,晴,南风 1级
广州,2022-03-15,30,19,多云,东南风 1级
广州,2022-03-16,27,20,多云,南风 2级
广州,2022-03-17,27,19,阴,东南风 1级
广州,2022-03-18,27,22,多云,东风 1级
广州,2022-03-19,29,21,多云,东南风 1级
广州,2022-03-20,28,23,多云,东南风 3级
广州,2022-03-21,28,21,多云,东南风 2级
广州,2022-03-22,27,16,多云,北风 1级
广州,2022-03-23,16,12,小雨到中雨,北风 2级
广州,2022-03-24,16,13,多云,东风 1级
广州,2022-03-25,24,18,多云,南风 1级
广州,2022-03-26,27,16,多云,北风 2级
广州,2022-03-27,22,15,阴,北风 1级
广州,2022-03-28,21,13,多云,东北风 1级
广州,2022-03-29,21,17,多云,东风 1级
广州,2022-03-30,25,19,阴,西南风 1级
广州,2022-03-31,29,17,多云,北风 1级
广州,2022-04-01,16,13,多云,北风 2级
广州,2022-04-02,15,12,多云,北风 2级
广州,2022-04-03,23,10,晴,东北风 1级
广州,2022-04-04,26,11,晴,南风 1级
广州,2022-04-05,28,14,晴,东南风 1级
广州,2022-04-06,29,19,多云,东南风 1级
广州,2022-04-07,31,19,晴,南风 1级
广州,2022-04-08,31,19,晴,南风 1级
广州,2022-04-09,30,16,晴,南风 1级
广州,2022-04-10,31,17,晴,南风 2级
广州,2022-04-11,31,18,晴,南风 1级
广州,2022-04-12,30,20,多云,南风 1级
广州,2022-04-13,28,19,多云,北风 2级
广州,2022-04-14,30,18,晴,东北风 2级
广州,2022-04-15,29,20,多云,东南风 1级
广州,2022-04-16,24,18,多云,北风 2级
广州,2022-04-17,21,15,多云,北风 2级
广州,2022-04-18,19,15,多云,北风 1级
广州,2022-04-19,19,15,小雨到中雨,东南风 1级
广州,2022-04-20,22,17,多云,南风 1级
广州,2022-04-21,27,20,多云,南风 2级
广州,2022-04-22,30,22,多云,东南风 1级
广州,2022-04-23,29,22,多云,南风 1级
广州,2022-04-24,29,24,多云,南风 2级
广州,2022-04-25,31,24,多云,东南风 2级
广州,2022-04-26,32,25,多云,南风 1级
广州,2022-04-27,31,24,多云,南风 1级
广州,2022-04-28,31,25,多云,南风 1级
广州,2022-04-29,31,24,多云,北风 1级
广州,2022-04-30,31,16,小雨到中雨,东北风 1级
广州,2022-05-01,18,15,小雨到中雨,北风 3级
广州,2022-05-02,23,15,多云,东北风 1级
广州,2022-05-03,27,15,晴,东北风 1级
广州,2022-05-04,29,18,多云,南风 2级
广州,2022-05-05,30,21,多云,东南风 1级
广州,2022-05-06,30,21,多云,南风 2级
广州,2022-05-07,29,21,小雨,东风 1级
广州,2022-05-08,25,22,多云,东南风 1级
广州,2022-05-09,27,22,多云,东南风 2级
广州,2022-05-10,26,23,小雨到中雨,东南风 3级
广州,2022-05-11,27,22,小雨,东风 1级
广州,2022-05-12,25,22,阴,西北风 1级
广州,2022-05-13,27,22,多云,北风 3级
广州,2022-05-14,26,18,小雨,东南风 1级
广州,2022-05-15,23,16,多云,北风 2级
广州,2022-05-16,22,16,多云,北风 2级
广州,2022-05-17,27,17,多云,南风 1级
广州,2022-05-18,29,19,多云,南风 1级
广州,2022-05-19,31,23,多云,南风 1级
广州,2022-05-20,30,24,多云,东南风 3级
广州,2022-05-21,32,24,多云,东南风 1级
广州,2022-05-22,28,23,多云,东南风 1级
广州,2022-05-23,28,23,多云,东风 1级
广州,2022-05-24,27,24,多云,南风 1级
广州,2022-05-25,29,24,多云,东南风 1级
广州,2022-05-26,32,25,多云,南风 2级
广州,2022-05-27,30,24,多云,东南风 1级
广州,2022-05-28,32,26,多云,东南风 2级
广州,2022-05-29,33,25,多云,南风 2级
广州,2022-05-30,33,25,多云,东南风 1级
广州,2022-05-31,33,26,多云,南风 2级
广州,2022-06-01,33,26,多云,南风 1级
广州,2022-06-02,31,26,多云,东南风 2级
广州,2022-06-03,32,26,多云,南风 1级
广州,2022-06-04,32,28,多云,南风 4级
广州,2022-06-05,32,25,多云,南风 1级
广州,2022-06-06,31,24,多云,西北风 1级
广州,2022-06-07,29,22,小雨到大雨,东风 2级
广州,2022-06-08,27,24,多云,东南风 2级
广州,2022-06-09,30,24,多云,南风 1级
广州,2022-06-10,30,25,多云,东南风 1级
广州,2022-06-11,29,25,多云,东南风 1级
广州,2022-06-12,29,24,小雨到中雨,西南风 1级
广州,2022-06-13,31,24,多云,西风 1级
广州,2022-06-14,28,24,多云,北风 1级
广州,2022-06-15,27,23,暴雨到暴风雨,西风 1级
广州,2022-06-16,29,24,多云,东风 1级
广州,2022-06-17,31,25,多云,东南风 2级
广州,2022-06-18,30,25,多云,东南风 2级
广州,2022-06-19,29,25,多云,南风 2级
广州,2022-06-20,30,25,多云,东南风 2级
广州,2022-06-21,32,28,多云,南风 2级
广州,2022-06-22,33,26,多云,南风 2级
广州,2022-06-23,33,26,晴,东南风 3级
广州,2022-06-24,35,25,多云,南风 1级
广州,2022-06-25,35,25,多云,南风 2级
广州,2022-06-26,35,26,多云,南风 1级
广州,2022-06-27,35,25,多云,南风 2级
广州,2022-06-28,35,26,多云,南风 1级
广州,2022-06-29,35,26,多云,东南风 1级
广州,2022-06-30,34,25,多云,东风 1级
广州,2022-07-01,32,25,小雨,东北风 2级
广州,2022-07-02,29,25,小雨到暴风雨,东南风 2级
广州,2022-07-03,30,27,多云,南风 1级
广州,2022-07-04,29,26,多云,东南风 1级
广州,2022-07-05,30,24,大雨,南风 2级
广州,2022-07-06,31,26,多云,东南风 1级
广州,2022-07-07,31,26,多云,东南风 2级
广州,2022-07-08,33,26,多云,南风 1级
广州,2022-07-09,34,26,多云,东南风 1级
广州,2022-07-10,35,26,晴,南风 2级
广州,2022-07-11,35,26,晴,南风 1级
广州,2022-07-12,36,26,晴,南风 1级
广州,2022-07-13,36,26,晴,南风 1级
广州,2022-07-14,35,26,多云,东南风 3级
广州,2022-07-15,36,26,多云,南风 2级
广州,2022-07-16,35,26,多云,南风 2级
广州,2022-07-17,35,27,多云,南风 2级
广州,2022-07-18,35,28,多云,南风 1级
广州,2022-07-19,35,27,多云,南风 1级
广州,2022-07-20,35,27,多云,东南风 2级
广州,2022-07-21,36,26,晴,南风 2级
广州,2022-07-22,36,26,晴,西南风 1级
广州,2022-07-23,37,27,晴,东南风 3级
广州,2022-07-24,38,27,晴,南风 1级
广州,2022-07-25,38,27,晴,南风 1级
广州,2022-07-26,38,26,晴,南风 1级
广州,2022-07-27,38,27,晴,南风 2级
广州,2022-07-28,38,27,多云,南风 2级
广州,2022-07-29,38,27,多云,东南风 1级
广州,2022-07-30,37,25,多云,东风 2级
广州,2022-07-31,36,26,晴,南风 1级
广州,2022-08-01,36,26,多云,南风 1级
广州,2022-08-02,37,25,多云,东南风 2级
广州,2022-08-03,33,25,阴,东南风 1级
广州,2022-08-04,28,25,小雨,东南风 1级
广州,2022-08-05,31,25,多云,东风 1级
广州,2022-08-06,33,25,多云,南风 1级
广州,2022-08-07,34,25,多云,东南风 2级
广州,2022-08-08,33,25,多云,东南风 3级
广州,2022-08-09,30,24,小雨,东风 1级
广州,2022-08-10,30,25,小雨,东风 2级
广州,2022-08-11,30,25,小雨,东风 1级
广州,2022-08-12,28,25,多云,南风 1级
广州,2022-08-13,31,24,多云,南风 1级
广州,2022-08-14,34,25,多云,南风 3级
广州,2022-08-15,36,27,多云,南风 1级
广州,2022-08-16,34,26,阴,东南风 1级
广州,2022-08-17,32,26,多云,东南风 1级
广州,2022-08-18,31,25,大雨,东风 1级
广州,2022-08-19,32,25,多云,东风 1级
广州,2022-08-20,33,26,阴,东南风 1级
广州,2022-08-21,31,26,小雨,南风 1级
广州,2022-08-22,34,26,多云,西南风 1级
广州,2022-08-23,36,26,多云,东南风 1级
广州,2022-08-24,36,26,多云,东北风 1级
广州,2022-08-25,28,25,中雨,东风 1级
广州,2022-08-26,32,25,小雨,南风 1级
广州,2022-08-27,34,26,多云,南风 1级
广州,2022-08-28,36,26,多云,东南风 2级
广州,2022-08-29,33,26,多云,南风 1级
广州,2022-08-30,31,26,大雨,北风 1级
广州,2022-08-31,34,25,多云,东北风 1级
广州,2022-09-01,31,25,多云,北风 1级
广州,2022-09-02,31,25,多云,北风 1级
广州,2022-09-03,32,24,多云,北风 1级
广州,2022-09-04,33,24,多云,北风 2级
广州,2022-09-05,34,24,多云,北风 2级
广州,2022-09-06,35,25,多云,东南风 1级
广州,2022-09-07,32,24,多云,东南风 1级
广州,2022-09-08,34,25,多云,南风 1级
广州,2022-09-09,34,24,多云,西南风 2级
广州,2022-09-10,34,24,多云,南风 1级
广州,2022-09-11,34,24,多云,西风 1级
广州,2022-09-12,35,24,多云,东北风 1级
广州,2022-09-13,36,23,晴,西北风 1级
广州,2022-09-14,35,23,晴,北风 1级
广州,2022-09-15,35,23,晴,西南风 1级
广州,2022-09-16,35,23,晴,东北风 1级
广州,2022-09-17,35,24,多云,西南风 1级
广州,2022-09-18,37,25,多云,西南风 1级
广州,2022-09-19,35,25,多云,南风 1级
广州,2022-09-20,34,24,多云,东南风 1级
广州,2022-09-21,31,25,多云,东南风 1级
广州,2022-09-22,32,24,多云,南风 2级
广州,2022-09-23,32,24,多云,南风 1级
广州,2022-09-24,33,25,多云,东风 2级
广州,2022-09-25,34,24,多云,南风 1级
广州,2022-09-26,34,24,晴,南风 1级
广州,2022-09-27,33,24,多云,东风 3级
广州,2022-09-28,33,25,多云,东南风 1级
广州,2022-09-29,33,24,阴,东南风 1级
广州,2022-09-30,31,24,中雨,东南风 1级
广州,2022-10-01,32,24,多云,东南风 2级
广州,2022-10-02,34,24,多云,东南风 3级
广州,2022-10-03,34,25,多云,南风 2级
广州,2022-10-04,35,24,晴,南风 2级
广州,2022-10-05,33,24,多云,东南风 3级
广州,2022-10-06,34,23,多云,南风 2级
广州,2022-10-07,31,23,多云,北风 2级
广州,2022-10-08,29,21,多云,东南风 2级
广州,2022-10-09,30,19,多云,北风 3级
广州,2022-10-10,26,16,晴,北风 2级
广州,2022-10-11,27,16,晴,东北风 1级
广州,2022-10-12,29,17,晴,东北风 1级
广州,2022-10-13,30,16,晴,东北风 1级
广州,2022-10-14,31,18,晴,东北风 2级
广州,2022-10-15,31,19,晴,北风 1级
广州,2022-10-16,31,20,多云,北风 1级
广州,2022-10-17,29,19,多云,北风 3级
广州,2022-10-18,24,15,多云,北风 1级
广州,2022-10-19,25,19,多云,北风 1级
广州,2022-10-20,28,19,多云,南风 1级
广州,2022-10-21,32,19,晴,东南风 1级
广州,2022-10-22,34,20,多云,东风 1级
广州,2022-10-23,34,20,晴,东南风 1级
广州,2022-10-24,31,18,多云,东南风 1级
广州,2022-10-25,30,17,晴,东南风 2级
广州,2022-10-26,30,18,晴,南风 3级
广州,2022-10-27,31,21,晴,南风 2级
广州,2022-10-28,30,20,晴,东北风 1级
广州,2022-10-29,28,20,晴,北风 2级
广州,2022-10-30,28,19,晴,北风 1级
广州,2022-10-31,27,19,多云,北风 3级
广州,2022-11-01,26,19,多云,东北风 4级
广州,2022-11-02,19,18,小雨,北风 3级
广州,2022-11-03,20,18,小雨,东南风 2级
广州,2022-11-04,21,17,小雨,北风 2级
广州,2022-11-05,20,16,多云,西北风 1级
广州,2022-11-06,19,16,小雨,东北风 1级
广州,2022-11-07,21,18,小雨,东北风 1级
广州,2022-11-08,21,18,小雨,东风 1级
广州,2022-11-09,27,18,多云,南风 1级
广州,2022-11-10,28,19,多云,东南风 1级
广州,2022-11-11,30,20,多云,北风 1级
广州,2022-11-12,29,19,多云,北风 1级
广州,2022-11-13,31,19,晴,北风 1级
广州,2022-11-14,28,20,多云,北风 1级
广州,2022-11-15,27,20,多云,北风 2级
广州,2022-11-16,26,21,多云,东南风 1级
广州,2022-11-17,27,20,多云,东南风 1级
广州,2022-11-18,29,20,多云,西北风 1级
广州,2022-11-19,29,19,多云,北风 3级
广州,2022-11-20,29,20,多云,北风 1级
广州,2022-11-21,29,19,多云,东风 1级
广州,2022-11-22,23,20,小雨,北风 2级
广州,2022-11-23,22,19,小雨,北风 1级
广州,2022-11-24,22,19,中雨,西北风 2级
广州,2022-11-25,22,20,小雨,西南风 1级
广州,2022-11-26,22,20,小雨,东南风 1级
广州,2022-11-27,25,22,多云,东北风 1级
广州,2022-11-28,29,22,多云,东南风 1级
广州,2022-11-29,28,15,多云,西北风 3级
广州,2022-11-30,18,9,多云,北风 2级
广州,2022-12-01,12,9,多云,北风 2级
广州,2022-12-02,15,10,多云,北风 1级
广州,2022-12-03,19,12,多云,北风 2级
广州,2022-12-04,18,12,多云,北风 3级
广州,2022-12-05,14,9,多云,北风 3级
广州,2022-12-06,15,12,多云,北风 1级
广州,2022-12-07,20,11,多云,北风 2级
广州,2022-12-08,22,11,多云,北风 1级
广州,2022-12-09,21,12,晴,西北风 2级
广州,2022-12-10,21,11,晴,北风 2级
广州,2022-12-11,16,11,多云,北风 2级
广州,2022-12-12,17,9,晴,北风 1级
广州,2022-12-13,15,10,多云,北风 2级
广州,2022-12-14,14,10,多云,北风 2级
广州,2022-12-15,13,12,小雨,西北风 1级
广州,2022-12-16,15,8,小雨,北风 2级
广州,2022-12-17,13,4,多云,北风 2级
广州,2022-12-18,14,5,晴,西北风 2级
广州,2022-12-19,19,7,晴,北风 1级
广州,2022-12-20,20,9,晴,西北风 1级
广州,2022-12-21,20,6,多云,北风 1级
广州,2022-12-22,21,8,晴,东北风 3级
广州,2022-12-23,22,7,多云,北风 1级
广州,2022-12-24,22,7,晴,西北风 1级
广州,2022-12-25,22,6,晴,北风 1级
广州,2022-12-26,22,7,晴,东风 2级
广州,2022-12-27,22,8,晴,东风 2级
广州,2022-12-28,19,9,多云,西北风 2级
广州,2022-12-29,18,9,多云,北风 2级
广州,2022-12-30,16,7,晴,北风 2级
广州,2022-12-31,20,7,晴,北风 2级
