哈尔滨,2018-01-01,-13,-21,霾,西风 1级
哈尔滨,2018-01-02,-14,-23,阴,西风 2级
哈尔滨,2018-01-03,-12,-21,多云,西风 2级
哈尔滨,2018-01-04,-10,-20,晴,西南风 2级
哈尔滨,2018-01-05,-10,-20,晴,西南风 2级
哈尔滨,2018-01-06,-8,-21,晴,西南风 2级
哈尔滨,2018-01-07,-6,-20,阴,西南风 3级
哈尔滨,2018-01-08,-5,-12,雪,西南风 2级
哈尔滨,2018-01-09,-11,-20,阴,北风 3级
哈尔滨,2018-01-10,-18,-25,多云,西北风 3级
哈尔滨,2018-01-11,-19,-30,晴,西风 2级
哈尔滨,2018-01-12,-16,-31,晴,南风 3级
哈尔滨,2018-01-13,-14,-28,多云,南风 2级
哈尔滨,2018-01-14,-4,-18,雪,西南风 4级
哈尔滨,2018-01-15,-11,-21,多云,西南风 2级
哈尔滨,2018-01-16,-11,-21,多云,东风 2级
哈尔滨,2018-01-17,-8,-21,阴,南风 3级
哈尔滨,2018-01-18,-12,-21,晴,西南风 2级
哈尔滨,2018-01-19,-10,-20,多云,西南风 3级
哈尔滨,2018-01-20,-16,-26,多云,西风 3级
哈尔滨,2018-01-21,-19,-28,晴,西风 2级
哈尔滨,2018-01-22,-21,-30,晴,西风 2级
哈尔滨,2018-01-23,-24,-32,多云,西风 2级
哈尔滨,2018-01-24,-24,-34,晴,西北风 2级
哈尔滨,2018-01-25,-22,-34,多云,西风 2级
哈尔滨,2018-01-26,-20,-32,晴,西风 3级
哈尔滨,2018-01-27,-18,-30,多云,西南风 3级
哈尔滨,2018-01-28,-18,-28,多云,西南风 3级
哈尔滨,2018-01-29,-16,-29,晴,西南风 3级
哈尔滨,2018-01-30,-16,-27,多云,西南风 2级
哈尔滨,2018-01-31,-13,-27,晴,西南风 2级
哈尔滨,2018-02-01,-10,-25,阴,南风 2级
哈尔滨,2018-02-02,-12,-22,多云,西风 2级
哈尔滨,2018-02-03,-15,-24,阴,西北风 2级
哈尔滨,2018-02-04,-16,-29,多云,西北风 2级
哈尔滨,2018-02-05,-17,-28,晴,西北风 2级
哈尔滨,2018-02-06,-16,-27,晴,西北风 1级
哈尔滨,2018-02-07,-14,-29,晴,西南风 2级
哈尔滨,2018-02-08,-9,-26,晴,南风 4级
哈尔滨,2018-02-09,-3,-17,多云,西南风 4级
哈尔滨,2018-02-10,-14,-22,多云,西南风 3级
哈尔滨,2018-02-11,-15,-23,阴,西风 3级
哈尔滨,2018-02-12,-13,-23,多云,西风 2级
哈尔滨,2018-02-13,-10,-25,晴,西南风 3级
哈尔滨,2018-02-14,-8,-22,晴,西风 2级
哈尔滨,2018-02-15,-7,-22,晴,西南风 3级
哈尔滨,2018-02-16,-9,-18,多云,西风 3级
哈尔滨,2018-02-17,-10,-22,多云,西风 2级
哈尔滨,2018-02-18,-8,-22,晴,西南风 2级
哈尔滨,2018-02-19,-8,-22,多云,西南风 2级
哈尔滨,2018-02-20,-7,-19,晴,西风 2级
哈尔滨,2018-02-21,-6,-20,阴,西南风 3级
哈尔滨,2018-02-22,-7,-17,晴,西风 2级
哈尔滨,2018-02-23,-9,-20,多云,东北风 2级
哈尔滨,2018-02-24,-7,-23,晴,西风 2级
哈尔滨,2018-02-25,-6,-20,阴,东南风 2级
哈尔滨,2018-02-26,-6,-17,阴,东北风 3级
哈尔滨,2018-02-27,-5,-17,晴,东北风 2级
哈尔滨,2018-02-28,-5,-16,雪,东风 3级
哈尔滨,2018-03-01,-8,-16,多云,西北风 4级
哈尔滨,2018-03-02,-6,-20,多云,南风 3级
哈尔滨,2018-03-03,-5,-16,阴,东北风 3级
哈尔滨,2018-03-04,-7,-16,多云,西风 3级
哈尔滨,2018-03-05,-8,-20,多云,西风 3级
哈尔滨,2018-03-06,-10,-19,多云,西风 2级
哈尔滨,2018-03-07,-10,-23,阴,东北风 2级
哈尔滨,2018-03-08,-9,-21,多云,西北风 2级
哈尔滨,2018-03-09,-9,-24,阴,东风 2级
哈尔滨,2018-03-10,-6,-16,阴,北风 3级
哈尔滨,2018-03-11,-2,-23,晴,西南风 2级
哈尔滨,2018-03-12,5,-12,阴,南风 3级
哈尔滨,2018-03-13,2,-7,多云,东北风 2级
哈尔滨,2018-03-14,1,-7,雪,东北风 3级
哈尔滨,2018-03-15,-3,-11,晴,北风 3级
哈尔滨,2018-03-16,1,-17,晴,西南风 3级
哈尔滨,2018-03-17,6,-9,晴,西南风 3级
哈尔滨,2018-03-18,7,-6,多云,西风 4级
哈尔滨,2018-03-19,-1,-9,晴,北风 3级
哈尔滨,2018-03-20,3,-12,晴,东风 2级
哈尔滨,2018-03-21,6,-7,晴,南风 2级
哈尔滨,2018-03-22,13,-6,晴,南风 3级
哈尔滨,2018-03-23,11,-2,多云,西南风 3级
哈尔滨,2018-03-24,14,-4,多云,西风 3级
哈尔滨,2018-03-25,17,1,晴,西南风 3级
哈尔滨,2018-03-26,22,0,阴,南风 4级
哈尔滨,2018-03-27,20,4,多云,西南风 4级
哈尔滨,2018-03-28,14,4,晴,西北风 4级
哈尔滨,2018-03-29,10,-2,晴,西北风 3级
哈尔滨,2018-03-30,14,-2,阴,西南风 3级
哈尔滨,2018-03-31,10,2,多云,南风 2级
哈尔滨,2018-04-01,17,2,阴,南风 4级
哈尔滨,2018-04-02,14,2,阴,西风 4级
哈尔滨,2018-04-03,6,-3,多云,西北风 4级
哈尔滨,2018-04-04,4,-6,晴,西北风 3级
哈尔滨,2018-04-05,4,-5,阴,东北风 2级
哈尔滨,2018-04-06,6,-6,阴,北风 3级
哈尔滨,2018-04-07,7,-5,多云,西北风 3级
哈尔滨,2018-04-08,7,-3,阴,西风 3级
哈尔滨,2018-04-09,12,-4,多云,西南风 2级
哈尔滨,2018-04-10,8,1,雨,东南风 3级
哈尔滨,2018-04-11,10,0,阴,西北风 4级
哈尔滨,2018-04-12,8,0,多云,西北风 3级
哈尔滨,2018-04-13,14,4,雨,南风 3级
哈尔滨,2018-04-14,9,4,雨,南风 3级
哈尔滨,2018-04-15,12,1,晴,北风 3级
哈尔滨,2018-04-16,18,-1,多云,南风 4级
哈尔滨,2018-04-17,21,8,多云,西南风 5级
哈尔滨,2018-04-18,22,8,阴,西南风 3级
哈尔滨,2018-04-19,21,7,晴,西风 3级
哈尔滨,2018-04-20,17,9,雨,南风 2级
哈尔滨,2018-04-21,14,3,多云,北风 4级
哈尔滨,2018-04-22,17,2,阴,东北风 3级
哈尔滨,2018-04-23,18,2,阴,东风 3级
哈尔滨,2018-04-24,22,4,多云,东北风 2级
哈尔滨,2018-04-25,27,8,晴,西南风 3级
哈尔滨,2018-04-26,17,8,多云,西北风 4级
哈尔滨,2018-04-27,21,0,多云,西南风 3级
哈尔滨,2018-04-28,22,6,阴,东南风 3级
哈尔滨,2018-04-29,20,5,阴,西风 4级
哈尔滨,2018-04-30,19,2,阴,西北风 2级
哈尔滨,2018-05-01,19,3,雨,东北风 3级
哈尔滨,2018-05-02,17,4,阴,东北风 3级
哈尔滨,2018-05-03,17,4,阴,北风 4级
哈尔滨,2018-05-04,14,6,多云,东北风 3级
哈尔滨,2018-05-05,20,3,多云,西南风 3级
哈尔滨,2018-05-06,21,4,阴,西风 4级
哈尔滨,2018-05-07,19,4,多云,北风 3级
哈尔滨,2018-05-08,18,5,多云,东风 3级
哈尔滨,2018-05-09,21,5,晴,东风 2级
哈尔滨,2018-05-10,23,8,晴,西南风 3级
哈尔滨,2018-05-11,25,7,阴,西风 2级
哈尔滨,2018-05-12,22,12,多云,南风 4级
哈尔滨,2018-05-13,24,11,多云,南风 2级
哈尔滨,2018-05-14,26,15,阴,南风 4级
哈尔滨,2018-05-15,26,14,阴,南风 3级
哈尔滨,2018-05-16,22,10,阴,西北风 4级
哈尔滨,2018-05-17,24,10,阴,东北风 3级
哈尔滨,2018-05-18,25,10,晴,东北风 3级
哈尔滨,2018-05-19,28,10,多云,南风 3级
哈尔滨,2018-05-20,28,15,阴,南风 4级
哈尔滨,2018-05-21,28,15,晴,南风 3级
哈尔滨,2018-05-22,23,6,雨,西南风 4级
哈尔滨,2018-05-23,19,5,阴,西南风 3级
哈尔滨,2018-05-24,21,9,多云,北风 3级
哈尔滨,2018-05-25,22,9,晴,北风 2级
哈尔滨,2018-05-26,24,9,多云,东北风 2级
哈尔滨,2018-05-27,16,11,小雨到中雨,东风 2级
哈尔滨,2018-05-28,23,10,小雨,东南风 3级
哈尔滨,2018-05-29,21,13,多云,南风 3级
哈尔滨,2018-05-30,26,10,晴,西北风 2级
哈尔滨,2018-05-31,31,14,晴,西北风 2级
哈尔滨,2018-06-01,35,15,多云,西南风 4级
哈尔滨,2018-06-02,38,22,晴,西南风 4级
哈尔滨,2018-06-03,30,22,阴,西南风 4级
哈尔滨,2018-06-04,29,17,小雨,南风 4级
哈尔滨,2018-06-05,24,16,多云,南风 4级
哈尔滨,2018-06-06,26,15,阴,西风 3级
哈尔滨,2018-06-07,26,13,阴,西北风 2级
哈尔滨,2018-06-08,23,13,多云,东风 3级
哈尔滨,2018-06-09,24,13,多云,东风 3级
哈尔滨,2018-06-10,25,16,小雨到中雨,南风 2级
哈尔滨,2018-06-11,24,15,多云,南风 2级
哈尔滨,2018-06-12,26,15,多云,东风 2级
哈尔滨,2018-06-13,27,15,小雨,东风 2级
哈尔滨,2018-06-14,24,17,小雨到中雨,南风 3级
哈尔滨,2018-06-15,24,16,雨,南风 3级
哈尔滨,2018-06-16,23,17,小雨,南风 4级
哈尔滨,2018-06-17,27,15,多云,西南风 2级
哈尔滨,2018-06-18,23,15,小雨到中雨,西南风 4级
哈尔滨,2018-06-19,23,14,小雨到大雨,西风 2级
哈尔滨,2018-06-20,22,14,小雨,北风 3级
哈尔滨,2018-06-21,26,13,多云,西北风 2级
哈尔滨,2018-06-22,30,16,阴,西南风 3级
哈尔滨,2018-06-23,27,16,晴,北风 3级
哈尔滨,2018-06-24,26,14,阴,东北风 3级
哈尔滨,2018-06-25,21,16,中雨,南风 3级
哈尔滨,2018-06-26,24,17,雨,西南风 3级
哈尔滨,2018-06-27,23,17,多云,东北风 2级
哈尔滨,2018-06-28,27,16,多云,西风 2级
哈尔滨,2018-06-29,28,17,多云转小雨,西南风 3级
哈尔滨,2018-06-30,29,18,小雨,南风 3级
哈尔滨,2018-07-01,32,20,多云,南风 3级
哈尔滨,2018-07-02,30,20,阴,东风 2级
哈尔滨,2018-07-03,28,20,晴,东风 2级
哈尔滨,2018-07-04,25,19,小雨,东北风 3级
哈尔滨,2018-07-05,23,17,多云,东风 4级
哈尔滨,2018-07-06,23,17,晴,东风 3级
哈尔滨,2018-07-07,25,16,小雨,东南风 2级
哈尔滨,2018-07-08,22,18,雨,南风 4级
哈尔滨,2018-07-09,25,17,多云,南风 3级
哈尔滨,2018-07-10,29,19,多云,西南风 2级
哈尔滨,2018-07-11,31,20,多云转小雨,东南风 2级
哈尔滨,2018-07-12,29,20,小雨到大雨,西南风 3级
哈尔滨,2018-07-13,29,23,小雨,西南风 4级
哈尔滨,2018-07-14,30,20,多云转小雨,西南风 3级
哈尔滨,2018-07-15,31,21,多云,西南风 3级
哈尔滨,2018-07-16,31,19,中雨到大雨,南风 3级
哈尔滨,2018-07-17,28,24,多云,西南风 3级
哈尔滨,2018-07-18,27,23,雨,西南风 4级
哈尔滨,2018-07-19,30,23,小雨到中雨,西南风 4级
哈尔滨,2018-07-20,27,23,雨,西南风 3级
哈尔滨,2018-07-21,29,25,小雨到中雨,西南风 3级
哈尔滨,2018-07-22,32,24,多云,西南风 3级
哈尔滨,2018-07-23,31,24,小雨,西南风 3级
哈尔滨,2018-07-24,31,23,中雨,南风 3级
哈尔滨,2018-07-25,28,20,阴转小雨,西南风 4级
哈尔滨,2018-07-26,27,20,多云,北风 2级
哈尔滨,2018-07-27,29,19,晴,北风 2级
哈尔滨,2018-07-28,31,20,晴,东北风 1级
哈尔滨,2018-07-29,30,19,多云,东南风 1级
哈尔滨,2018-07-30,32,23,多云,西北风 2级
哈尔滨,2018-07-31,29,19,多云,西北风 2级
哈尔滨,2018-08-01,27,18,多云,北风 2级
哈尔滨,2018-08-02,28,17,晴,东北风 2级
哈尔滨,2018-08-03,34,20,小雨到中雨,东南风 3级
哈尔滨,2018-08-04,25,17,阴转小雨,东北风 3级
哈尔滨,2018-08-05,25,16,多云,东北风 2级
哈尔滨,2018-08-06,26,16,多云,东风 2级
哈尔滨,2018-08-07,26,17,多云,东风 1级
哈尔滨,2018-08-08,28,18,晴,东风 1级
哈尔滨,2018-08-09,28,16,雨,东风 1级
哈尔滨,2018-08-10,25,17,多云,西北风 3级
哈尔滨,2018-08-11,25,17,多云,北风 2级
哈尔滨,2018-08-12,26,16,多云,东风 2级
哈尔滨,2018-08-13,24,17,多云,东风 2级
哈尔滨,2018-08-14,25,16,雨,东风 3级
哈尔滨,2018-08-15,25,15,晴,东北风 3级
哈尔滨,2018-08-16,25,14,晴,东北风 2级
哈尔滨,2018-08-17,25,14,阴,东南风 2级
哈尔滨,2018-08-18,26,17,晴,西南风 3级
哈尔滨,2018-08-19,28,17,雨,西南风 3级
哈尔滨,2018-08-20,28,18,多云转小雨,南风 3级
哈尔滨,2018-08-21,24,17,雨,西北风 3级
哈尔滨,2018-08-22,27,14,多云,西风 3级
哈尔滨,2018-08-23,25,15,阴,东北风 2级
哈尔滨,2018-08-24,22,19,中雨,东北风 3级
哈尔滨,2018-08-25,20,17,小雨到中雨,东风 3级
哈尔滨,2018-08-26,21,17,小雨到中雨,东北风 2级
哈尔滨,2018-08-27,22,16,多云,北风 1级
哈尔滨,2018-08-28,23,15,小雨到中雨,东风 2级
哈尔滨,2018-08-29,22,17,小雨,东北风 2级
哈尔滨,2018-08-30,23,17,多云,北风 3级
哈尔滨,2018-08-31,24,16,晴,北风 2级
哈尔滨,2018-09-01,26,15,多云,南风 2级
哈尔滨,2018-09-02,23,16,中雨,南风 3级
哈尔滨,2018-09-03,23,16,多云,南风 4级
哈尔滨,2018-09-04,22,16,多云,南风 2级
哈尔滨,2018-09-05,20,14,中雨,西北风 3级
哈尔滨,2018-09-06,21,9,多云,西风 3级
哈尔滨,2018-09-07,19,10,小雨,西北风 3级
哈尔滨,2018-09-08,16,8,晴,西北风 3级
哈尔滨,2018-09-09,18,6,晴,东风 2级
哈尔滨,2018-09-10,21,10,晴,南风 3级
哈尔滨,2018-09-11,25,12,晴,南风 4级
哈尔滨,2018-09-12,21,15,多云,南风 4级
哈尔滨,2018-09-13,23,15,晴,西南风 3级
哈尔滨,2018-09-14,24,11,阴,南风 2级
哈尔滨,2018-09-15,18,12,晴,西风 3级
哈尔滨,2018-09-16,22,10,晴,西南风 3级
哈尔滨,2018-09-17,23,9,晴,西风 3级
哈尔滨,2018-09-18,22,8,晴,西南风 3级
哈尔滨,2018-09-19,24,9,晴,东南风 2级
哈尔滨,2018-09-20,24,10,晴,东南风 2级
哈尔滨,2018-09-21,19,12,晴,南风 2级
哈尔滨,2018-09-22,16,9,晴,南风 3级
哈尔滨,2018-09-23,16,7,多云,西南风 2级
哈尔滨,2018-09-24,15,6,多云,西风 2级
哈尔滨,2018-09-25,20,6,多云,西南风 2级
哈尔滨,2018-09-26,20,6,晴,西南风 2级
哈尔滨,2018-09-27,21,6,晴,东南风 2级
哈尔滨,2018-09-28,19,7,多云,东南风 3级
哈尔滨,2018-09-29,18,10,小雨,东南风 3级
哈尔滨,2018-09-30,16,10,多云,东北风 2级
哈尔滨,2018-10-01,16,7,晴,北风 4级
哈尔滨,2018-10-02,19,6,晴,西风 3级
哈尔滨,2018-10-03,19,6,晴,西南风 2级
哈尔滨,2018-10-04,22,7,晴,南风 3级
哈尔滨,2018-10-05,22,8,晴,南风 3级
哈尔滨,2018-10-06,19,7,多云,西风 3级
哈尔滨,2018-10-07,14,3,多云,西南风 3级
哈尔滨,2018-10-08,12,3,多云,西风 3级
哈尔滨,2018-10-09,12,2,多云,西风 2级
哈尔滨,2018-10-10,11,1,多云,北风 3级
哈尔滨,2018-10-11,13,2,晴,西北风 3级
哈尔滨,2018-10-12,17,2,晴,西南风 2级
哈尔滨,2018-10-13,19,5,晴,南风 4级
哈尔滨,2018-10-14,13,2,多云,西风 3级
哈尔滨,2018-10-15,10,2,多云,西北风 3级
哈尔滨,2018-10-16,9,0,多云,西北风 3级
哈尔滨,2018-10-17,10,-2,晴,西北风 2级
哈尔滨,2018-10-18,14,-2,晴,西南风 2级
哈尔滨,2018-10-19,16,2,晴,西南风 3级
哈尔滨,2018-10-20,17,1,晴,西南风 3级
哈尔滨,2018-10-21,16,2,多云,南风 3级
哈尔滨,2018-10-22,17,6,多云,南风 4级
哈尔滨,2018-10-23,14,6,晴,西南风 3级
哈尔滨,2018-10-24,12,2,晴,西风 2级
哈尔滨,2018-10-25,13,0,阴,东南风 2级
哈尔滨,2018-10-26,11,2,多云,南风 4级
哈尔滨,2018-10-27,5,-1,多云,西风 4级
哈尔滨,2018-10-28,3,-3,阴,西风 3级
哈尔滨,2018-10-29,2,-3,多云,北风 2级
哈尔滨,2018-10-30,6,-1,晴,西风 2级
哈尔滨,2018-10-31,7,-1,晴,西风 3级
哈尔滨,2018-11-01,12,-3,晴,西南风 2级
哈尔滨,2018-11-02,14,-1,晴,南风 4级
哈尔滨,2018-11-03,13,4,多云,西南风 4级
哈尔滨,2018-11-04,3,-4,多云,北风 4级
哈尔滨,2018-11-05,2,-7,晴,西风 2级
哈尔滨,2018-11-06,4,-6,晴,西南风 2级
哈尔滨,2018-11-07,6,-6,多云,南风 3级
哈尔滨,2018-11-08,8,-4,多云,东南风 3级
哈尔滨,2018-11-09,3,0,多云,北风 3级
哈尔滨,2018-11-10,4,-3,晴,西风 3级
哈尔滨,2018-11-11,4,-7,晴,西风 2级
哈尔滨,2018-11-12,3,-5,多云,西北风 2级
哈尔滨,2018-11-13,3,-7,晴,西风 1级
哈尔滨,2018-11-14,6,-6,阴,东南风 2级
哈尔滨,2018-11-15,2,-7,晴,西风 3级
哈尔滨,2018-11-16,-1,-8,晴,西风 3级
哈尔滨,2018-11-17,0,-10,多云,西风 2级
哈尔滨,2018-11-18,0,-9,多云,东北风 2级
哈尔滨,2018-11-19,-3,-10,晴,西北风 2级
哈尔滨,2018-11-20,-4,-12,晴,西北风 2级
哈尔滨,2018-11-21,-3,-11,多云,西南风 3级
哈尔滨,2018-11-22,-7,-15,晴,西北风 3级
哈尔滨,2018-11-23,-4,-15,晴,西南风 3级
哈尔滨,2018-11-24,0,-9,晴,西南风 3级
哈尔滨,2018-11-25,2,-10,晴,西南风 3级
哈尔滨,2018-11-26,7,-4,多云,西南风 5级
哈尔滨,2018-11-27,3,-8,风,西风 5级
哈尔滨,2018-11-28,-5,-12,晴,西风 3级
哈尔滨,2018-11-29,-6,-16,晴,西风 3级
哈尔滨,2018-11-30,-3,-14,晴,西南风 3级
哈尔滨,2018-12-01,0,-10,晴,南风 3级
哈尔滨,2018-12-02,7,-2,多云,西南风 5级
哈尔滨,2018-12-03,6,-8,多云,西风 4级
哈尔滨,2018-12-04,-8,-16,晴,西风 3级
哈尔滨,2018-12-05,-10,-18,晴,西风 3级
哈尔滨,2018-12-06,-13,-21,多云,西风 3级
哈尔滨,2018-12-07,-13,-22,晴,西风 3级
哈尔滨,2018-12-08,-14,-23,晴,西风 3级
哈尔滨,2018-12-09,-13,-21,晴,西风 2级
哈尔滨,2018-12-10,-10,-20,晴,西风 2级
哈尔滨,2018-12-11,-10,-20,晴,西南风 1级
哈尔滨,2018-12-12,-9,-20,霾,南风 2级
哈尔滨,2018-12-13,-9,-18,多云,西北风 3级
哈尔滨,2018-12-14,-9,-21,晴,西南风 3级
哈尔滨,2018-12-15,-3,-15,晴,西南风 4级
哈尔滨,2018-12-16,-2,-14,多云,西南风 2级
哈尔滨,2018-12-17,-4,-15,多云,西南风 3级
哈尔滨,2018-12-18,-6,-14,晴,西风 3级
哈尔滨,2018-12-19,-3,-13,晴,西风 2级
哈尔滨,2018-12-20,-2,-13,晴,西南风 2级
哈尔滨,2018-12-21,-2,-10,多云,南风 3级
哈尔滨,2018-12-22,-2,-12,多云,西南风 3级
哈尔滨,2018-12-23,-9,-18,晴,西风 4级
哈尔滨,2018-12-24,-9,-20,多云,西南风 3级
哈尔滨,2018-12-25,-9,-19,多云,西风 3级
哈尔滨,2018-12-26,-17,-24,晴,西风 4级
哈尔滨,2018-12-27,-16,-25,晴,西风 3级
哈尔滨,2018-12-28,-15,-24,晴,西风 3级
哈尔滨,2018-12-29,-16,-23,晴,西风 3级
哈尔滨,2018-12-30,-12,-21,阴,西风 2级
哈尔滨,2018-12-31,-12,-23,多云,西风 2级
哈尔滨,2019-01-01,-12,-22,阴,西南风 3级
哈尔滨,2019-01-02,-10,-19,多云,西风 2级
哈尔滨,2019-01-03,-10,-18,多云,南风 3级
哈尔滨,2019-01-04,-9,-17,多云,西南风 3级
哈尔滨,2019-01-05,-11,-18,晴,西风 2级
哈尔滨,2019-01-06,-10,-21,多云,西南风 2级
哈尔滨,2019-01-07,-9,-21,多云,西南风 2级
哈尔滨,2019-01-08,-12,-23,晴,西风 3级
哈尔滨,2019-01-09,-6,-19,晴,西南风 4级
哈尔滨,2019-01-10,-5,-17,霾,西南风 2级
哈尔滨,2019-01-11,-6,-13,晴,南风 2级
哈尔滨,2019-01-12,-2,-17,霾,南风 2级
哈尔滨,2019-01-13,-6,-12,霾,西风 2级
哈尔滨,2019-01-14,-9,-16,霾,南风 2级
哈尔滨,2019-01-15,-13,-18,晴,西北风 3级
哈尔滨,2019-01-16,-11,-22,晴,西风 3级
哈尔滨,2019-01-17,-15,-24,霾,西北风 2级
哈尔滨,2019-01-18,-12,-24,霾,南风 2级
哈尔滨,2019-01-19,-9,-22,晴,西南风 2级
哈尔滨,2019-01-20,-10,-20,晴,西风 2级
哈尔滨,2019-01-21,-7,-19,多云,东南风 2级
哈尔滨,2019-01-22,-3,-16,多云,西南风 3级
哈尔滨,2019-01-23,-8,-19,晴,西风 3级
哈尔滨,2019-01-24,-7,-19,多云,西风 2级
哈尔滨,2019-01-25,-7,-20,多云,西北风 2级
哈尔滨,2019-01-26,-6,-18,晴,西南风 3级
哈尔滨,2019-01-27,-3,-10,多云,西南风 4级
哈尔滨,2019-01-28,-6,-16,多云,西北风 3级
哈尔滨,2019-01-29,-1,-15,多云,南风 4级
哈尔滨,2019-01-30,-5,-17,多云,西风 4级
哈尔滨,2019-01-31,-7,-19,晴,西南风 3级
哈尔滨,2019-02-01,-5,-15,霾,南风 2级
哈尔滨,2019-02-02,-3,-18,阴,东风 3级
哈尔滨,2019-02-03,-6,-19,晴,西风 3级
哈尔滨,2019-02-04,-12,-21,多云,西风 3级
哈尔滨,2019-02-05,-14,-21,多云,西风 3级
哈尔滨,2019-02-06,-15,-23,晴,西风 3级
哈尔滨,2019-02-07,-17,-25,霾,西风 3级
哈尔滨,2019-02-08,-12,-24,晴,西风 3级
哈尔滨,2019-02-09,-9,-22,晴,西风 2级
哈尔滨,2019-02-10,-8,-22,多云,西风 2级
哈尔滨,2019-02-11,-7,-21,晴,西风 3级
哈尔滨,2019-02-12,-9,-22,晴,西风 3级
哈尔滨,2019-02-13,-6,-19,晴,西风 3级
哈尔滨,2019-02-14,-5,-17,晴,西南风 3级
哈尔滨,2019-02-15,-4,-15,晴,西风 2级
哈尔滨,2019-02-16,-3,-17,晴,西风 3级
哈尔滨,2019-02-17,-1,-14,晴,西南风 3级
哈尔滨,2019-02-18,4,-9,晴,西南风 3级
哈尔滨,2019-02-19,1,-8,多云,西风 2级
哈尔滨,2019-02-20,4,-6,晴,西风 2级
哈尔滨,2019-02-21,5,-9,晴,西南风 3级
哈尔滨,2019-02-22,4,-7,晴,西北风 3级
哈尔滨,2019-02-23,10,-7,晴,西南风 3级
哈尔滨,2019-02-24,5,-4,晴,西风 4级
哈尔滨,2019-02-25,4,-6,霾,西风 3级
哈尔滨,2019-02-26,3,-6,霾,西北风 2级
哈尔滨,2019-02-27,5,-8,霾,西南风 3级
哈尔滨,2019-02-28,5,-7,多云,西南风 3级
哈尔滨,2019-03-01,7,-5,晴,西风 2级
哈尔滨,2019-03-02,10,-5,晴,西南风 3级
哈尔滨,2019-03-03,8,-5,晴,北风 2级
哈尔滨,2019-03-04,9,-3,晴,东北风 2级
哈尔滨,2019-03-05,10,-5,多云,西风 3级
哈尔滨,2019-03-06,5,-5,晴,北风 3级
哈尔滨,2019-03-07,7,-7,晴,西风 2级
哈尔滨,2019-03-08,12,-6,多云,西南风 4级
哈尔滨,2019-03-09,7,-7,晴,西北风 3级
哈尔滨,2019-03-10,8,-8,多云,西南风 1级
哈尔滨,2019-03-11,19,7,晴,西北风 3级
哈尔滨,2019-03-12,-1,-5,雪,西风 4级
哈尔滨,2019-03-13,2,-7,多云,西北风 3级
哈尔滨,2019-03-14,4,-10,多云,西南风 2级
哈尔滨,2019-03-15,4,-9,晴,西北风 2级
哈尔滨,2019-03-16,6,-10,多云,西南风 2级
哈尔滨,2019-03-17,10,-7,多云,西南风 4级
哈尔滨,2019-03-18,15,0,晴,西南风 3级
哈尔滨,2019-03-19,14,0,多云,南风 3级
哈尔滨,2019-03-20,6,0,多云,北风 4级
哈尔滨,2019-03-21,-1,-7,多云,北风 4级
哈尔滨,2019-03-22,2,-12,雪,西南风 2级
哈尔滨,2019-03-23,2,-9,晴,西风 3级
哈尔滨,2019-03-24,9,-6,晴,西南风 3级
哈尔滨,2019-03-25,10,-4,晴,西风 4级
哈尔滨,2019-03-26,5,-5,晴,西北风 3级
哈尔滨,2019-03-27,5,-5,晴,西北风 3级
哈尔滨,2019-03-28,4,-7,多云,西北风 2级
哈尔滨,2019-03-29,6,-7,多云,东南风 2级
哈尔滨,2019-03-30,6,-5,多云,北风 3级
哈尔滨,2019-03-31,4,-6,多云,西北风 2级
哈尔滨,2019-04-01,7,-8,晴,西北风 3级
哈尔滨,2019-04-02,8,-5,晴,西北风 3级
哈尔滨,2019-04-03,13,-4,多云,西风 4级
哈尔滨,2019-04-04,7,-2,阴,东北风 3级
哈尔滨,2019-04-05,7,-2,多云,西北风 3级
哈尔滨,2019-04-06,8,-4,多云,西风 3级
哈尔滨,2019-04-07,9,-3,多云,西北风 3级
哈尔滨,2019-04-08,11,-3,晴,西北风 3级
哈尔滨,2019-04-09,11,-3,多云,西北风 2级
哈尔滨,2019-04-10,13,-2,晴,西北风 2级
哈尔滨,2019-04-11,15,-2,晴,西北风 2级
哈尔滨,2019-04-12,18,-1,阴,南风 3级
哈尔滨,2019-04-13,13,1,晴,西风 3级
哈尔滨,2019-04-14,13,1,晴,西南风 3级
哈尔滨,2019-04-15,21,4,晴,西南风 3级
哈尔滨,2019-04-16,25,9,霾,西南风 5级
哈尔滨,2019-04-17,21,5,阴,西南风 5级
哈尔滨,2019-04-18,11,2,晴,西北风 4级
哈尔滨,2019-04-19,12,-2,晴转多云,西北风 2级
哈尔滨,2019-04-20,16,3,多云,西南风 4级
哈尔滨,2019-04-21,16,1,晴,西北风 3级
哈尔滨,2019-04-22,20,4,小雨转雨,南风 4级
哈尔滨,2019-04-23,19,9,多云,西风 4级
哈尔滨,2019-04-24,13,4,晴转多云,西北风 4级
哈尔滨,2019-04-25,13,1,晴,北风 3级
哈尔滨,2019-04-26,16,1,晴,东北风 2级
哈尔滨,2019-04-27,20,4,晴转多云,西南风 3级
哈尔滨,2019-04-28,19,8,多云,西南风 4级
哈尔滨,2019-04-29,21,7,多云,南风 3级
哈尔滨,2019-04-30,20,7,多云,西南风 3级
哈尔滨,2019-05-01,16,6,晴转多云,西北风 4级
哈尔滨,2019-05-02,18,5,晴,北风 3级
哈尔滨,2019-05-03,25,4,晴转多云,南风 2级
哈尔滨,2019-05-04,27,11,多云转雨,南风 4级
哈尔滨,2019-05-05,17,4,阴转多云,西北风 4级
哈尔滨,2019-05-06,16,3,多云,西北风 3级
哈尔滨,2019-05-07,21,5,晴转多云,西风 3级
哈尔滨,2019-05-08,23,8,晴转多云,西风 4级
哈尔滨,2019-05-09,23,5,晴转多云,西北风 2级
哈尔滨,2019-05-10,30,11,晴转多云,东南风 3级
哈尔滨,2019-05-11,30,13,晴,西南风 3级
哈尔滨,2019-05-12,30,13,小雨转多云,南风 3级
哈尔滨,2019-05-13,19,12,小雨到中雨,南风 4级
哈尔滨,2019-05-14,21,7,晴转多云,南风 4级
哈尔滨,2019-05-15,27,9,小雨转雨,南风 4级
哈尔滨,2019-05-16,25,15,多云转雨,西南风 4级
哈尔滨,2019-05-17,22,13,晴转雨,西南风 3级
哈尔滨,2019-05-18,16,10,小雨到中雨,西北风 2级
哈尔滨,2019-05-19,17,9,阴转雨,东南风 3级
哈尔滨,2019-05-20,13,8,多云转雨,西南风 4级
哈尔滨,2019-05-21,14,7,多云,西风 4级
哈尔滨,2019-05-22,15,7,多云,西北风 3级
哈尔滨,2019-05-23,24,5,晴转多云,东南风 2级
哈尔滨,2019-05-24,32,14,晴转多云,南风 4级
哈尔滨,2019-05-25,33,17,多云,西南风 5级
哈尔滨,2019-05-26,21,9,阴转雨,北风 4级
哈尔滨,2019-05-27,15,10,阴转多云,北风 4级
哈尔滨,2019-05-28,17,9,多云转雨,西北风 4级
哈尔滨,2019-05-29,24,9,阴转多云,西北风 4级
哈尔滨,2019-05-30,22,11,小雨转多云,西风 3级
哈尔滨,2019-05-31,19,10,多云,西风 3级
哈尔滨,2019-06-01,21,10,晴转多云,西南风 3级
哈尔滨,2019-06-02,24,15,晴转多云,西风 3级
哈尔滨,2019-06-03,24,11,多云转阴,东北风 2级
哈尔滨,2019-06-04,24,14,晴,东风 3级
哈尔滨,2019-06-05,22,14,多云,南风 2级
哈尔滨,2019-06-06,27,13,小雨转多云,西北风 2级
哈尔滨,2019-06-07,27,16,多云转雨,东风 3级
哈尔滨,2019-06-08,23,15,多云,东南风 3级
哈尔滨,2019-06-09,22,16,多云,东风 3级
哈尔滨,2019-06-10,24,16,多云,东南风 2级
哈尔滨,2019-06-11,24,13,多云转雨,南风 3级
哈尔滨,2019-06-12,27,17,多云,南风 2级
哈尔滨,2019-06-13,22,16,多云转雨,西南风 3级
哈尔滨,2019-06-14,21,13,暴雨转雨,北风 3级
哈尔滨,2019-06-15,19,11,晴,东风 4级
哈尔滨,2019-06-16,22,11,晴转多云,东北风 3级
哈尔滨,2019-06-17,24,11,多云,西南风 3级
哈尔滨,2019-06-18,24,13,多云,北风 3级
哈尔滨,2019-06-19,27,14,晴,西风 3级
哈尔滨,2019-06-20,23,13,晴,北风 3级
哈尔滨,2019-06-21,25,14,阴转多云,东北风 2级
哈尔滨,2019-06-22,27,15,晴转多云,北风 2级
哈尔滨,2019-06-23,29,16,晴转多云,南风 1级
哈尔滨,2019-06-24,32,17,多云,南风 3级
哈尔滨,2019-06-25,31,23,多云转雨,西南风 4级
哈尔滨,2019-06-26,30,22,多云转雨,西南风 4级
哈尔滨,2019-06-27,28,18,多云,西南风 3级
哈尔滨,2019-06-28,21,15,多云转雨,东南风 2级
哈尔滨,2019-06-29,22,15,多云,西风 2级
哈尔滨,2019-06-30,20,16,小雨到中雨,东北风 2级
哈尔滨,2019-07-01,21,15,晴转多云,北风 2级
哈尔滨,2019-07-02,25,16,多云,西南风 3级
哈尔滨,2019-07-03,23,15,多云,西风 2级
哈尔滨,2019-07-04,28,14,多云转雨,南风 2级
哈尔滨,2019-07-05,26,19,中雨到暴雨,南风 3级
哈尔滨,2019-07-06,28,20,多云,南风 3级
哈尔滨,2019-07-07,29,22,多云转雨,东北风 2级
哈尔滨,2019-07-08,29,22,多云,东北风 2级
哈尔滨,2019-07-09,30,22,多云转雨,东北风 3级
哈尔滨,2019-07-10,30,19,多云,东南风 2级
哈尔滨,2019-07-11,27,20,多云,东南风 2级
哈尔滨,2019-07-12,26,19,多云转晴,东北风 2级
哈尔滨,2019-07-13,26,18,多云,东风 2级
哈尔滨,2019-07-14,27,19,多云,东北风 3级
哈尔滨,2019-07-15,26,19,晴转多云,东南风 2级
哈尔滨,2019-07-16,27,21,多云,南风 3级
哈尔滨,2019-07-17,26,20,晴,西南风 3级
哈尔滨,2019-07-18,28,18,多云,西南风 2级
哈尔滨,2019-07-19,29,21,多云,南风 2级
哈尔滨,2019-07-20,30,23,多云,南风 3级
哈尔滨,2019-07-21,30,21,小雨到大雨,南风 3级
哈尔滨,2019-07-22,28,20,晴转多云,西风 2级
哈尔滨,2019-07-23,26,20,小雨到中雨,西南风 3级
哈尔滨,2019-07-24,29,19,多云转雨,西南风 3级
哈尔滨,2019-07-25,25,20,晴转多云,西风 2级
哈尔滨,2019-07-26,27,19,多云,东风 2级
哈尔滨,2019-07-27,29,20,多云,东风 2级
哈尔滨,2019-07-28,31,24,多云转雨,南风 4级
哈尔滨,2019-07-29,30,25,多云转雨,西南风 3级
哈尔滨,2019-07-30,26,19,小雨到暴风雨,东风 3级
哈尔滨,2019-07-31,28,22,多云转晴,西南风 3级
哈尔滨,2019-08-01,29,19,晴,西风 3级
哈尔滨,2019-08-02,30,19,阴转多云,南风 2级
哈尔滨,2019-08-03,30,19,多云,南风 3级
哈尔滨,2019-08-04,30,20,晴,南风 3级
哈尔滨,2019-08-05,31,21,多云转雨,南风 3级
哈尔滨,2019-08-06,27,22,多云转雨,东南风 2级
哈尔滨,2019-08-07,27,21,小雨到中雨,东风 2级
哈尔滨,2019-08-08,24,19,多云转雨,东风 2级
哈尔滨,2019-08-09,22,15,晴转多云,西风 3级
哈尔滨,2019-08-10,23,17,小雨到中雨,东风 2级
哈尔滨,2019-08-11,22,19,多云,西风 2级
哈尔滨,2019-08-12,24,18,阴,东北风 2级
哈尔滨,2019-08-13,25,19,多云转雨,东风 3级
哈尔滨,2019-08-14,23,20,小雨到大雨,东北风 2级
哈尔滨,2019-08-15,24,19,多云转雨,东北风 2级
哈尔滨,2019-08-16,24,19,阴,东北风 3级
哈尔滨,2019-08-17,20,16,小雨到中雨,西北风 2级
哈尔滨,2019-08-18,22,15,多云,西风 3级
哈尔滨,2019-08-19,22,14,晴转多云,西北风 2级
哈尔滨,2019-08-20,24,13,多云转雨,东南风 2级
哈尔滨,2019-08-21,23,17,多云,南风 4级
哈尔滨,2019-08-22,21,15,晴转多云,南风 2级
哈尔滨,2019-08-23,22,16,多云,北风 2级
哈尔滨,2019-08-24,23,15,晴,东北风 2级
哈尔滨,2019-08-25,25,15,晴转多云,西南风 2级
哈尔滨,2019-08-26,26,16,中雨转雨,南风 3级
哈尔滨,2019-08-27,24,18,晴转多云,西南风 3级
哈尔滨,2019-08-28,23,15,多云转雨,东南风 2级
哈尔滨,2019-08-29,20,15,阴,东北风 2级
哈尔滨,2019-08-30,20,15,多云,北风 2级
哈尔滨,2019-08-31,25,13,晴转雨,西风 2级
哈尔滨,2019-09-01,26,16,多云转雨,西南风 3级
哈尔滨,2019-09-02,24,14,晴,东北风 2级
哈尔滨,2019-09-03,26,12,晴,东南风 2级
哈尔滨,2019-09-04,28,17,晴转多云,南风 3级
哈尔滨,2019-09-05,27,18,阴转多云,南风 3级
哈尔滨,2019-09-06,26,18,阴转多云,南风 2级
哈尔滨,2019-09-07,25,18,大雨到暴雨,东风 2级
哈尔滨,2019-09-08,24,16,多云,西北风 4级
哈尔滨,2019-09-09,23,12,晴转多云,西风 3级
哈尔滨,2019-09-10,19,10,晴,西北风 2级
哈尔滨,2019-09-11,21,9,晴,西风 2级
哈尔滨,2019-09-12,24,11,晴转多云,东南风 2级
哈尔滨,2019-09-13,21,12,多云,南风 3级
哈尔滨,2019-09-14,22,10,晴,西风 2级
哈尔滨,2019-09-15,23,12,多云转雨,南风 4级
哈尔滨,2019-09-16,17,7,晴,西北风 3级
哈尔滨,2019-09-17,20,5,多云转雨,西南风 4级
哈尔滨,2019-09-18,14,5,晴,西风 4级
哈尔滨,2019-09-19,16,3,晴,西风 2级
哈尔滨,2019-09-20,21,4,多云转雨,南风 2级
哈尔滨,2019-09-21,16,6,多云转晴,西北风 2级
哈尔滨,2019-09-22,20,5,晴,南风 2级
哈尔滨,2019-09-23,23,7,晴,西南风 2级
哈尔滨,2019-09-24,20,8,晴,北风 2级
哈尔滨,2019-09-25,22,8,晴,南风 3级
哈尔滨,2019-09-26,23,9,晴,东南风 2级
哈尔滨,2019-09-27,25,14,晴,南风 3级
哈尔滨,2019-09-28,24,14,晴,南风 4级
哈尔滨,2019-09-29,19,8,晴,北风 3级
哈尔滨,2019-09-30,24,7,晴转多云,南风 3级
哈尔滨,2019-10-01,27,17,多云转晴,南风 4级
哈尔滨,2019-10-02,26,12,多云转晴,西南风 3级
哈尔滨,2019-10-03,14,5,阴,北风 4级
哈尔滨,2019-10-04,10,2,晴,北风 3级
哈尔滨,2019-10-05,13,0,晴,西风 2级
哈尔滨,2019-10-06,16,4,晴,南风 4级
哈尔滨,2019-10-07,18,4,多云,西南风 4级
哈尔滨,2019-10-08,12,4,晴,西风 4级
哈尔滨,2019-10-09,17,5,多云转晴,西南风 4级
哈尔滨,2019-10-10,14,4,晴,西风 3级
哈尔滨,2019-10-11,10,-2,晴转多云,西北风 2级
哈尔滨,2019-10-12,8,-2,晴转多云,北风 2级
哈尔滨,2019-10-13,8,-4,晴,西北风 2级
哈尔滨,2019-10-14,7,-1,晴,西风 3级
哈尔滨,2019-10-15,12,-1,晴转多云,西南风 3级
哈尔滨,2019-10-16,12,1,晴,东风 1级
哈尔滨,2019-10-17,14,-2,晴,东南风 2级
哈尔滨,2019-10-18,16,-2,多云转阴,东南风 2级
哈尔滨,2019-10-19,15,5,多云转晴,南风 2级
哈尔滨,2019-10-20,15,4,多云转晴,西南风 4级
哈尔滨,2019-10-21,14,3,晴,西南风 3级
哈尔滨,2019-10-22,14,1,晴,东南风 2级
哈尔滨,2019-10-23,18,0,晴,东风 2级
哈尔滨,2019-10-24,17,3,阴转雨,南风 2级
哈尔滨,2019-10-25,11,-1,多云,西风 3级
哈尔滨,2019-10-26,8,-2,晴,西南风 3级
哈尔滨,2019-10-27,10,-1,多云,西南风 3级
哈尔滨,2019-10-28,13,0,小雨到中雨,南风 3级
哈尔滨,2019-10-29,7,1,晴,西风 3级
哈尔滨,2019-10-30,10,-1,多云,南风 3级
哈尔滨,2019-10-31,11,3,晴,西风 4级
哈尔滨,2019-11-01,6,0,晴,西风 3级
哈尔滨,2019-11-02,6,-3,晴,西北风 3级
哈尔滨,2019-11-03,4,-5,晴,西北风 2级
哈尔滨,2019-11-04,7,-3,晴,西南风 3级
哈尔滨,2019-11-05,4,-2,晴,西北风 4级
哈尔滨,2019-11-06,1,-8,多云,西北风 2级
哈尔滨,2019-11-07,-1,-5,雪转多云,西风 3级
哈尔滨,2019-11-08,1,-5,晴,西北风 3级
哈尔滨,2019-11-09,5,-4,多云,南风 2级
哈尔滨,2019-11-10,7,-2,小雨到中雨,南风 3级
哈尔滨,2019-11-11,9,-2,晴,西风 3级
哈尔滨,2019-11-12,0,-5,阴转雪,北风 2级
哈尔滨,2019-11-13,-2,-11,多云,西北风 3级
哈尔滨,2019-11-14,-6,-12,晴转多云,西风 3级
哈尔滨,2019-11-15,-5,-14,晴,西风 3级
哈尔滨,2019-11-16,-4,-12,晴转多云,西风 3级
哈尔滨,2019-11-17,-3,-12,阴转雪,东风 2级
哈尔滨,2019-11-18,-6,-12,阴,西南风 4级
哈尔滨,2019-11-19,-8,-14,多云,西风 3级
哈尔滨,2019-11-20,-5,-15,晴,西南风 2级
哈尔滨,2019-11-21,4,-14,多云,南风 3级
哈尔滨,2019-11-22,7,-1,阴转多云,东南风 1级
哈尔滨,2019-11-23,7,-5,多云转阴,西风 3级
哈尔滨,2019-11-24,-6,-13,多云转晴,西北风 3级
哈尔滨,2019-11-25,-6,-15,晴,西南风 3级
哈尔滨,2019-11-26,-2,-12,晴转多云,西南风 4级
哈尔滨,2019-11-27,-9,-15,晴,西北风 3级
哈尔滨,2019-11-28,-7,-15,晴,西南风 2级
哈尔滨,2019-11-29,-5,-14,多云,西风 2级
哈尔滨,2019-11-30,-4,-14,阴,南风 3级
哈尔滨,2019-12-01,-6,-14,晴转多云,西南风 3级
哈尔滨,2019-12-02,-9,-18,多云,西风 3级
哈尔滨,2019-12-03,-13,-21,晴,西风 3级
哈尔滨,2019-12-04,-16,-23,多云,西风 3级
哈尔滨,2019-12-05,-15,-24,多云转晴,西风 3级
哈尔滨,2019-12-06,-9,-21,多云,西南风 3级
哈尔滨,2019-12-07,-9,-18,晴,西风 3级
哈尔滨,2019-12-08,-5,-17,阴,南风 3级
哈尔滨,2019-12-09,0,-14,晴转多云,南风 3级
哈尔滨,2019-12-10,-4,-14,雪转阴,西北风 2级
哈尔滨,2019-12-11,-9,-15,多云,北风 3级
哈尔滨,2019-12-12,-6,-15,晴转多云,西南风 3级
哈尔滨,2019-12-13,-5,-16,晴,西南风 3级
哈尔滨,2019-12-14,-4,-15,多云,西南风 3级
哈尔滨,2019-12-15,-1,-14,多云转晴,南风 3级
哈尔滨,2019-12-16,0,-10,雪,南风 3级
哈尔滨,2019-12-17,-4,-17,晴,西北风 3级
哈尔滨,2019-12-18,-12,-20,多云,西南风 2级
哈尔滨,2019-12-19,-12,-20,多云转晴,西南风 2级
哈尔滨,2019-12-20,-10,-24,晴转多云,西南风 3级
哈尔滨,2019-12-21,-9,-21,多云,西风 2级
哈尔滨,2019-12-22,-13,-22,霾,东南风 2级
哈尔滨,2019-12-23,-14,-26,晴,西风 2级
哈尔滨,2019-12-24,-13,-25,霾转雪,南风 2级
哈尔滨,2019-12-25,-9,-22,晴转多云,北风 2级
哈尔滨,2019-12-26,-14,-25,霾,西风 2级
哈尔滨,2019-12-27,-15,-26,霾,南风 2级
哈尔滨,2019-12-28,-14,-27,霾转雪,东北风 2级
哈尔滨,2019-12-29,-11,-23,多云转阴,东北风 3级
哈尔滨,2019-12-30,-17,-27,晴,西风 2级
哈尔滨,2019-12-31,-19,-28,晴,西南风 3级
哈尔滨,2020-01-01,-16,-27,晴,西南风 3级
哈尔滨,2020-01-02,-12,-23,晴,西南风 3级
哈尔滨,2020-01-03,-13,-21,霾,西南风 2级
哈尔滨,2020-01-04,-13,-21,霾,西南风 2级
哈尔滨,2020-01-05,-10,-22,阴,南风 3级
哈尔滨,2020-01-06,-5,-21,雪,东南风 2级
哈尔滨,2020-01-07,-6,-13,雪转阴,东风 2级
哈尔滨,2020-01-08,-10,-19,阴,西北风 2级
哈尔滨,2020-01-09,-12,-22,霾,西南风 2级
哈尔滨,2020-01-10,-12,-20,多云转阴,南风 2级
哈尔滨,2020-01-11,-11,-22,霾,西南风 2级
哈尔滨,2020-01-12,-15,-26,霾,西南风 2级
哈尔滨,2020-01-13,-13,-26,霾,西南风 2级
哈尔滨,2020-01-14,-12,-24,霾,南风 2级
哈尔滨,2020-01-15,-10,-26,霾,南风 2级
哈尔滨,2020-01-16,-12,-27,霾转多云,西南风 2级
哈尔滨,2020-01-17,-13,-25,霾,南风 2级
哈尔滨,2020-01-18,-10,-23,雪转阴,南风 2级
哈尔滨,2020-01-19,-10,-19,霾,北风 2级
哈尔滨,2020-01-20,-12,-20,霾,西南风 2级
哈尔滨,2020-01-21,-7,-24,多云,南风 3级
哈尔滨,2020-01-22,-10,-21,阴,西北风 2级
哈尔滨,2020-01-23,-9,-20,晴,西风 2级
哈尔滨,2020-01-24,-13,-26,晴,西南风 2级
哈尔滨,2020-01-25,-12,-27,晴,南风 2级
哈尔滨,2020-01-26,-7,-25,霾,南风 2级
哈尔滨,2020-01-27,-2,-20,霾,南风 2级
哈尔滨,2020-01-28,-5,-15,多云,北风 2级
哈尔滨,2020-01-29,-8,-18,晴,北风 3级
哈尔滨,2020-01-30,-10,-24,晴,北风 2级
哈尔滨,2020-01-31,-13,-24,霾,南风 2级
哈尔滨,2020-02-01,-10,-27,晴,西南风 3级
哈尔滨,2020-02-02,-13,-24,晴,西南风 3级
哈尔滨,2020-02-03,-13,-26,多云,西南风 2级
哈尔滨,2020-02-04,-18,-26,晴转多云,西风 2级
哈尔滨,2020-02-05,-18,-29,晴,西风 2级
哈尔滨,2020-02-06,-14,-29,晴转多云,南风 3级
哈尔滨,2020-02-07,-13,-23,晴转多云,西风 2级
哈尔滨,2020-02-08,-12,-27,多云转晴,西南风 2级
哈尔滨,2020-02-09,-7,-20,晴转多云,南风 3级
哈尔滨,2020-02-10,-6,-21,晴,南风 2级
哈尔滨,2020-02-11,5,-13,晴转多云,南风 4级
哈尔滨,2020-02-12,5,-2,多云转阴,西南风 3级
哈尔滨,2020-02-13,-1,-13,多云,北风 3级
哈尔滨,2020-02-14,-10,-17,晴,北风 3级
哈尔滨,2020-02-15,-7,-19,晴转多云,北风 2级
哈尔滨,2020-02-16,-11,-18,晴转多云,北风 3级
哈尔滨,2020-02-17,-9,-21,晴转多云,西北风 2级
哈尔滨,2020-02-18,-6,-21,晴转多云,西南风 3级
哈尔滨,2020-02-19,-3,-18,晴转多云,西风 2级
哈尔滨,2020-02-20,-2,-17,阴转雪,西南风 2级
哈尔滨,2020-02-21,0,-12,阴,东南风 2级
哈尔滨,2020-02-22,-4,-13,晴,西北风 2级
哈尔滨,2020-02-23,-1,-17,晴转多云,南风 3级
哈尔滨,2020-02-24,-2,-13,晴,西风 2级
哈尔滨,2020-02-25,-3,-16,晴,北风 2级
哈尔滨,2020-02-26,-2,-17,晴,西北风 2级
哈尔滨,2020-02-27,-1,-17,晴转多云,西南风 2级
哈尔滨,2020-02-28,-2,-12,多云,南风 3级
哈尔滨,2020-02-29,-2,-9,阴,西南风 2级
哈尔滨,2020-03-01,-3,-13,多云,南风 1级
哈尔滨,2020-03-02,-2,-16,晴转多云,西北风 2级
哈尔滨,2020-03-03,-2,-14,雪,东北风 2级
哈尔滨,2020-03-04,-2,-14,晴,北风 3级
哈尔滨,2020-03-05,0,-16,晴转多云,南风 3级
哈尔滨,2020-03-06,2,-13,多云,东南风 3级
哈尔滨,2020-03-07,2,-6,晴转多云,西南风 3级
哈尔滨,2020-03-08,6,-4,多云转阴,西南风 3级
哈尔滨,2020-03-09,3,-8,晴转多云,北风 2级
哈尔滨,2020-03-10,2,-8,晴转雪,东北风 2级
哈尔滨,2020-03-11,1,-9,晴转多云,西南风 2级
哈尔滨,2020-03-12,-1,-10,晴,西风 4级
哈尔滨,2020-03-13,1,-13,多云,西南风 3级
哈尔滨,2020-03-14,3,-9,多云,西风 2级
哈尔滨,2020-03-15,-2,-11,晴转多云,西北风 3级
哈尔滨,2020-03-16,2,-13,晴转多云,西南风 3级
哈尔滨,2020-03-17,5,-7,晴转多云,南风 2级
哈尔滨,2020-03-18,9,-2,多云转阴,西南风 3级
哈尔滨,2020-03-19,6,-3,晴转多云,北风 3级
哈尔滨,2020-03-20,8,-3,晴转多云,西南风 2级
哈尔滨,2020-03-21,7,-3,晴,西北风 3级
哈尔滨,2020-03-22,6,-4,晴转多云,西风 2级
哈尔滨,2020-03-23,7,-4,晴,西北风 2级
哈尔滨,2020-03-24,12,-4,晴转多云,南风 3级
哈尔滨,2020-03-25,15,2,晴转多云,南风 4级
哈尔滨,2020-03-26,10,-1,阴转多云,西风 4级
哈尔滨,2020-03-27,5,-6,晴,西风 4级
哈尔滨,2020-03-28,6,-5,晴,西风 4级
哈尔滨,2020-03-29,13,-2,晴,西南风 4级
哈尔滨,2020-03-30,16,5,多云,西南风 3级
哈尔滨,2020-03-31,11,0,晴,西北风 3级
哈尔滨,2020-04-01,11,-3,晴,西风 3级
哈尔滨,2020-04-02,13,-1,晴转多云,西北风 3级
哈尔滨,2020-04-03,11,0,晴转多云,西北风 4级
哈尔滨,2020-04-04,6,-4,晴,北风 4级
哈尔滨,2020-04-05,9,-5,晴转多云,西北风 3级
哈尔滨,2020-04-06,11,-3,多云,西风 3级
哈尔滨,2020-04-07,6,-2,雪,西北风 4级
哈尔滨,2020-04-08,6,-1,多云,北风 3级
哈尔滨,2020-04-09,12,-3,晴,北风 2级
哈尔滨,2020-04-10,15,-3,晴转多云,西北风 2级
哈尔滨,2020-04-11,16,1,晴,东北风 3级
哈尔滨,2020-04-12,17,0,晴,西南风 2级
哈尔滨,2020-04-13,22,3,霾,西南风 2级
哈尔滨,2020-04-14,20,4,晴转多云,东北风 3级
哈尔滨,2020-04-15,16,2,晴转多云,东风 3级
哈尔滨,2020-04-16,16,5,多云转阴,东风 3级
哈尔滨,2020-04-17,18,4,霾,东北风 2级
哈尔滨,2020-04-18,21,9,霾,南风 1级
哈尔滨,2020-04-19,21,11,小雨转雨,南风 4级
哈尔滨,2020-04-20,11,-1,阴,南风 4级
哈尔滨,2020-04-21,5,-2,多云转雪,西风 3级
哈尔滨,2020-04-22,5,-1,多云转阴,西北风 4级
哈尔滨,2020-04-23,9,-3,晴转多云,西北风 3级
哈尔滨,2020-04-24,13,-2,多云,南风 2级
哈尔滨,2020-04-25,11,0,晴转多云,北风 4级
哈尔滨,2020-04-26,12,0,晴转多云,北风 3级
哈尔滨,2020-04-27,16,0,晴转多云,西风 2级
哈尔滨,2020-04-28,19,7,晴,西北风 3级
哈尔滨,2020-04-29,19,4,晴转多云,南风 2级
哈尔滨,2020-04-30,21,7,多云,南风 3级
哈尔滨,2020-05-01,27,10,晴转多云,西南风 4级
哈尔滨,2020-05-02,28,9,暴雨转雨,北风 3级
哈尔滨,2020-05-03,8,3,小雨到大雨,东北风 4级
哈尔滨,2020-05-04,15,0,多云,西北风 3级
哈尔滨,2020-05-05,16,4,晴,西风 3级
哈尔滨,2020-05-06,20,4,晴转多云,西风 2级
哈尔滨,2020-05-07,22,9,小雨转阴,南风 3级
哈尔滨,2020-05-08,22,14,晴转多云,西南风 3级
哈尔滨,2020-05-09,17,10,多云,南风 2级
哈尔滨,2020-05-10,24,7,小雨到大雨,南风 2级
哈尔滨,2020-05-11,18,10,小雨到中雨,西风 3级
哈尔滨,2020-05-12,16,7,多云,西北风 4级
哈尔滨,2020-05-13,17,6,晴转多云,西风 2级
哈尔滨,2020-05-14,27,10,霾转多云,南风 4级
哈尔滨,2020-05-15,25,10,多云转阴,南风 3级
哈尔滨,2020-05-16,24,13,晴转多云,东风 2级
哈尔滨,2020-05-17,22,10,中雨转雨,东风 3级
哈尔滨,2020-05-18,19,10,晴转多云,东风 4级
哈尔滨,2020-05-19,18,9,多云转阴,东风 3级
哈尔滨,2020-05-20,19,10,多云转阴,南风 2级
哈尔滨,2020-05-21,19,10,晴,东南风 2级
哈尔滨,2020-05-22,21,11,多云转阴,东南风 2级
哈尔滨,2020-05-23,18,12,多云转雨,东南风 2级
哈尔滨,2020-05-24,21,9,多云,西风 2级
哈尔滨,2020-05-25,15,8,阴转雨,西南风 4级
哈尔滨,2020-05-26,18,8,多云转晴,西北风 3级
哈尔滨,2020-05-27,22,8,晴,西北风 2级
哈尔滨,2020-05-28,25,10,晴,西南风 2级
哈尔滨,2020-05-29,28,13,晴转多云,南风 3级
哈尔滨,2020-05-30,30,18,晴转多云,西南风 4级
哈尔滨,2020-05-31,25,15,小雨到中雨,西南风 4级
哈尔滨,2020-06-01,18,13,晴,西北风 2级
哈尔滨,2020-06-02,23,10,多云转多云,西风 2级
哈尔滨,2020-06-03,21,12,小雨,南风 4级
哈尔滨,2020-06-04,22,12,多云,西北风 2级
哈尔滨,2020-06-05,22,12,晴,北风 2级
哈尔滨,2020-06-06,26,13,多云,南风 3级
哈尔滨,2020-06-07,22,16,阴,南风 2级
哈尔滨,2020-06-08,31,20,多云,南风 4级
哈尔滨,2020-06-09,27,19,晴,西南风 3级
哈尔滨,2020-06-10,25,16,小雨到中雨,东南风 3级
哈尔滨,2020-06-11,25,16,晴,西风 3级
哈尔滨,2020-06-12,26,16,多云,西南风 3级
哈尔滨,2020-06-13,27,14,小雨到中雨,东风 2级
哈尔滨,2020-06-14,21,14,阴,西风 4级
哈尔滨,2020-06-15,21,14,晴,西北风 3级
哈尔滨,2020-06-16,28,14,小雨,西南风 3级
哈尔滨,2020-06-17,25,15,晴,东北风 3级
哈尔滨,2020-06-18,22,12,晴,东风 3级
哈尔滨,2020-06-19,24,13,多云,东风 3级
哈尔滨,2020-06-20,23,17,多云,东南风 3级
哈尔滨,2020-06-21,25,15,多云,西风 3级
哈尔滨,2020-06-22,25,16,阴,东北风 2级
哈尔滨,2020-06-23,24,18,多云,南风 3级
哈尔滨,2020-06-24,24,14,多云,西风 2级
哈尔滨,2020-06-25,23,15,多云,北风 2级
哈尔滨,2020-06-26,23,16,阴,东风 2级
哈尔滨,2020-06-27,25,17,多云,东北风 2级
哈尔滨,2020-06-28,24,16,多云,西南风 2级
哈尔滨,2020-06-29,24,18,晴,东风 2级
哈尔滨,2020-06-30,26,18,晴,东北风 3级
哈尔滨,2020-07-01,28,18,晴,东北风 2级
哈尔滨,2020-07-02,30,19,晴,北风 2级
哈尔滨,2020-07-03,29,20,多云,南风 2级
哈尔滨,2020-07-04,26,19,多云,西南风 2级
哈尔滨,2020-07-05,24,19,小雨,南风 3级
哈尔滨,2020-07-06,24,17,阴,西南风 3级
哈尔滨,2020-07-07,24,14,晴,西北风 3级
哈尔滨,2020-07-08,28,17,晴,西北风 2级
哈尔滨,2020-07-09,28,17,晴,东北风 2级
哈尔滨,2020-07-10,30,19,多云,东风 3级
哈尔滨,2020-07-11,28,19,多云,东风 3级
哈尔滨,2020-07-12,29,19,晴,东风 2级
哈尔滨,2020-07-13,31,19,晴,东北风 2级
哈尔滨,2020-07-14,31,22,晴,东北风 2级
哈尔滨,2020-07-15,30,22,晴,东北风 1级
哈尔滨,2020-07-16,32,23,晴,南风 3级
哈尔滨,2020-07-17,33,23,多云,南风 3级
哈尔滨,2020-07-18,33,22,晴,南风 3级
哈尔滨,2020-07-19,28,20,中雨,西风 2级
哈尔滨,2020-07-20,24,18,晴,东南风 2级
哈尔滨,2020-07-21,28,16,晴,西南风 3级
哈尔滨,2020-07-22,30,18,多云,南风 3级
哈尔滨,2020-07-23,33,22,晴,东风 2级
哈尔滨,2020-07-24,32,21,晴,东风 2级
哈尔滨,2020-07-25,30,22,晴,东风 2级
哈尔滨,2020-07-26,30,23,晴,东风 2级
哈尔滨,2020-07-27,29,21,多云,东南风 2级
哈尔滨,2020-07-28,28,22,阴,南风 2级
哈尔滨,2020-07-29,28,21,多云,南风 2级
哈尔滨,2020-07-30,27,21,多云,南风 2级
哈尔滨,2020-07-31,27,21,多云,南风 3级
哈尔滨,2020-08-01,29,23,晴,南风 3级
哈尔滨,2020-08-02,30,23,多云,南风 3级
哈尔滨,2020-08-03,27,19,多云,南风 3级
哈尔滨,2020-08-04,27,18,多云,南风 3级
哈尔滨,2020-08-05,26,19,多云,西北风 2级
哈尔滨,2020-08-06,26,19,多云,北风 3级
哈尔滨,2020-08-07,24,17,多云,东北风 2级
哈尔滨,2020-08-08,26,16,多云,东南风 3级
哈尔滨,2020-08-09,27,20,阴,南风 3级
哈尔滨,2020-08-10,28,19,多云,南风 3级
哈尔滨,2020-08-11,27,20,晴,西南风 3级
哈尔滨,2020-08-12,27,19,多云,西北风 3级
哈尔滨,2020-08-13,24,17,多云,东南风 3级
哈尔滨,2020-08-14,24,17,多云,西南风 3级
哈尔滨,2020-08-15,,,,西风 3级
哈尔滨,2020-08-16,,,,西南风 2级
哈尔滨,2020-08-17,,,,南风 3级
哈尔滨,2020-08-18,,,,西风 3级
哈尔滨,2020-08-19,,,,北风 3级
哈尔滨,2020-08-20,,,,东北风 3级
哈尔滨,2020-08-21,,,,东风 2级
哈尔滨,2020-08-22,,,,南风 2级
哈尔滨,2020-08-23,,,,南风 2级
哈尔滨,2020-08-24,,,,南风 3级
哈尔滨,2020-08-25,,,,西南风 3级
哈尔滨,2020-08-26,,,,南风 2级
哈尔滨,2020-08-27,,,,东北风 4级
哈尔滨,2020-08-28,,,,东风 2级
哈尔滨,2020-08-29,,,,南风 2级
哈尔滨,2020-08-30,,,,南风 2级
哈尔滨,2020-08-31,,,,南风 3级
哈尔滨,2020-09-01,27,19,多云,南风 3级
哈尔滨,2020-09-02,26,18,阴,南风 3级
哈尔滨,2020-09-03,20,15,阴,东北风 4级
哈尔滨,2020-09-04,21,16,风,西南风 5级
哈尔滨,2020-09-05,25,17,多云,西南风 4级
哈尔滨,2020-09-06,25,17,多云,南风 3级
哈尔滨,2020-09-07,25,15,小雨,东北风 3级
哈尔滨,2020-09-08,19,16,小雨到中雨,北风 4级
哈尔滨,2020-09-09,20,15,多云,东北风 3级
哈尔滨,2020-09-10,21,12,晴,东风 4级
哈尔滨,2020-09-11,19,13,晴,东风 4级
哈尔滨,2020-09-12,19,13,晴,东风 3级
哈尔滨,2020-09-13,20,13,多云,东风 3级
哈尔滨,2020-09-14,28,19,多云,东风 2级
哈尔滨,2020-09-15,22,12,阴,东南风 2级
哈尔滨,2020-09-16,21,13,阴转多云,东南风 3级
哈尔滨,2020-09-17,16,11,小雨,南风 4级
哈尔滨,2020-09-18,16,11,多云,西南风 2级
哈尔滨,2020-09-19,14,9,阴,西北风 2级
哈尔滨,2020-09-20,15,8,多云,西北风 2级
哈尔滨,2020-09-21,17,8,阴,西北风 1级
哈尔滨,2020-09-22,15,9,多云,东风 2级
哈尔滨,2020-09-23,17,11,晴,南风 2级
哈尔滨,2020-09-24,19,11,多云,东南风 2级
哈尔滨,2020-09-25,21,11,晴,东风 2级
哈尔滨,2020-09-26,22,11,晴,东风 2级
哈尔滨,2020-09-27,22,12,阴,南风 3级
哈尔滨,2020-09-28,17,7,多云,西风 3级
哈尔滨,2020-09-29,16,6,晴,西风 2级
哈尔滨,2020-09-30,16,7,晴,东北风 2级
哈尔滨,2020-10-01,16,7,多云,东南风 2级
哈尔滨,2020-10-02,16,8,晴,南风 3级
哈尔滨,2020-10-03,15,6,小雨,西南风 3级
哈尔滨,2020-10-04,10,6,阴,西风 4级
哈尔滨,2020-10-05,9,3,晴,西北风 4级
哈尔滨,2020-10-06,12,4,多云,西风 2级
哈尔滨,2020-10-07,13,4,晴,西南风 2级
哈尔滨,2020-10-08,16,6,多云,南风 2级
哈尔滨,2020-10-09,17,8,晴,南风 4级
哈尔滨,2020-10-10,20,10,多云,南风 4级
哈尔滨,2020-10-11,13,3,晴,西风 3级
哈尔滨,2020-10-12,10,1,小雨,西风 3级
哈尔滨,2020-10-13,5,-2,多云,西风 3级
哈尔滨,2020-10-14,5,-1,晴,西风 3级
哈尔滨,2020-10-15,10,0,晴,西南风 3级
哈尔滨,2020-10-16,7,0,晴,西南风 2级
哈尔滨,2020-10-17,14,0,晴,西南风 3级
哈尔滨,2020-10-18,10,2,晴,西风 3级
哈尔滨,2020-10-19,14,3,晴,南风 3级
哈尔滨,2020-10-20,17,6,多云,南风 4级
哈尔滨,2020-10-21,13,2,晴,西南风 4级
哈尔滨,2020-10-22,6,-1,晴,西风 3级
哈尔滨,2020-10-23,4,-2,晴,西北风 3级
哈尔滨,2020-10-24,8,-1,晴,西北风 4级
哈尔滨,2020-10-25,12,-1,晴,西北风 2级
哈尔滨,2020-10-26,12,3,多云,南风 2级
哈尔滨,2020-10-27,8,1,晴,西南风 3级
哈尔滨,2020-10-28,5,0,晴,西风 3级
哈尔滨,2020-10-29,6,-4,晴,西北风 2级
哈尔滨,2020-10-30,8,3,晴,南风 3级
哈尔滨,2020-10-31,11,3,多云,南风 5级
哈尔滨,2020-11-01,7,1,晴,西风 4级
哈尔滨,2020-11-02,2,-4,多云,西风 3级
哈尔滨,2020-11-03,-2,-6,晴,西风 3级
哈尔滨,2020-11-04,2,-4,晴,西南风 3级
哈尔滨,2020-11-05,7,-3,多云,西南风 2级
哈尔滨,2020-11-06,10,0,晴,西南风 3级
哈尔滨,2020-11-07,6,-1,阴,西风 3级
哈尔滨,2020-11-08,0,-7,晴,西北风 4级
哈尔滨,2020-11-09,-2,-9,晴,西北风 2级
哈尔滨,2020-11-10,1,-3,晴,西南风 3级
哈尔滨,2020-11-11,8,-1,霾,南风 4级
哈尔滨,2020-11-12,11,-3,晴,西南风 4级
哈尔滨,2020-11-13,8,-3,晴,西风 3级
哈尔滨,2020-11-14,7,0,霾,南风 3级
哈尔滨,2020-11-15,5,-5,多云,西风 3级
哈尔滨,2020-11-16,5,-2,多云,西风 2级
哈尔滨,2020-11-17,0,-3,多云,东风 3级
哈尔滨,2020-11-18,0,-4,小雪,东北风 4级
哈尔滨,2020-11-19,-5,-11,小雪,东北风 5级
哈尔滨,2020-11-20,-4,-13,晴,西北风 3级
哈尔滨,2020-11-21,-4,-14,晴,西南风 3级
哈尔滨,2020-11-22,-6,-14,晴,西南风 2级
哈尔滨,2020-11-23,-5,-11,晴,西南风 3级
哈尔滨,2020-11-24,-3,-10,阴,南风 3级
哈尔滨,2020-11-25,-4,-14,晴,西风 2级
哈尔滨,2020-11-26,-5,-15,晴,西风 2级
哈尔滨,2020-11-27,-9,-19,晴,西风 2级
哈尔滨,2020-11-28,-8,-19,晴,西南风 2级
哈尔滨,2020-11-29,-9,-19,晴,西南风 2级
哈尔滨,2020-11-30,-8,-18,晴,西南风 3级
哈尔滨,2020-12-01,-8,-17,晴,西南风 3级
哈尔滨,2020-12-02,-9,-15,晴,西南风 3级
哈尔滨,2020-12-03,-6,-14,晴,西南风 3级
哈尔滨,2020-12-04,-7,-13,晴,西南风 3级
哈尔滨,2020-12-05,-6,-16,晴,西南风 3级
哈尔滨,2020-12-06,-7,-16,晴,西南风 3级
哈尔滨,2020-12-07,-7,-16,晴,西南风 3级
哈尔滨,2020-12-08,-10,-16,晴,西南风 3级
哈尔滨,2020-12-09,-5,-15,晴,西南风 3级
哈尔滨,2020-12-10,-8,-16,晴,西南风 3级
哈尔滨,2020-12-11,-8,-18,晴,西风 2级
哈尔滨,2020-12-12,-11,-21,晴,西南风 2级
哈尔滨,2020-12-13,-14,-23,晴,西风 2级
哈尔滨,2020-12-14,-16,-25,晴,西南风 2级
哈尔滨,2020-12-15,-17,-25,晴,西风 2级
哈尔滨,2020-12-16,-15,-23,晴,西南风 3级
哈尔滨,2020-12-17,-12,-19,晴,西南风 3级
哈尔滨,2020-12-18,-12,-23,晴,西风 3级
哈尔滨,2020-12-19,-11,-21,晴,西风 3级
哈尔滨,2020-12-20,-10,-17,晴,西南风 3级
哈尔滨,2020-12-21,-7,-13,晴,南风 3级
哈尔滨,2020-12-22,-5,-15,晴,西南风 3级
哈尔滨,2020-12-23,-6,-17,阴,西南风 3级
哈尔滨,2020-12-24,-12,-20,多云,西风 2级
哈尔滨,2020-12-25,-13,-20,晴,西南风 2级
哈尔滨,2020-12-26,-14,-21,多云,西南风 2级
哈尔滨,2020-12-27,-14,-21,多云,东北风 2级
哈尔滨,2020-12-28,-14,-27,晴,西北风 1级
哈尔滨,2020-12-29,-18,-26,晴,西风 2级
哈尔滨,2020-12-30,-17,-26,晴,西风 2级
哈尔滨,2020-12-31,-16,-29,晴,西风 2级
哈尔滨,2021-01-01,-18,-27,晴,西南风 2级
哈尔滨,2021-01-02,-16,-25,晴,西南风 3级
哈尔滨,2021-01-03,-15,-24,晴,西南风 3级
哈尔滨,2021-01-04,-16,-25,晴,西南风 2级
哈尔滨,2021-01-05,-16,-24,多云,西南风 2级
哈尔滨,2021-01-06,-17,-28,多云,西南风 2级
哈尔滨,2021-01-07,-21,-28,阴,西风 2级
哈尔滨,2021-01-08,-21,-26,多云,西南风 2级
哈尔滨,2021-01-09,-17,-23,晴,西南风 2级
哈尔滨,2021-01-10,-14,-23,晴,西南风 2级
哈尔滨,2021-01-11,-11,-23,多云,南风 3级
哈尔滨,2021-01-12,-8,-19,阴,南风 3级
哈尔滨,2021-01-13,-13,-25,阴,西风 3级
哈尔滨,2021-01-14,-16,-21,多云,西南风 2级
哈尔滨,2021-01-15,-16,-26,晴,北风 3级
哈尔滨,2021-01-16,-16,-24,晴,西南风 2级
哈尔滨,2021-01-17,-15,-23,阴,南风 3级
哈尔滨,2021-01-18,-20,-30,晴,西北风 3级
哈尔滨,2021-01-19,-16,-23,晴,南风 3级
哈尔滨,2021-01-20,-2,-19,晴,西南风 4级
哈尔滨,2021-01-21,-8,-21,晴,东北风 2级
哈尔滨,2021-01-22,-7,-19,晴,西风 2级
哈尔滨,2021-01-23,-4,-15,晴,南风 2级
哈尔滨,2021-01-24,0,-16,霾,南风 2级
哈尔滨,2021-01-25,-8,-15,小雪,东风 2级
哈尔滨,2021-01-26,-7,-21,晴,西南风 3级
哈尔滨,2021-01-27,-12,-25,晴,西南风 3级
哈尔滨,2021-01-28,-16,-30,晴,西风 2级
哈尔滨,2021-01-29,-19,-27,阴,南风 2级
哈尔滨,2021-01-30,-18,-29,晴,北风 2级
哈尔滨,2021-01-31,-16,-18,阴,东风 2级
哈尔滨,2021-02-01,-16,-30,晴,西北风 3级
哈尔滨,2021-02-02,-20,-31,晴,西风 3级
哈尔滨,2021-02-03,-17,-28,晴,西南风 3级
哈尔滨,2021-02-04,-15,-22,多云,西南风 2级
哈尔滨,2021-02-05,-8,-20,霾,西南风 3级
哈尔滨,2021-02-06,-11,-23,晴,北风 2级
哈尔滨,2021-02-07,-14,-28,晴,西风 2级
哈尔滨,2021-02-08,-12,-21,多云,西风 2级
哈尔滨,2021-02-09,-7,-19,晴,西南风 3级
哈尔滨,2021-02-10,-1,-17,霾,南风 2级
哈尔滨,2021-02-11,4,-6,多云,南风 4级
哈尔滨,2021-02-12,2,-14,晴,西南风 3级
哈尔滨,2021-02-13,-3,-19,多云,西北风 2级
哈尔滨,2021-02-14,-10,-20,晴,西北风 2级
哈尔滨,2021-02-15,-12,-22,晴,西北风 2级
哈尔滨,2021-02-16,-14,-18,阴,西北风 3级
哈尔滨,2021-02-17,-11,-19,晴,西北风 4级
哈尔滨,2021-02-18,-7,-15,多云,西南风 3级
哈尔滨,2021-02-19,0,-15,多云,西南风 3级
哈尔滨,2021-02-20,-7,-17,晴,西风 2级
哈尔滨,2021-02-21,-6,-16,多云,东北风 3级
哈尔滨,2021-02-22,-8,-20,晴,西风 3级
哈尔滨,2021-02-23,-10,-21,晴,西风 2级
哈尔滨,2021-02-24,-7,-17,晴,南风 2级
哈尔滨,2021-02-25,-6,-17,多云,西风 2级
哈尔滨,2021-02-26,-5,-15,晴,东南风 2级
哈尔滨,2021-02-27,6,-7,霾,南风 4级
哈尔滨,2021-02-28,-4,-17,多云,西北风 3级
哈尔滨,2021-03-01,-9,-22,晴,西北风 2级
哈尔滨,2021-03-02,-5,-16,晴,南风 2级
哈尔滨,2021-03-03,1,-4,多云,南风 4级
哈尔滨,2021-03-04,2,-16,阴,西南风 3级
哈尔滨,2021-03-05,-10,-22,晴,西北风 3级
哈尔滨,2021-03-06,-8,-22,晴,西南风 2级
哈尔滨,2021-03-07,0,-13,晴,西南风 3级
哈尔滨,2021-03-08,4,-7,多云,南风 3级
哈尔滨,2021-03-09,3,-9,晴,西风 3级
哈尔滨,2021-03-10,4,-7,晴,南风 3级
哈尔滨,2021-03-11,5,-5,晴,北风 2级
哈尔滨,2021-03-12,5,-4,晴,东北风 2级
哈尔滨,2021-03-13,8,-2,晴,南风 2级
哈尔滨,2021-03-14,11,0,多云,南风 3级
哈尔滨,2021-03-15,8,-7,霾,西南风 5级
哈尔滨,2021-03-16,0,-7,晴,西北风 4级
哈尔滨,2021-03-17,4,-6,晴,西北风 2级
哈尔滨,2021-03-18,6,-6,霾,西风 2级
哈尔滨,2021-03-19,6,-2,多云,东北风 2级
哈尔滨,2021-03-20,3,-3,阴,东北风 3级
哈尔滨,2021-03-21,4,-6,晴,西北风 3级
哈尔滨,2021-03-22,6,-2,晴,西风 3级
哈尔滨,2021-03-23,12,-1,晴,西南风 3级
哈尔滨,2021-03-24,8,-1,晴,东风 2级
哈尔滨,2021-03-25,6,-3,多云,东南风 3级
哈尔滨,2021-03-26,8,2,小雨,东南风 3级
哈尔滨,2021-03-27,14,1,晴,西南风 3级
哈尔滨,2021-03-28,10,1,多云,南风 3级
哈尔滨,2021-03-29,7,2,阴,西风 4级
哈尔滨,2021-03-30,10,-1,晴,西北风 3级
哈尔滨,2021-03-31,12,0,晴,东北风 2级
哈尔滨,2021-04-01,13,2,多云,东风 2级
哈尔滨,2021-04-02,17,0,多云,西南风 4级
哈尔滨,2021-04-03,7,-4,多云,西北风 4级
哈尔滨,2021-04-04,11,1,晴,西南风 2级
哈尔滨,2021-04-05,18,0,晴,西南风 4级
哈尔滨,2021-04-06,10,-5,晴,西北风 3级
哈尔滨,2021-04-07,6,-5,晴,西北风 3级
哈尔滨,2021-04-08,6,-3,晴,北风 3级
哈尔滨,2021-04-09,11,1,霾,西南风 1级
哈尔滨,2021-04-10,18,8,霾,南风 4级
哈尔滨,2021-04-11,17,9,阴,西南风 3级
哈尔滨,2021-04-12,16,-4,阴,西南风 5级
哈尔滨,2021-04-13,2,-4,晴,西北风 3级
哈尔滨,2021-04-14,8,0,多云,西风 3级
哈尔滨,2021-04-15,13,4,多云,南风 2级
哈尔滨,2021-04-16,11,0,阴,南风 4级
哈尔滨,2021-04-17,9,0,晴,南风 2级
哈尔滨,2021-04-18,15,3,晴,西南风 2级
哈尔滨,2021-04-19,18,-3,晴,西北风 4级
哈尔滨,2021-04-20,15,3,晴,西北风 2级
哈尔滨,2021-04-21,24,11,多云,南风 3级
哈尔滨,2021-04-22,24,11,阴,西南风 3级
哈尔滨,2021-04-23,16,8,阴,南风 2级
哈尔滨,2021-04-24,6,2,晴,北风 3级
哈尔滨,2021-04-25,14,2,多云,北风 3级
哈尔滨,2021-04-26,20,11,阴,南风 3级
哈尔滨,2021-04-27,17,5,多云,西南风 4级
哈尔滨,2021-04-28,14,0,晴,西风 3级
哈尔滨,2021-04-29,15,3,多云,南风 3级
哈尔滨,2021-04-30,11,3,小雨到中雨,西南风 2级
哈尔滨,2021-05-01,13,2,多云,东北风 2级
哈尔滨,2021-05-02,18,6,阴,西北风 2级
哈尔滨,2021-05-03,19,10,阴,南风 4级
哈尔滨,2021-05-04,17,6,晴,西南风 4级
哈尔滨,2021-05-05,16,5,多云,西南风 4级
哈尔滨,2021-05-06,19,7,小雨,南风 2级
哈尔滨,2021-05-07,13,5,阴,西南风 3级
哈尔滨,2021-05-08,11,5,小雨到中雨,南风 3级
哈尔滨,2021-05-09,12,3,多云,北风 4级
哈尔滨,2021-05-10,17,5,晴,东南风 2级
哈尔滨,2021-05-11,20,11,阴,东南风 3级
哈尔滨,2021-05-12,21,8,晴,西南风 4级
哈尔滨,2021-05-13,23,10,晴,西风 3级
哈尔滨,2021-05-14,25,11,小雨到中雨,南风 4级
哈尔滨,2021-05-15,18,8,多云,西风 3级
哈尔滨,2021-05-16,23,9,多云,西风 3级
哈尔滨,2021-05-17,25,13,晴,西南风 3级
哈尔滨,2021-05-18,31,14,多云,南风 4级
哈尔滨,2021-05-19,26,16,多云,东风 2级
哈尔滨,2021-05-20,28,17,多云,西风 2级
哈尔滨,2021-05-21,30,19,多云,南风 2级
哈尔滨,2021-05-22,32,22,晴,南风 3级
哈尔滨,2021-05-23,22,12,多云,西南风 4级
哈尔滨,2021-05-24,18,9,阴,西南风 4级
哈尔滨,2021-05-25,19,8,阴,西南风 3级
哈尔滨,2021-05-26,21,8,晴,西风 3级
哈尔滨,2021-05-27,22,9,小雨,南风 3级
哈尔滨,2021-05-28,20,9,阴转小雨,东风 2级
哈尔滨,2021-05-29,22,11,多云,北风 2级
哈尔滨,2021-05-30,20,12,多云转小雨,南风 3级
哈尔滨,2021-05-31,26,13,阴,南风 3级
哈尔滨,2021-06-01,20,13,多云,南风 3级
哈尔滨,2021-06-02,21,13,小雨到中雨,南风 3级
哈尔滨,2021-06-03,19,10,小雨到中雨,西南风 3级
哈尔滨,2021-06-04,17,10,小雨,西风 3级
哈尔滨,2021-06-05,18,10,多云,东北风 2级
哈尔滨,2021-06-06,22,12,晴,西北风 2级
哈尔滨,2021-06-07,25,13,晴,东南风 2级
哈尔滨,2021-06-08,27,17,多云,南风 2级
哈尔滨,2021-06-09,27,20,阴,南风 4级
哈尔滨,2021-06-10,23,15,多云,南风 3级
哈尔滨,2021-06-11,27,16,晴,西南风 2级
哈尔滨,2021-06-12,28,19,晴,南风 2级
哈尔滨,2021-06-13,30,18,多云,南风 3级
哈尔滨,2021-06-14,29,20,阴,南风 3级
哈尔滨,2021-06-15,23,19,阴,南风 4级
哈尔滨,2021-06-16,29,18,多云,南风 3级
哈尔滨,2021-06-17,23,15,晴,西南风 4级
哈尔滨,2021-06-18,18,15,阴,南风 3级
哈尔滨,2021-06-19,22,15,阴,南风 3级
哈尔滨,2021-06-20,23,14,晴,东风 3级
哈尔滨,2021-06-21,23,12,晴,东风 3级
哈尔滨,2021-06-22,26,14,晴,东北风 2级
哈尔滨,2021-06-23,29,17,多云,西风 1级
哈尔滨,2021-06-24,29,18,晴,西南风 2级
哈尔滨,2021-06-25,29,19,晴,南风 3级
哈尔滨,2021-06-26,29,18,多云,南风 3级
哈尔滨,2021-06-27,25,18,多云,南风 3级
哈尔滨,2021-06-28,27,19,晴,南风 1级
哈尔滨,2021-06-29,30,20,多云,西风 2级
哈尔滨,2021-06-30,29,19,阴,东南风 2级
哈尔滨,2021-07-01,21,19,多云,东南风 2级
哈尔滨,2021-07-02,28,19,多云,南风 3级
哈尔滨,2021-07-03,30,21,多云,东南风 3级
哈尔滨,2021-07-04,24,18,小雨,东南风 3级
哈尔滨,2021-07-05,27,18,多云,东北风 2级
哈尔滨,2021-07-06,28,21,小雨,西南风 2级
哈尔滨,2021-07-07,27,19,阴,东南风 2级
哈尔滨,2021-07-08,27,20,阴,南风 2级
哈尔滨,2021-07-09,28,20,多云,南风 3级
哈尔滨,2021-07-10,28,21,晴,南风 3级
哈尔滨,2021-07-11,29,21,多云,西南风 2级
哈尔滨,2021-07-12,31,23,阴,南风 3级
哈尔滨,2021-07-13,33,25,阴,南风 3级
哈尔滨,2021-07-14,32,25,多云,南风 3级
哈尔滨,2021-07-15,31,25,多云,南风 3级
哈尔滨,2021-07-16,30,23,多云,西南风 3级
哈尔滨,2021-07-17,31,24,多云,西南风 2级
哈尔滨,2021-07-18,31,24,晴,南风 3级
哈尔滨,2021-07-19,31,23,晴,南风 3级
哈尔滨,2021-07-20,31,23,晴,南风 3级
哈尔滨,2021-07-21,31,24,晴,南风 2级
哈尔滨,2021-07-22,32,24,多云,南风 3级
哈尔滨,2021-07-23,32,24,晴,南风 3级
哈尔滨,2021-07-24,32,24,阴到小雨,南风 3级
哈尔滨,2021-07-25,26,22,阴,西南风 2级
哈尔滨,2021-07-26,29,24,多云,南风 3级
哈尔滨,2021-07-27,31,24,多云,西南风 3级
哈尔滨,2021-07-28,31,23,多云,西风 2级
哈尔滨,2021-07-29,31,22,多云,东北风 2级
哈尔滨,2021-07-30,30,23,小雨,东风 2级
哈尔滨,2021-07-31,30,24,晴,南风 3级
哈尔滨,2021-08-01,27,20,阴,西南风 3级
哈尔滨,2021-08-02,21,20,多云,北风 3级
哈尔滨,2021-08-03,25,18,多云,南风 3级
哈尔滨,2021-08-04,25,21,晴,西南风 3级
哈尔滨,2021-08-05,28,20,多云,南风 3级
哈尔滨,2021-08-06,26,19,多云,西南风 3级
哈尔滨,2021-08-07,29,19,晴,南风 2级
哈尔滨,2021-08-08,28,16,晴,东南风 2级
哈尔滨,2021-08-09,23,15,多云,东风 4级
哈尔滨,2021-08-10,23,17,多云,东风 4级
哈尔滨,2021-08-11,23,17,小雨,东风 3级
哈尔滨,2021-08-12,20,17,多云,东北风 3级
哈尔滨,2021-08-13,22,17,多云,东风 3级
哈尔滨,2021-08-14,24,16,晴,东风 2级
哈尔滨,2021-08-15,26,16,晴,东北风 2级
哈尔滨,2021-08-16,25,17,晴,东北风 2级
哈尔滨,2021-08-17,28,17,晴,东北风 2级
哈尔滨,2021-08-18,27,18,晴,东南风 1级
哈尔滨,2021-08-19,29,19,阴,南风 3级
哈尔滨,2021-08-20,31,19,多云,南风 4级
哈尔滨,2021-08-21,21,18,阴到中雨,南风 2级
哈尔滨,2021-08-22,25,18,多云,西风 2级
哈尔滨,2021-08-23,28,16,多云,南风 3级
哈尔滨,2021-08-24,26,18,多云,东风 3级
哈尔滨,2021-08-25,26,18,多云,南风 3级
哈尔滨,2021-08-26,24,17,多云,南风 3级
哈尔滨,2021-08-27,24,17,多云,西南风 4级
哈尔滨,2021-08-28,24,13,多云,西风 3级
哈尔滨,2021-08-29,22,12,多云,西风 2级
哈尔滨,2021-08-30,19,11,晴,西北风 2级
哈尔滨,2021-08-31,28,12,晴,南风 1级
哈尔滨,2021-09-01,25,15,晴,南风 2级
哈尔滨,2021-09-02,27,16,多云,东风 2级
哈尔滨,2021-09-03,26,15,多云,东风 1级
哈尔滨,2021-09-04,26,15,晴,东风 3级
哈尔滨,2021-09-05,27,15,晴,东风 2级
哈尔滨,2021-09-06,25,16,多云,西风 2级
哈尔滨,2021-09-07,19,13,多云,西北风 1级
哈尔滨,2021-09-08,23,15,小雨,西北风 1级
哈尔滨,2021-09-09,26,12,小雨,西南风 2级
哈尔滨,2021-09-10,20,9,多云,南风 0级
哈尔滨,2021-09-11,16,7,晴,西风 2级
哈尔滨,2021-09-12,21,10,阴,北风 0级
哈尔滨,2021-09-13,17,11,晴,西南风 1级
哈尔滨,2021-09-14,22,10,晴,北风 1级
哈尔滨,2021-09-15,20,14,多云,东风 2级
哈尔滨,2021-09-16,18,9,晴,西风 2级
哈尔滨,2021-09-17,24,14,晴,西风 2级
哈尔滨,2021-09-18,20,9,多云,北风 1级
哈尔滨,2021-09-19,16,9,多云,东风 2级
哈尔滨,2021-09-20,17,14,小雨,东南风 1级
哈尔滨,2021-09-21,15,14,多云,东南风 2级
哈尔滨,2021-09-22,16,11,多云,东北风 2级
哈尔滨,2021-09-23,19,7,晴,北风 0级
哈尔滨,2021-09-24,19,9,多云,东北风 1级
哈尔滨,2021-09-25,18,12,阴,东风 1级
哈尔滨,2021-09-26,18,13,阴,东南风 1级
哈尔滨,2021-09-27,23,8,晴,北风 1级
哈尔滨,2021-09-28,23,11,晴,南风 4级
哈尔滨,2021-09-29,18,5,晴,西风 2级
哈尔滨,2021-09-30,14,4,晴,西风 2级
哈尔滨,2021-10-01,15,4,晴,西风 2级
哈尔滨,2021-10-02,15,9,多云,东风 2级
哈尔滨,2021-10-03,20,4,多云,西风 2级
哈尔滨,2021-10-04,15,3,多云,西南风 1级
哈尔滨,2021-10-05,17,4,晴,西风 2级
哈尔滨,2021-10-06,13,4,多云,北风 1级
哈尔滨,2021-10-07,16,4,晴,西南风 2级
哈尔滨,2021-10-08,18,6,多云,东北风 1级
哈尔滨,2021-10-09,21,9,多云,西南风 4级
哈尔滨,2021-10-10,14,5,晴,西风 2级
哈尔滨,2021-10-11,17,3,晴,西南风 1级
哈尔滨,2021-10-12,18,4,晴,东北风 1级
哈尔滨,2021-10-13,20,10,多云,西南风 3级
哈尔滨,2021-10-14,14,0,晴,北风 2级
哈尔滨,2021-10-15,13,-2,多云,西风 2级
哈尔滨,2021-10-16,1,-5,晴,西风 2级
哈尔滨,2021-10-17,3,-1,小雪,东风 1级
哈尔滨,2021-10-18,4,-5,晴,西风 1级
哈尔滨,2021-10-19,7,-2,多云,西风 2级
哈尔滨,2021-10-20,9,-3,晴,西风 2级
哈尔滨,2021-10-21,10,-3,多云,西风 2级
哈尔滨,2021-10-22,12,1,晴,西风 2级
哈尔滨,2021-10-23,14,1,晴,西南风 2级
哈尔滨,2021-10-24,16,4,晴,西南风 2级
哈尔滨,2021-10-25,15,5,阴,南风 2级
哈尔滨,2021-10-26,12,1,晴,西风 2级
哈尔滨,2021-10-27,13,-1,晴,西北风 2级
哈尔滨,2021-10-28,12,1,晴,东北风 1级
哈尔滨,2021-10-29,15,5,多云,东风 1级
哈尔滨,2021-10-30,13,2,小雪,北风 3级
哈尔滨,2021-10-31,6,-2,多云,东北风 2级
哈尔滨,2021-11-01,7,-3,晴,北风 0级
哈尔滨,2021-11-02,6,3,阴,南风 2级
哈尔滨,2021-11-03,10,-2,阴,西风 2级
哈尔滨,2021-11-04,10,1,晴,东南风 1级
哈尔滨,2021-11-05,12,0,霾,西北风 1级
哈尔滨,2021-11-06,0,-9,多云,北风 2级
哈尔滨,2021-11-07,-1,-5,阴,东北风 3级
哈尔滨,2021-11-08,0,-7,小雪到中雪,东北风 3级
哈尔滨,2021-11-09,-1,-11,阴,南风 1级
哈尔滨,2021-11-10,-3,-6,小雪,西风 2级
哈尔滨,2021-11-11,0,-9,多云,西风 2级
哈尔滨,2021-11-12,-1,-7,多云,西南风 2级
哈尔滨,2021-11-13,1,-7,多云,西风 2级
哈尔滨,2021-11-14,0,-9,多云,北风 1级
哈尔滨,2021-11-15,-1,-8,晴,西南风 2级
哈尔滨,2021-11-16,0,-6,晴,西风 0级
哈尔滨,2021-11-17,5,-4,晴,西南风 3级
哈尔滨,2021-11-18,3,-5,晴,西风 2级
哈尔滨,2021-11-19,-2,-8,多云,北风 1级
哈尔滨,2021-11-20,-2,-10,晴,西北风 1级
哈尔滨,2021-11-21,-6,-9,多云,北风 3级
哈尔滨,2021-11-22,-10,-12,多云,南风 3级
哈尔滨,2021-11-23,-11,-12,多云,西风 2级
哈尔滨,2021-11-24,-8,-12,多云,西风 2级
哈尔滨,2021-11-25,-7,-13,多云,西南风 2级
哈尔滨,2021-11-26,-3,-13,多云,西风 2级
哈尔滨,2021-11-27,-1,-7,多云,南风 2级
哈尔滨,2021-11-28,4,-7,多云,西北风 2级
哈尔滨,2021-11-29,-5,-12,多云,西风 0级
哈尔滨,2021-11-30,-7,-14,多云,西北风 2级
哈尔滨,2021-12-01,-9,-13,多云,西南风 3级
哈尔滨,2021-12-02,-1,-13,多云,西北风 2级
哈尔滨,2021-12-03,-6,-20,多云,西南风 1级
哈尔滨,2021-12-04,-6,-8,多云,西南风 3级
哈尔滨,2021-12-05,1,-1,晴,东南风 2级
哈尔滨,2021-12-06,0,-9,多云,西南风 2级
哈尔滨,2021-12-07,1,-8,晴,西南风 1级
哈尔滨,2021-12-08,2,-5,阴,南风 2级
哈尔滨,2021-12-09,5,0,阴,西南风 1级
哈尔滨,2021-12-10,1,-10,晴,西风 2级
哈尔滨,2021-12-11,-1,-11,多云,西风 3级
哈尔滨,2021-12-12,-9,-15,晴,西南风 2级
哈尔滨,2021-12-13,-4,-10,晴,西南风 3级
哈尔滨,2021-12-14,-4,-14,多云,西南风 1级
哈尔滨,2021-12-15,-8,-14,多云,东北风 2级
哈尔滨,2021-12-16,-14,-21,晴,西风 2级
哈尔滨,2021-12-17,-17,-21,晴,西南风 2级
哈尔滨,2021-12-18,-12,-19,晴,西北风 1级
哈尔滨,2021-12-19,-8,-12,多云,南风 2级
哈尔滨,2021-12-20,-4,-16,多云,西风 3级
哈尔滨,2021-12-21,-15,-23,晴,西北风 1级
哈尔滨,2021-12-22,-14,-25,晴,西风 2级
哈尔滨,2021-12-23,-17,-27,阴,西北风 2级
哈尔滨,2021-12-24,-23,-28,晴,西风 2级
哈尔滨,2021-12-25,-20,-27,晴,西风 2级
哈尔滨,2021-12-26,-17,-24,多云,西南风 2级
哈尔滨,2021-12-27,-16,-21,多云,西风 2级
哈尔滨,2021-12-28,-8,-21,多云,西北风 2级
哈尔滨,2021-12-29,-16,-22,晴,西南风 2级
哈尔滨,2021-12-30,-19,-24,晴,南风 1级
哈尔滨,2021-12-31,-18,-24,晴,东北风 1级
哈尔滨,2022-01-01,-18,-21,多云,西风 2级
哈尔滨,2022-01-02,-11,-22,晴,西风 2级
哈尔滨,2022-01-03,-11,-21,晴,西风 2级
哈尔滨,2022-01-04,-14,-22,晴,西南风 2级
哈尔滨,2022-01-05,-9,-22,阴,西北风 3级
哈尔滨,2022-01-06,-16,-24,晴,东风 1级
哈尔滨,2022-01-07,-7,-17,阴,北风 1级
哈尔滨,2022-01-08,-16,-23,晴,西北风 1级
哈尔滨,2022-01-09,-12,-18,阴,东风 2级
哈尔滨,2022-01-10,-14,-25,阴,西风 2级
哈尔滨,2022-01-11,-18,-25,多云,西南风 2级
哈尔滨,2022-01-12,-14,-24,多云,东北风 1级
哈尔滨,2022-01-13,-18,-25,晴,西风 2级
哈尔滨,2022-01-14,-11,-19,多云,东风 2级
哈尔滨,2022-01-15,-6,-22,多云,西风 2级
哈尔滨,2022-01-16,-15,-26,多云,西风 2级
哈尔滨,2022-01-17,-16,-27,晴,西风 2级
哈尔滨,2022-01-18,-15,-27,多云,西北风 2级
哈尔滨,2022-01-19,-14,-27,多云,西南风 2级
哈尔滨,2022-01-20,-14,-26,晴,西北风 1级
哈尔滨,2022-01-21,-12,-26,阴,东北风 1级
哈尔滨,2022-01-22,-11,-25,阴,西北风 1级
哈尔滨,2022-01-23,-12,-24,霾,西南风 2级
哈尔滨,2022-01-24,-11,-23,霾,北风 1级
哈尔滨,2022-01-25,-11,-19,阴,西风 1级
哈尔滨,2022-01-26,-11,-20,霾,西南风 2级
哈尔滨,2022-01-27,-12,-23,阴,西南风 2级
哈尔滨,2022-01-28,-11,-21,晴,西南风 2级
哈尔滨,2022-01-29,-10,-20,晴,西南风 1级
哈尔滨,2022-01-30,-10,-22,晴,西风 2级
哈尔滨,2022-01-31,-10,-23,多云,西风 2级
哈尔滨,2022-02-01,-9,-22,多云,西南风 1级
哈尔滨,2022-02-02,-11,-23,多云,东北风 1级
哈尔滨,2022-02-03,-11,-22,多云,西风 1级
哈尔滨,2022-02-04,-12,-23,多云,西风 2级
哈尔滨,2022-02-05,-12,-25,多云,西风 2级
哈尔滨,2022-02-06,-8,-21,雾,西南风 2级
哈尔滨,2022-02-07,-5,-19,多云,南风 2级
哈尔滨,2022-02-08,-5,-16,多云,南风 1级
哈尔滨,2022-02-09,0,-17,多云,西南风 1级
哈尔滨,2022-02-10,-5,-16,多云,东北风 2级
哈尔滨,2022-02-11,-8,-20,中雪,西风 2级
哈尔滨,2022-02-12,-9,-25,多云,西北风 1级
哈尔滨,2022-02-13,-11,-24,多云,北风 1级
哈尔滨,2022-02-14,-14,-24,多云,西北风 1级
哈尔滨,2022-02-15,-13,-17,阴,西南风 1级
哈尔滨,2022-02-16,-12,-22,小雪,西风 2级
哈尔滨,2022-02-17,-8,-21,多云,南风 2级
哈尔滨,2022-02-18,-8,-20,阴,西南风 3级
哈尔滨,2022-02-19,-11,-21,阴,西风 2级
哈尔滨,2022-02-20,-11,-23,多云,西风 2级
哈尔滨,2022-02-21,-10,-26,多云,西风 2级
哈尔滨,2022-02-22,-11,-23,多云,西南风 2级
哈尔滨,2022-02-23,-8,-14,晴,南风 2级
哈尔滨,2022-02-24,-3,-12,晴,南风 2级
哈尔滨,2022-02-25,2,-10,晴,西南风 3级
哈尔滨,2022-02-26,0,-12,多云,西南风 2级
哈尔滨,2022-02-27,-1,-13,多云,西南风 2级
哈尔滨,2022-02-28,0,-11,多云,西南风 2级
哈尔滨,2022-03-01,0,-8,晴,南风 4级
哈尔滨,2022-03-02,0,-13,晴,西风 3级
哈尔滨,2022-03-03,2,-6,多云,南风 3级
哈尔滨,2022-03-04,-1,-7,阴,西风 2级
哈尔滨,2022-03-05,-2,-10,多云,西北风 2级
哈尔滨,2022-03-06,2,-12,晴,南风 2级
哈尔滨,2022-03-07,4,-9,晴,南风 2级
哈尔滨,2022-03-08,9,-6,霾,西北风 1级
哈尔滨,2022-03-09,10,-1,多云,南风 2级
哈尔滨,2022-03-10,5,-4,多云,西南风 2级
哈尔滨,2022-03-11,5,-6,晴,南风 2级
哈尔滨,2022-03-12,5,-3,阴到小雪,东南风 2级
哈尔滨,2022-03-13,5,-5,多云,东北风 1级
哈尔滨,2022-03-14,0,-6,多云,西北风 2级
哈尔滨,2022-03-15,2,-5,多云,东北风 2级
哈尔滨,2022-03-16,0,-11,晴,西北风 2级
哈尔滨,2022-03-17,-3,-12,晴,南风 2级
哈尔滨,2022-03-18,1,-9,多云,东北风 2级
哈尔滨,2022-03-19,0,-11,晴,南风 1级
哈尔滨,2022-03-20,2,-4,晴,西南风 1级
哈尔滨,2022-03-21,3,-6,晴,西南风 2级
哈尔滨,2022-03-22,5,-4,多云,南风 2级
哈尔滨,2022-03-23,9,-2,多云,南风 2级
哈尔滨,2022-03-24,8,0,小雪,东南风 3级
哈尔滨,2022-03-25,8,-3,多云,西北风 2级
哈尔滨,2022-03-26,8,-2,多云,西风 2级
哈尔滨,2022-03-27,7,-3,晴,西南风 2级
哈尔滨,2022-03-28,11,1,多云,西南风 5级
哈尔滨,2022-03-29,8,-5,多云,西北风 2级
哈尔滨,2022-03-30,5,-6,晴,北风 2级
哈尔滨,2022-03-31,4,-4,晴,西南风 1级
哈尔滨,2022-04-01,9,-2,晴,西南风 1级
哈尔滨,2022-04-02,12,1,晴,西南风 2级
哈尔滨,2022-04-03,17,6,晴,西南风 4级
哈尔滨,2022-04-04,18,4,多云,西南风 4级
哈尔滨,2022-04-05,5,-4,晴,西风 2级
哈尔滨,2022-04-06,5,-4,多云,西南风 2级
哈尔滨,2022-04-07,7,0,晴,南风 2级
哈尔滨,2022-04-08,15,3,多云,北风 2级
哈尔滨,2022-04-09,18,4,多云,东南风 2级
哈尔滨,2022-04-10,21,4,多云,西北风 2级
哈尔滨,2022-04-11,10,2,多云,北风 3级
哈尔滨,2022-04-12,10,-1,多云,西北风 1级
哈尔滨,2022-04-13,13,-1,多云,东北风 2级
哈尔滨,2022-04-14,14,-2,晴,东北风 1级
哈尔滨,2022-04-15,15,3,多云,西南风 2级
哈尔滨,2022-04-16,14,-2,晴,西风 1级
哈尔滨,2022-04-17,14,0,阴,北风 2级
哈尔滨,2022-04-18,14,7,霾,南风 3级
哈尔滨,2022-04-19,23,12,多云,西南风 4级
哈尔滨,2022-04-20,25,14,风,西南风 3级
哈尔滨,2022-04-21,22,4,阴,北风 3级
哈尔滨,2022-04-22,14,5,多云,南风 3级
哈尔滨,2022-04-23,19,4,多云,西风 3级
哈尔滨,2022-04-24,16,4,霾,南风 2级
哈尔滨,2022-04-25,21,6,多云,西南风 5级
哈尔滨,2022-04-26,14,2,多云,西北风 3级
哈尔滨,2022-04-27,14,0,多云,东风 2级
哈尔滨,2022-04-28,16,-1,晴,东风 2级
哈尔滨,2022-04-29,18,4,小雨,南风 1级
哈尔滨,2022-04-30,9,2,多云,西北风 2级
哈尔滨,2022-05-01,7,-1,多云,东北风 2级
哈尔滨,2022-05-02,16,7,小雨,南风 3级
哈尔滨,2022-05-03,20,8,多云,东风 3级
哈尔滨,2022-05-04,26,16,多云,南风 4级
哈尔滨,2022-05-05,28,8,阴,西风 2级
哈尔滨,2022-05-06,13,2,晴,西风 2级
哈尔滨,2022-05-07,15,3,多云,东北风 3级
哈尔滨,2022-05-08,18,6,晴,南风 2级
哈尔滨,2022-05-09,25,12,多云,南风 3级
哈尔滨,2022-05-10,23,8,多云,西风 2级
哈尔滨,2022-05-11,16,4,晴,西南风 1级
哈尔滨,2022-05-12,14,4,晴,南风 2级
哈尔滨,2022-05-13,16,2,晴,东风 1级
哈尔滨,2022-05-14,17,7,多云,西风 2级
哈尔滨,2022-05-15,18,3,多云,北风 1级
哈尔滨,2022-05-16,19,8,晴,南风 1级
哈尔滨,2022-05-17,23,8,多云,南风 2级
哈尔滨,2022-05-18,23,12,晴,南风 2级
哈尔滨,2022-05-19,24,10,晴,南风 1级
哈尔滨,2022-05-20,29,14,小雨,东南风 3级
哈尔滨,2022-05-21,25,10,多云,东北风 2级
哈尔滨,2022-05-22,26,15,多云,南风 1级
哈尔滨,2022-05-23,30,15,多云,东北风 2级
哈尔滨,2022-05-24,20,11,多云,东北风 3级
哈尔滨,2022-05-25,15,10,多云,东风 4级
哈尔滨,2022-05-26,16,9,小雨到中雨,南风 2级
哈尔滨,2022-05-27,20,11,阴,东南风 2级
哈尔滨,2022-05-28,25,13,多云,东南风 2级
哈尔滨,2022-05-29,22,10,多云,西南风 2级
哈尔滨,2022-05-30,20,8,晴,西南风 1级
哈尔滨,2022-05-31,21,10,多云,东北风 2级
哈尔滨,2022-06-01,21,9,多云,东南风 1级
哈尔滨,2022-06-02,34,22,晴,东北风 1级
哈尔滨,2022-06-03,24,14,多云,东风 4级
哈尔滨,2022-06-04,24,13,多云,东风 4级
哈尔滨,2022-06-05,14,10,小雨,东风 5级
哈尔滨,2022-06-06,15,10,多云,东北风 2级
哈尔滨,2022-06-07,22,14,多云,东风 2级
哈尔滨,2022-06-08,24,14,晴,南风 2级
哈尔滨,2022-06-09,26,14,多云,东南风 2级
哈尔滨,2022-06-10,23,14,多云,东风 2级
哈尔滨,2022-06-11,25,16,多云,东南风 1级
哈尔滨,2022-06-12,27,17,小雨,西南风 1级
哈尔滨,2022-06-13,24,19,多云,南风 2级
哈尔滨,2022-06-14,24,15,多云,西风 1级
哈尔滨,2022-06-15,26,18,多云,西南风 1级
哈尔滨,2022-06-16,23,14,多云,西南风 1级
哈尔滨,2022-06-17,25,15,晴,西南风 2级
哈尔滨,2022-06-18,29,17,多云,东北风 2级
哈尔滨,2022-06-19,30,19,多云,南风 2级
哈尔滨,2022-06-20,31,19,多云,西南风 4级
哈尔滨,2022-06-21,31,21,多云,西南风 3级
哈尔滨,2022-06-22,31,20,多云,南风 3级
哈尔滨,2022-06-23,26,17,晴,南风 3级
哈尔滨,2022-06-24,24,18,多云,西风 2级
哈尔滨,2022-06-25,21,17,多云,南风 1级
哈尔滨,2022-06-26,28,18,多云,南风 1级
哈尔滨,2022-06-27,29,20,多云,东风 3级
哈尔滨,2022-06-28,27,21,晴,东北风 2级
哈尔滨,2022-06-29,28,17,多云,东风 1级
哈尔滨,2022-06-30,30,18,多云,东南风 1级
哈尔滨,2022-07-01,30,24,多云,南风 1级
哈尔滨,2022-07-02,27,21,多云,南风 2级
哈尔滨,2022-07-03,29,21,多云,南风 2级
哈尔滨,2022-07-04,30,22,阴,南风 2级
哈尔滨,2022-07-05,29,21,晴,南风 1级
哈尔滨,2022-07-06,30,23,多云,南风 3级
哈尔滨,2022-07-07,26,21,多云,东风 2级
哈尔滨,2022-07-08,30,21,多云,西南风 2级
哈尔滨,2022-07-09,29,18,多云,南风 1级
哈尔滨,2022-07-10,30,19,多云,南风 1级
哈尔滨,2022-07-11,29,20,晴,南风 1级
哈尔滨,2022-07-12,31,21,多云,东南风 2级
哈尔滨,2022-07-13,29,20,多云,南风 2级
哈尔滨,2022-07-14,24,19,多云,东北风 3级
哈尔滨,2022-07-15,25,19,多云,东北风 3级
哈尔滨,2022-07-16,25,19,晴,东风 3级
哈尔滨,2022-07-17,27,18,多云,东风 2级
哈尔滨,2022-07-18,26,19,多云,东风 1级
哈尔滨,2022-07-19,27,19,晴,东南风 1级
哈尔滨,2022-07-20,29,20,多云,东南风 1级
哈尔滨,2022-07-21,29,19,多云,北风 2级
哈尔滨,2022-07-22,29,20,多云,东风 2级
哈尔滨,2022-07-23,28,19,阴,东风 3级
哈尔滨,2022-07-24,26,20,多云,东风 2级
哈尔滨,2022-07-25,34,24,多云,东北风 1级
哈尔滨,2022-07-26,30,21,多云,南风 2级
哈尔滨,2022-07-27,32,22,阴,东南风 1级
哈尔滨,2022-07-28,32,21,多云,西北风 1级
哈尔滨,2022-07-29,26,21,多云,西南风 1级
哈尔滨,2022-07-30,27,21,晴,西南风 1级
哈尔滨,2022-07-31,30,21,晴,南风 2级
哈尔滨,2022-08-01,31,22,多云,南风 1级
哈尔滨,2022-08-02,33,23,多云,西风 1级
哈尔滨,2022-08-03,34,22,多云,西南风 2级
哈尔滨,2022-08-04,32,23,多云,南风 2级
哈尔滨,2022-08-05,29,20,多云,西南风 2级
哈尔滨,2022-08-06,30,20,多云,东南风 2级
哈尔滨,2022-08-07,26,18,多云,西北风 2级
哈尔滨,2022-08-08,25,16,晴,西南风 2级
哈尔滨,2022-08-09,27,16,晴,西南风 2级
哈尔滨,2022-08-10,27,16,多云,东风 1级
哈尔滨,2022-08-11,26,15,多云,西北风 2级
哈尔滨,2022-08-12,25,16,多云,南风 2级
哈尔滨,2022-08-13,26,15,暴雨,东南风 1级
哈尔滨,2022-08-14,25,18,雾,东南风 1级
哈尔滨,2022-08-15,27,17,多云,西北风 2级
哈尔滨,2022-08-16,28,17,晴,西南风 1级
哈尔滨,2022-08-17,29,18,多云,南风 2级
哈尔滨,2022-08-18,28,21,多云,西南风 1级
哈尔滨,2022-08-19,22,15,小雨,西南风 2级
哈尔滨,2022-08-20,23,15,多云,西南风 1级
哈尔滨,2022-08-21,22,16,小雨,东北风 1级
哈尔滨,2022-08-22,19,13,中雨,西风 2级
哈尔滨,2022-08-23,23,13,晴,西风 2级
哈尔滨,2022-08-24,25,14,多云,南风 2级
哈尔滨,2022-08-25,20,11,中雨,西南风 2级
哈尔滨,2022-08-26,21,11,阴,西南风 2级
哈尔滨,2022-08-27,22,11,多云,西风 2级
哈尔滨,2022-08-28,24,16,晴,南风 1级
哈尔滨,2022-08-29,19,11,小雨,南风 1级
哈尔滨,2022-08-30,22,13,多云,南风 2级
哈尔滨,2022-08-31,24,10,阵雨,西北风 4级
哈尔滨,2022-09-01,20,12,多云,南风 2级
哈尔滨,2022-09-02,25,13,晴,南风 2级
哈尔滨,2022-09-03,27,15,晴,南风 1级
哈尔滨,2022-09-04,23,14,多云,东南风 3级
哈尔滨,2022-09-05,20,13,雾,南风 1级
哈尔滨,2022-09-06,19,11,多云,西风 2级
哈尔滨,2022-09-07,21,15,多云,西南风 2级
哈尔滨,2022-09-08,27,14,多云,东北风 2级
哈尔滨,2022-09-09,26,12,晴,东风 1级
哈尔滨,2022-09-10,27,16,晴,南风 1级
哈尔滨,2022-09-11,29,16,雾,西南风 2级
哈尔滨,2022-09-12,27,12,多云,北风 3级
哈尔滨,2022-09-13,21,8,多云,东北风 2级
哈尔滨,2022-09-14,23,14,晴,东风 1级
哈尔滨,2022-09-15,23,15,雾,东风 2级
哈尔滨,2022-09-16,21,15,多云,东风 4级
哈尔滨,2022-09-17,19,14,多云,南风 3级
哈尔滨,2022-09-18,19,8,多云,西风 2级
哈尔滨,2022-09-19,16,4,多云,西风 2级
哈尔滨,2022-09-20,16,8,晴,南风 2级
哈尔滨,2022-09-21,24,14,多云,南风 4级
哈尔滨,2022-09-22,22,13,多云,南风 3级
哈尔滨,2022-09-23,15,9,小雨,西北风 3级
哈尔滨,2022-09-24,20,11,多云,西南风 2级
哈尔滨,2022-09-25,25,9,多云,西南风 2级
哈尔滨,2022-09-26,18,8,晴,东风 1级
哈尔滨,2022-09-27,25,15,多云,南风 4级
哈尔滨,2022-09-28,22,11,多云,东北风 1级
哈尔滨,2022-09-29,26,13,多云,西南风 1级
哈尔滨,2022-09-30,22,7,多云,北风 3级
哈尔滨,2022-10-01,12,10,晴,东南风 2级
哈尔滨,2022-10-02,19,8,雾,北风 2级
哈尔滨,2022-10-03,7,0,中雨,西风 2级
哈尔滨,2022-10-04,8,0,晴,西风 2级
哈尔滨,2022-10-05,8,-1,多云,西南风 2级
哈尔滨,2022-10-06,11,-1,晴,西南风 2级
哈尔滨,2022-10-07,13,0,晴,南风 2级
哈尔滨,2022-10-08,12,6,多云,东南风 4级
哈尔滨,2022-10-09,7,5,小雨,东北风 3级
哈尔滨,2022-10-10,12,0,小雨,北风 3级
哈尔滨,2022-10-11,15,3,晴,西南风 2级
哈尔滨,2022-10-12,17,7,多云,南风 2级
哈尔滨,2022-10-13,18,6,晴,西南风 1级
哈尔滨,2022-10-14,16,6,小雨,南风 2级
哈尔滨,2022-10-15,17,3,小雨,西风 1级
哈尔滨,2022-10-16,11,0,多云,西风 2级
哈尔滨,2022-10-17,7,-3,晴,西风 2级
哈尔滨,2022-10-18,9,-1,晴,西南风 1级
哈尔滨,2022-10-19,14,3,多云,西南风 3级
哈尔滨,2022-10-20,17,11,多云,南风 3级
哈尔滨,2022-10-21,16,0,多云,西北风 2级
哈尔滨,2022-10-22,10,-1,多云,西风 1级
哈尔滨,2022-10-23,7,-3,多云,西北风 2级
哈尔滨,2022-10-24,8,-3,晴,南风 2级
哈尔滨,2022-10-25,14,5,晴,南风 4级
哈尔滨,2022-10-26,9,-2,小雨,西北风 3级
哈尔滨,2022-10-27,6,-5,晴,北风 2级
哈尔滨,2022-10-28,7,-7,晴,北风 1级
哈尔滨,2022-10-29,8,-4,雾,东风 2级
哈尔滨,2022-10-30,10,6,多云,南风 2级
哈尔滨,2022-10-31,11,0,小雨,南风 2级
哈尔滨,2022-11-01,5,-4,晴,西南风 2级
哈尔滨,2022-11-02,2,-5,晴,西南风 2级
哈尔滨,2022-11-03,0,-8,晴,西南风 2级
哈尔滨,2022-11-04,1,-6,晴,西南风 3级
哈尔滨,2022-11-05,4,-6,晴,西风 2级
哈尔滨,2022-11-06,8,-3,晴,北风 1级
哈尔滨,2022-11-07,7,-3,多云,西南风 2级
哈尔滨,2022-11-08,9,0,多云,西南风 3级
哈尔滨,2022-11-09,10,-4,晴,北风 2级
哈尔滨,2022-11-10,6,-1,多云,东北风 2级
哈尔滨,2022-11-11,10,-1,多云,北风 3级
哈尔滨,2022-11-12,0,-8,多云,北风 3级
哈尔滨,2022-11-13,0,-7,晴,南风 2级
哈尔滨,2022-11-14,0,-7,多云,西南风 2级
哈尔滨,2022-11-15,1,-7,多云,西南风 2级
哈尔滨,2022-11-16,3,-5,多云,南风 1级
哈尔滨,2022-11-17,5,-5,多云,西风 2级
哈尔滨,2022-11-18,5,-4,多云,东南风 2级
哈尔滨,2022-11-19,7,-3,小雨,西南风 4级
哈尔滨,2022-11-20,1,-10,晴,西风 2级
哈尔滨,2022-11-21,-1,-11,晴,西南风 1级
哈尔滨,2022-11-22,0,-8,雾,东风 1级
哈尔滨,2022-11-23,0,-9,多云,北风 1级
哈尔滨,2022-11-24,0,-1,小雪,东风 1级
哈尔滨,2022-11-25,0,-9,雾,西风 3级
哈尔滨,2022-11-26,-6,-12,多云,西风 2级
哈尔滨,2022-11-27,-4,-11,阴,东风 2级
哈尔滨,2022-11-28,-6,-11,多云,西风 2级
哈尔滨,2022-11-29,-11,-18,冻雨,西风 3级
哈尔滨,2022-11-30,-15,-21,多云,西风 2级
哈尔滨,2022-12-01,-14,-20,晴,西南风 2级
哈尔滨,2022-12-02,-7,-17,晴,西南风 2级
哈尔滨,2022-12-03,-12,-20,晴,西风 2级
哈尔滨,2022-12-04,-11,-19,晴,西南风 2级
哈尔滨,2022-12-05,-9,-16,多云,南风 3级
哈尔滨,2022-12-06,-7,-14,多云,西南风 2级
哈尔滨,2022-12-07,-3,-15,晴,西风 2级
哈尔滨,2022-12-08,-2,-14,雾,西风 2级
哈尔滨,2022-12-09,-4,-16,多云,西风 2级
哈尔滨,2022-12-10,-6,-16,晴,西南风 2级
哈尔滨,2022-12-11,-4,-12,多云,南风 3级
哈尔滨,2022-12-12,-1,-14,多云,西南风 3级
哈尔滨,2022-12-13,-13,-21,晴,西风 3级
哈尔滨,2022-12-14,-15,-24,多云,西风 2级
哈尔滨,2022-12-15,-18,-25,晴,西风 2级
哈尔滨,2022-12-16,-14,-24,晴,西南风 1级
哈尔滨,2022-12-17,-15,-24,多云,西风 2级
哈尔滨,2022-12-18,-17,-25,多云,西风 2级
哈尔滨,2022-12-19,-14,-23,晴,西风 2级
哈尔滨,2022-12-20,-10,-15,雾,北风 2级
哈尔滨,2022-12-21,-13,-21,大雪,西北风 2级
哈尔滨,2022-12-22,-16,-23,多云,西北风 2级
哈尔滨,2022-12-23,-11,-18,多云,西北风 2级
哈尔滨,2022-12-24,-9,-21,多云,西风 2级
哈尔滨,2022-12-25,-11,-21,晴,西南风 2级
哈尔滨,2022-12-26,-10,-23,多云,东北风 1级
哈尔滨,2022-12-27,-11,-22,多云,东北风 1级
哈尔滨,2022-12-28,-14,-22,雾,西南风 2级
哈尔滨,2022-12-29,-13,-20,多云,西风 2级
哈尔滨,2022-12-30,-10,-17,多云,西南风 3级
哈尔滨,2022-12-31,-7,-19,晴,西风 2级
