拉萨,2018-01-01,-1,-17,晴,南风 3级
拉萨,2018-01-02,-3,-15,晴,南风 4级
拉萨,2018-01-03,-7,-17,多云,南风 3级
拉萨,2018-01-04,3,-12,晴,东南风 2级
拉萨,2018-01-05,-4,-15,多云,南风 3级
拉萨,2018-01-06,8,-8,多云,西南风 3级
拉萨,2018-01-07,7,-9,晴,西南风 3级
拉萨,2018-01-08,5,-8,晴,西北风 2级
拉萨,2018-01-09,9,-9,晴,西风 2级
拉萨,2018-01-10,14,-7,晴,西风 2级
拉萨,2018-01-11,18,-7,晴,西风 2级
拉萨,2018-01-12,18,-4,晴,西南风 2级
拉萨,2018-01-13,9,-2,多云,西南风 2级
拉萨,2018-01-14,13,-2,晴,南风 2级
拉萨,2018-01-15,0,-12,晴,西风 3级
拉萨,2018-01-16,9,-9,晴,南风 2级
拉萨,2018-01-17,11,-5,晴,西南风 2级
拉萨,2018-01-18,15,-7,晴,西南风 2级
拉萨,2018-01-19,14,-6,晴,西南风 2级
拉萨,2018-01-20,14,-5,晴,西风 2级
拉萨,2018-01-21,11,-5,晴,东北风 2级
拉萨,2018-01-22,7,-7,晴,东风 2级
拉萨,2018-01-23,10,-7,晴,南风 2级
拉萨,2018-01-24,11,-7,多云,南风 4级
拉萨,2018-01-25,7,-17,晴,南风 3级
拉萨,2018-01-26,-3,-16,多云,南风 3级
拉萨,2018-01-27,2,-8,多云,西南风 3级
拉萨,2018-01-28,7,-8,晴,西南风 3级
拉萨,2018-01-29,6,-19,晴,西风 3级
拉萨,2018-01-30,18,-3,晴,西风 3级
拉萨,2018-01-31,9,-2,多云,西北风 3级
拉萨,2018-02-01,16,-1,阴,西风 3级
拉萨,2018-02-02,4,-10,多云,西风 4级
拉萨,2018-02-03,14,-3,多云,西南风 3级
拉萨,2018-02-04,0,-12,晴,西风 3级
拉萨,2018-02-05,4,-14,多云,西风 3级
拉萨,2018-02-06,16,-2,多云,西风 3级
拉萨,2018-02-07,13,-1,阴,西南风 3级
拉萨,2018-02-08,13,-3,多云,西南风 3级
拉萨,2018-02-09,11,-5,阴,西南风 3级
拉萨,2018-02-10,9,-5,晴,西南风 3级
拉萨,2018-02-11,10,-5,晴,西南风 3级
拉萨,2018-02-12,11,-5,多云,南风 3级
拉萨,2018-02-13,12,-3,阴,南风 3级
拉萨,2018-02-14,8,-3,阴,南风 3级
拉萨,2018-02-15,9,-6,多云,南风 2级
拉萨,2018-02-16,-1,-10,多云,南风 3级
拉萨,2018-02-17,11,-12,阴,西南风 4级
拉萨,2018-02-18,-1,-12,阴,西南风 4级
拉萨,2018-02-19,13,-4,多云,西南风 4级
拉萨,2018-02-20,11,-4,多云,南风 2级
拉萨,2018-02-21,11,-5,多云,南风 2级
拉萨,2018-02-22,8,-2,雨,东南风 2级
拉萨,2018-02-23,6,-4,阴,南风 2级
拉萨,2018-02-24,10,-3,多云,东风 2级
拉萨,2018-02-25,0,-14,多云,南风 2级
拉萨,2018-02-26,6,-2,雨,东北风 2级
拉萨,2018-02-27,7,-4,多云,西风 1级
拉萨,2018-02-28,15,-2,晴,西南风 2级
拉萨,2018-03-01,4,-10,多云,南风 2级
拉萨,2018-03-02,12,-1,阴,南风 2级
拉萨,2018-03-03,11,0,阴,西南风 3级
拉萨,2018-03-04,3,-10,阴,西南风 3级
拉萨,2018-03-05,10,0,多云,西南风 3级
拉萨,2018-03-06,7,-1,阴,西南风 2级
拉萨,2018-03-07,8,-16,阴,北风 2级
拉萨,2018-03-08,11,-4,多云,东风 2级
拉萨,2018-03-09,6,-2,阴,东南风 2级
拉萨,2018-03-10,11,-1,阴,东南风 2级
拉萨,2018-03-11,8,-2,雨,东风 2级
拉萨,2018-03-12,1,-13,阴,东风 2级
拉萨,2018-03-13,10,-2,雨,东风 1级
拉萨,2018-03-14,12,-1,阴,东风 1级
拉萨,2018-03-15,15,-1,雨,东风 2级
拉萨,2018-03-16,11,1,多云,南风 2级
拉萨,2018-03-17,12,0,阴,南风 3级
拉萨,2018-03-18,0,-14,阴,北风 2级
拉萨,2018-03-19,12,-2,晴,东风 2级
拉萨,2018-03-20,12,0,阴,东风 2级
拉萨,2018-03-21,14,0,阴,东风 2级
拉萨,2018-03-22,15,-9,阴,南风 2级
拉萨,2018-03-23,14,2,多云,西南风 3级
拉萨,2018-03-24,15,2,阴,东南风 2级
拉萨,2018-03-25,15,2,阴,东南风 2级
拉萨,2018-03-26,11,2,雨,东风 2级
拉萨,2018-03-27,13,2,多云,北风 2级
拉萨,2018-03-28,15,0,晴,东风 2级
拉萨,2018-03-29,3,-8,雪,东南风 2级
拉萨,2018-03-30,-1,-7,雪,南风 2级
拉萨,2018-03-31,2,-8,阴,南风 2级
拉萨,2018-04-01,1,-12,雪,东北风 1级
拉萨,2018-04-02,13,1,晴,北风 2级
拉萨,2018-04-03,15,0,晴,东风 1级
拉萨,2018-04-04,18,-5,多云,南风 2级
拉萨,2018-04-05,14,3,雨,东南风 2级
拉萨,2018-04-06,15,2,多云,东北风 2级
拉萨,2018-04-07,13,3,雨,东风 2级
拉萨,2018-04-08,15,4,雨,南风 2级
拉萨,2018-04-09,6,-5,雨,南风 2级
拉萨,2018-04-10,16,4,雨,南风 2级
拉萨,2018-04-11,16,4,雨,南风 3级
拉萨,2018-04-12,18,5,雨,南风 3级
拉萨,2018-04-13,17,3,阴,南风 3级
拉萨,2018-04-14,12,-1,雨,西南风 3级
拉萨,2018-04-15,15,3,晴,东北风 2级
拉萨,2018-04-16,16,2,阴,东南风 2级
拉萨,2018-04-17,10,-7,雨,南风 2级
拉萨,2018-04-18,12,5,雨,南风 2级
拉萨,2018-04-19,10,-3,阴,东南风 2级
拉萨,2018-04-20,19,5,雨,东南风 2级
拉萨,2018-04-21,19,5,阴,南风 3级
拉萨,2018-04-22,20,5,阴,南风 3级
拉萨,2018-04-23,8,-6,阴,南风 3级
拉萨,2018-04-24,11,5,雨,东南风 2级
拉萨,2018-04-25,9,-9,雨,东风 2级
拉萨,2018-04-26,13,2,阴,东风 2级
拉萨,2018-04-27,14,3,多云,东风 2级
拉萨,2018-04-28,17,4,雨,南风 2级
拉萨,2018-04-29,4,-3,雪,南风 2级
拉萨,2018-04-30,15,5,雨,东风 2级
拉萨,2018-05-01,14,4,雨,东北风 2级
拉萨,2018-05-02,13,3,雨,东风 1级
拉萨,2018-05-03,14,5,多云,南风 2级
拉萨,2018-05-04,14,5,雨,南风 3级
拉萨,2018-05-05,15,6,雨,东南风 2级
拉萨,2018-05-06,14,6,雨,东风 2级
拉萨,2018-05-07,16,4,阴,东风 2级
拉萨,2018-05-08,12,-1,多云,东南风 2级
拉萨,2018-05-09,20,6,阴,南风 3级
拉萨,2018-05-10,18,5,阴,南风 3级
拉萨,2018-05-11,16,6,阴,北风 2级
拉萨,2018-05-12,15,4,阴,北风 2级
拉萨,2018-05-13,18,5,晴,东北风 2级
拉萨,2018-05-14,21,2,阴,南风 2级
拉萨,2018-05-15,20,7,多云,南风 3级
拉萨,2018-05-16,17,7,多云,南风 2级
拉萨,2018-05-17,20,8,多云,南风 2级
拉萨,2018-05-18,20,7,雨,南风 2级
拉萨,2018-05-19,15,1,多云,南风 3级
拉萨,2018-05-20,25,11,雨,南风 2级
拉萨,2018-05-21,24,11,雨,南风 2级
拉萨,2018-05-22,22,8,雨,南风 2级
拉萨,2018-05-23,17,2,多云,南风 3级
拉萨,2018-05-24,25,10,雨,南风 3级
拉萨,2018-05-25,25,10,雨,南风 3级
拉萨,2018-05-26,25,10,多云,南风 3级
拉萨,2018-05-27,21,9,多云,南风 3级
拉萨,2018-05-28,18,11,小雨,南风 3级
拉萨,2018-05-29,17,11,雨,东南风 2级
拉萨,2018-05-30,18,9,晴,南风 2级
拉萨,2018-05-31,9,0,小雨,南风 2级
拉萨,2018-06-01,19,9,雨,南风 2级
拉萨,2018-06-02,20,9,多云,南风 3级
拉萨,2018-06-03,18,7,小雨,东风 2级
拉萨,2018-06-04,17,7,多云,东北风 2级
拉萨,2018-06-05,22,11,晴,东北风 2级
拉萨,2018-06-06,22,9,小雨,南风 2级
拉萨,2018-06-07,20,11,阴转小雨,南风 2级
拉萨,2018-06-08,23,9,多云,东风 1级
拉萨,2018-06-09,24,10,多云,南风 2级
拉萨,2018-06-10,25,13,晴,南风 2级
拉萨,2018-06-11,25,13,小雨,南风 2级
拉萨,2018-06-12,24,13,小雨,南风 2级
拉萨,2018-06-13,24,11,小雨,南风 3级
拉萨,2018-06-14,26,7,多云转小雨,南风 3级
拉萨,2018-06-15,14,4,小雨到中雨,南风 2级
拉萨,2018-06-16,23,12,小雨,南风 2级
拉萨,2018-06-17,17,4,阴转小雨,南风 3级
拉萨,2018-06-18,19,6,多云转小雨,南风 3级
拉萨,2018-06-19,25,13,多云转小雨,南风 2级
拉萨,2018-06-20,26,14,雨,南风 2级
拉萨,2018-06-21,26,6,多云,南风 2级
拉萨,2018-06-22,26,13,小雨,南风 2级
拉萨,2018-06-23,18,7,小雨,南风 2级
拉萨,2018-06-24,27,15,小雨,南风 2级
拉萨,2018-06-25,27,15,小雨,南风 2级
拉萨,2018-06-26,27,15,小雨,南风 2级
拉萨,2018-06-27,16,7,小雨,南风 2级
拉萨,2018-06-28,22,14,小雨,南风 2级
拉萨,2018-06-29,24,13,小雨,南风 2级
拉萨,2018-06-30,25,13,小雨,南风 2级
拉萨,2018-07-01,26,14,小雨,南风 2级
拉萨,2018-07-02,25,14,多云转小雨,南风 3级
拉萨,2018-07-03,26,14,小雨,南风 2级
拉萨,2018-07-04,25,13,小雨到中雨,南风 3级
拉萨,2018-07-05,25,14,小雨,南风 2级
拉萨,2018-07-06,26,14,多云转小雨,南风 2级
拉萨,2018-07-07,28,13,雨,南风 2级
拉萨,2018-07-08,24,13,小雨,南风 2级
拉萨,2018-07-09,22,12,小雨,南风 2级
拉萨,2018-07-10,21,9,小雨,南风 2级
拉萨,2018-07-11,21,12,小雨,西风 1级
拉萨,2018-07-12,16,5,阴,东南风 1级
拉萨,2018-07-13,20,6,小雨到中雨,南风 2级
拉萨,2018-07-14,21,13,小雨到中雨,南风 2级
拉萨,2018-07-15,21,12,雨,南风 2级
拉萨,2018-07-16,11,6,小雨,南风 2级
拉萨,2018-07-17,20,12,小雨,南风 2级
拉萨,2018-07-18,19,12,小雨到中雨,南风 2级
拉萨,2018-07-19,21,12,雨,南风 2级
拉萨,2018-07-20,15,6,雨,南风 2级
拉萨,2018-07-21,14,6,小雨,南风 2级
拉萨,2018-07-22,19,11,小雨,南风 2级
拉萨,2018-07-23,22,11,雨,南风 2级
拉萨,2018-07-24,22,12,小雨到中雨,东南风 1级
拉萨,2018-07-25,18,5,多云转小雨,东南风 1级
拉萨,2018-07-26,24,11,多云转小雨,南风 2级
拉萨,2018-07-27,25,12,雨,南风 2级
拉萨,2018-07-28,24,13,小雨,南风 2级
拉萨,2018-07-29,23,14,雨,南风 2级
拉萨,2018-07-30,22,13,小雨,南风 2级
拉萨,2018-07-31,22,13,雨,南风 2级
拉萨,2018-08-01,18,11,雨,南风 2级
拉萨,2018-08-02,18,11,雨,南风 2级
拉萨,2018-08-03,22,12,小雨,南风 2级
拉萨,2018-08-04,19,12,雨,东南风 2级
拉萨,2018-08-05,22,12,雨,南风 2级
拉萨,2018-08-06,21,12,雨,南风 2级
拉萨,2018-08-07,14,6,阴,南风 2级
拉萨,2018-08-08,23,12,阴,南风 2级
拉萨,2018-08-09,20,12,小雨,南风 2级
拉萨,2018-08-10,14,6,雨,东南风 1级
拉萨,2018-08-11,19,10,小雨,南风 2级
拉萨,2018-08-12,15,5,多云,东南风 1级
拉萨,2018-08-13,22,13,阴转小雨,东南风 1级
拉萨,2018-08-14,18,11,多云,南风 2级
拉萨,2018-08-15,12,6,雨,南风 2级
拉萨,2018-08-16,14,7,阴,南风 2级
拉萨,2018-08-17,22,13,雨,南风 2级
拉萨,2018-08-18,23,11,多云转小雨,南风 2级
拉萨,2018-08-19,24,13,多云转小雨,南风 2级
拉萨,2018-08-20,24,13,雨,南风 2级
拉萨,2018-08-21,21,12,雨,西南风 2级
拉萨,2018-08-22,22,12,小雨,南风 1级
拉萨,2018-08-23,22,12,小雨,南风 2级
拉萨,2018-08-24,21,12,雨,南风 2级
拉萨,2018-08-25,21,12,雨,南风 2级
拉萨,2018-08-26,22,12,小雨,南风 2级
拉萨,2018-08-27,22,11,阴,南风 2级
拉萨,2018-08-28,21,11,小雨,南风 2级
拉萨,2018-08-29,24,12,阴,南风 2级
拉萨,2018-08-30,17,5,多云,南风 2级
拉萨,2018-08-31,23,11,多云,南风 2级
拉萨,2018-09-01,22,12,多云,南风 2级
拉萨,2018-09-02,22,13,阴,南风 2级
拉萨,2018-09-03,23,13,阴,南风 2级
拉萨,2018-09-04,25,13,多云,南风 2级
拉萨,2018-09-05,25,11,多云,南风 2级
拉萨,2018-09-06,25,12,多云,南风 2级
拉萨,2018-09-07,23,11,阴,南风 2级
拉萨,2018-09-08,24,12,多云,南风 2级
拉萨,2018-09-09,24,12,多云,南风 2级
拉萨,2018-09-10,23,11,多云,南风 2级
拉萨,2018-09-11,23,9,多云,南风 2级
拉萨,2018-09-12,21,11,多云,南风 3级
拉萨,2018-09-13,21,9,小雨,南风 2级
拉萨,2018-09-14,20,10,多云,南风 2级
拉萨,2018-09-15,15,2,多云,南风 2级
拉萨,2018-09-16,16,2,阴,南风 2级
拉萨,2018-09-17,24,10,晴,南风 2级
拉萨,2018-09-18,18,11,晴,南风 2级
拉萨,2018-09-19,14,1,阴,南风 2级
拉萨,2018-09-20,23,7,多云,南风 2级
拉萨,2018-09-21,12,2,多云,南风 2级
拉萨,2018-09-22,12,3,晴,南风 2级
拉萨,2018-09-23,14,3,多云,南风 2级
拉萨,2018-09-24,24,11,多云,南风 2级
拉萨,2018-09-25,22,10,多云,南风 2级
拉萨,2018-09-26,24,12,阴,南风 2级
拉萨,2018-09-27,15,3,多云,南风 2级
拉萨,2018-09-28,21,10,多云,南风 2级
拉萨,2018-09-29,22,8,晴,南风 2级
拉萨,2018-09-30,20,7,多云,南风 2级
拉萨,2018-10-01,22,8,晴,南风 2级
拉萨,2018-10-02,15,-1,多云,南风 2级
拉萨,2018-10-03,20,9,阴,南风 2级
拉萨,2018-10-04,20,9,多云,南风 3级
拉萨,2018-10-05,19,6,多云,南风 3级
拉萨,2018-10-06,19,6,多云,南风 2级
拉萨,2018-10-07,18,5,晴,南风 3级
拉萨,2018-10-08,8,-2,多云,南风 2级
拉萨,2018-10-09,7,-7,多云,东北风 2级
拉萨,2018-10-10,7,-5,多云,南风 2级
拉萨,2018-10-11,19,6,多云,南风 2级
拉萨,2018-10-12,9,-4,多云,南风 3级
拉萨,2018-10-13,16,4,晴,南风 3级
拉萨,2018-10-14,17,4,晴,南风 3级
拉萨,2018-10-15,7,-7,晴,南风 3级
拉萨,2018-10-16,9,-5,多云,南风 2级
拉萨,2018-10-17,19,4,多云,南风 3级
拉萨,2018-10-18,8,-4,晴,西南风 3级
拉萨,2018-10-19,18,5,晴,南风 3级
拉萨,2018-10-20,18,4,多云,南风 2级
拉萨,2018-10-21,17,5,晴,南风 3级
拉萨,2018-10-22,17,4,晴,南风 3级
拉萨,2018-10-23,16,3,晴,南风 3级
拉萨,2018-10-24,14,2,晴,南风 3级
拉萨,2018-10-25,15,3,晴,南风 2级
拉萨,2018-10-26,14,1,晴,南风 3级
拉萨,2018-10-27,13,0,晴,南风 3级
拉萨,2018-10-28,14,0,晴,南风 2级
拉萨,2018-10-29,13,-1,晴,东北风 2级
拉萨,2018-10-30,12,-1,晴,东北风 2级
拉萨,2018-10-31,12,-2,晴,东北风 1级
拉萨,2018-11-01,3,-10,晴,东南风 2级
拉萨,2018-11-02,15,-1,晴,南风 2级
拉萨,2018-11-03,15,1,阴,南风 3级
拉萨,2018-11-04,15,2,晴,西南风 3级
拉萨,2018-11-05,15,1,晴,西南风 3级
拉萨,2018-11-06,3,-9,晴,西南风 3级
拉萨,2018-11-07,12,-2,晴,东北风 2级
拉萨,2018-11-08,10,-4,晴,东南风 2级
拉萨,2018-11-09,10,-5,晴,南风 2级
拉萨,2018-11-10,5,-9,多云,南风 2级
拉萨,2018-11-11,3,-8,阴,南风 2级
拉萨,2018-11-12,14,-2,晴,南风 3级
拉萨,2018-11-13,12,-1,晴,南风 3级
拉萨,2018-11-14,13,-1,晴,南风 3级
拉萨,2018-11-15,13,-1,晴,西南风 3级
拉萨,2018-11-16,12,-2,阴,西南风 3级
拉萨,2018-11-17,13,0,晴,西南风 4级
拉萨,2018-11-18,-2,-11,阴,西南风 3级
拉萨,2018-11-19,3,-10,多云,西南风 2级
拉萨,2018-11-20,3,-10,晴,西南风 2级
拉萨,2018-11-21,2,-17,晴,东北风 2级
拉萨,2018-11-22,12,-4,晴,东风 2级
拉萨,2018-11-23,3,-10,晴,西南风 2级
拉萨,2018-11-24,11,-5,晴,东北风 2级
拉萨,2018-11-25,10,-6,晴,东风 2级
拉萨,2018-11-26,11,-6,晴,南风 2级
拉萨,2018-11-27,12,-6,晴,南风 1级
拉萨,2018-11-28,3,-13,多云,东南风 2级
拉萨,2018-11-29,4,-13,多云,西南风 2级
拉萨,2018-11-30,12,-4,多云,西南风 3级
拉萨,2018-12-01,12,-3,晴,南风 2级
拉萨,2018-12-02,1,-15,多云,西南风 3级
拉萨,2018-12-03,-2,-13,晴,西风 2级
拉萨,2018-12-04,3,-15,多云,南风 2级
拉萨,2018-12-05,12,-4,多云,南风 2级
拉萨,2018-12-06,11,-4,晴,南风 3级
拉萨,2018-12-07,0,-11,晴,西南风 3级
拉萨,2018-12-08,-1,-13,多云,南风 2级
拉萨,2018-12-09,-1,-15,多云,南风 3级
拉萨,2018-12-10,-2,-19,多云,南风 3级
拉萨,2018-12-11,-3,-16,多云,南风 3级
拉萨,2018-12-12,-4,-16,多云,南风 3级
拉萨,2018-12-13,7,-7,晴,南风 3级
拉萨,2018-12-14,-3,-16,多云,南风 3级
拉萨,2018-12-15,-6,-18,晴,东南风 2级
拉萨,2018-12-16,8,-9,晴,东风 2级
拉萨,2018-12-17,1,-20,阴,东南风 2级
拉萨,2018-12-18,-1,-11,雪,东南风 2级
拉萨,2018-12-19,1,-15,晴,东北风 2级
拉萨,2018-12-20,-3,-17,晴,东南风 1级
拉萨,2018-12-21,-1,-16,晴,南风 1级
拉萨,2018-12-22,5,-12,晴,东北风 1级
拉萨,2018-12-23,6,-10,晴,东风 1级
拉萨,2018-12-24,6,-10,晴,东南风 1级
拉萨,2018-12-25,2,-12,晴,南风 2级
拉萨,2018-12-26,10,-10,晴,东南风 2级
拉萨,2018-12-27,11,-10,晴,南风 3级
拉萨,2018-12-28,-4,-13,多云,南风 3级
拉萨,2018-12-29,-7,-21,晴,南风 2级
拉萨,2018-12-30,3,-12,晴,东南风 2级
拉萨,2018-12-31,-1,-17,晴,南风 2级
拉萨,2019-01-01,-4,-20,晴,东南风 2级
拉萨,2019-01-02,6,-10,晴,东南风 2级
拉萨,2019-01-03,5,-10,多云,南风 3级
拉萨,2019-01-04,-6,-18,多云,西南风 3级
拉萨,2019-01-05,4,-10,晴,东南风 2级
拉萨,2019-01-06,-4,-17,晴,南风 3级
拉萨,2019-01-07,0,-17,多云,南风 3级
拉萨,2019-01-08,5,-8,晴,南风 3级
拉萨,2019-01-09,1,-9,多云,南风 3级
拉萨,2019-01-10,-8,-17,晴,东南风 2级
拉萨,2019-01-11,4,-8,晴,南风 2级
拉萨,2019-01-12,4,-8,晴,东南风 2级
拉萨,2019-01-13,8,-8,晴,南风 3级
拉萨,2019-01-14,1,-15,多云,南风 3级
拉萨,2019-01-15,2,-7,晴,北风 2级
拉萨,2019-01-16,5,-10,晴,东南风 2级
拉萨,2019-01-17,5,-8,晴,南风 3级
拉萨,2019-01-18,6,-6,晴,南风 3级
拉萨,2019-01-19,4,-8,多云,南风 2级
拉萨,2019-01-20,7,-7,晴,东风 2级
拉萨,2019-01-21,6,-9,晴,东南风 2级
拉萨,2019-01-22,6,-7,阴,东南风 2级
拉萨,2019-01-23,7,-6,晴,南风 3级
拉萨,2019-01-24,8,-6,晴,南风 3级
拉萨,2019-01-25,8,-6,多云,南风 3级
拉萨,2019-01-26,8,-7,阴,南风 3级
拉萨,2019-01-27,-6,-16,晴,南风 4级
拉萨,2019-01-28,7,-6,晴,南风 4级
拉萨,2019-01-29,4,-6,阴,南风 3级
拉萨,2019-01-30,-3,-20,多云,东南风 2级
拉萨,2019-01-31,8,-8,晴,南风 2级
拉萨,2019-02-01,10,-4,晴,南风 3级
拉萨,2019-02-02,7,-5,晴,西南风 3级
拉萨,2019-02-03,8,-4,晴,西南风 3级
拉萨,2019-02-04,8,-6,晴,西风 2级
拉萨,2019-02-05,1,-13,晴,西南风 2级
拉萨,2019-02-06,12,-6,晴,西南风 3级
拉萨,2019-02-07,2,-11,多云,南风 3级
拉萨,2019-02-08,12,-2,阴,南风 3级
拉萨,2019-02-09,6,-1,多云,南风 4级
拉萨,2019-02-10,-2,-19,晴,东南风 2级
拉萨,2019-02-11,8,-6,晴,南风 2级
拉萨,2019-02-12,9,-5,晴,西南风 3级
拉萨,2019-02-13,1,-16,晴,东南风 2级
拉萨,2019-02-14,0,-11,多云,南风 2级
拉萨,2019-02-15,10,-4,小雨,南风 3级
拉萨,2019-02-16,9,-2,雪,南风 3级
拉萨,2019-02-17,6,-2,晴,西南风 2级
拉萨,2019-02-18,1,-18,晴,西南风 2级
拉萨,2019-02-19,9,-3,阴,西南风 3级
拉萨,2019-02-20,-2,-12,晴,西风 3级
拉萨,2019-02-21,12,-4,多云,东北风 1级
拉萨,2019-02-22,13,-3,多云,西风 2级
拉萨,2019-02-23,0,-11,多云,西南风 3级
拉萨,2019-02-24,10,-3,多云,西南风 3级
拉萨,2019-02-25,8,-2,多云,西南风 4级
拉萨,2019-02-26,8,-7,多云,西南风 4级
拉萨,2019-02-27,8,-4,多云,南风 3级
拉萨,2019-02-28,0,-19,阴,南风 4级
拉萨,2019-03-01,6,-5,晴,西南风 2级
拉萨,2019-03-02,2,-18,晴,西北风 2级
拉萨,2019-03-03,12,-3,小雨,东南风 2级
拉萨,2019-03-04,13,-1,多云,南风 3级
拉萨,2019-03-05,10,0,阴,南风 3级
拉萨,2019-03-06,9,-2,阴,南风 3级
拉萨,2019-03-07,5,-16,晴,西南风 4级
拉萨,2019-03-08,11,-1,晴,西南风 3级
拉萨,2019-03-09,12,-1,多云,南风 3级
拉萨,2019-03-10,15,-3,晴,南风 2级
拉萨,2019-03-11,15,-3,晴,西风 3级
拉萨,2019-03-12,8,-10,晴,西风 4级
拉萨,2019-03-13,17,0,多云,西风 3级
拉萨,2019-03-14,17,1,阴,西南风 3级
拉萨,2019-03-15,8,-7,晴,西南风 4级
拉萨,2019-03-16,16,2,晴,西南风 3级
拉萨,2019-03-17,15,1,多云,东南风 2级
拉萨,2019-03-18,12,2,多云,南风 3级
拉萨,2019-03-19,12,-1,小雨,南风 2级
拉萨,2019-03-20,11,1,晴,南风 3级
拉萨,2019-03-21,6,-11,多云,西南风 3级
拉萨,2019-03-22,13,1,多云,西南风 3级
拉萨,2019-03-23,3,-10,晴,西风 3级
拉萨,2019-03-24,12,0,阴,西风 3级
拉萨,2019-03-25,15,2,小雨,西南风 3级
拉萨,2019-03-26,13,2,多云,南风 3级
拉萨,2019-03-27,10,2,晴,北风 3级
拉萨,2019-03-28,6,-13,晴,东风 1级
拉萨,2019-03-29,16,-1,晴,西南风 2级
拉萨,2019-03-30,12,-7,小雨,东南风 2级
拉萨,2019-03-31,14,5,多云,南风 2级
拉萨,2019-04-01,4,-7,多云,南风 2级
拉萨,2019-04-02,12,2,雪,南风 2级
拉萨,2019-04-03,6,-10,多云,西风 2级
拉萨,2019-04-04,14,2,多云,北风 2级
拉萨,2019-04-05,14,2,晴,东北风 2级
拉萨,2019-04-06,15,1,阴,东南风 2级
拉萨,2019-04-07,14,3,多云,南风 3级
拉萨,2019-04-08,15,4,阴,东北风 2级
拉萨,2019-04-09,14,3,多云,东南风 2级
拉萨,2019-04-10,15,3,晴,东北风 2级
拉萨,2019-04-11,17,2,小雨,南风 2级
拉萨,2019-04-12,9,-6,晴,南风 2级
拉萨,2019-04-13,11,-4,多云,南风 2级
拉萨,2019-04-14,8,-4,小雨,南风 2级
拉萨,2019-04-15,18,6,多云,南风 2级
拉萨,2019-04-16,11,-4,小雨,南风 2级
拉萨,2019-04-17,19,6,小雨,南风 2级
拉萨,2019-04-18,17,7,晴,南风 3级
拉萨,2019-04-19,17,6,小雨转多云,南风 3级
拉萨,2019-04-20,14,3,多云,南风 2级
拉萨,2019-04-21,16,4,多云转雨,东南风 2级
拉萨,2019-04-22,17,3,多云转雨,南风 2级
拉萨,2019-04-23,16,3,多云,东南风 1级
拉萨,2019-04-24,18,5,晴,东风 1级
拉萨,2019-04-25,20,6,晴转多云,东南风 2级
拉萨,2019-04-26,21,7,多云,南风 2级
拉萨,2019-04-27,20,7,多云,南风 2级
拉萨,2019-04-28,16,-1,多云,东南风 2级
拉萨,2019-04-29,14,-2,阴,东风 2级
拉萨,2019-04-30,21,8,多云,东南风 2级
拉萨,2019-05-01,20,9,多云,南风 2级
拉萨,2019-05-02,21,7,晴,南风 3级
拉萨,2019-05-03,21,8,小雨转雨,南风 3级
拉萨,2019-05-04,18,9,多云,南风 3级
拉萨,2019-05-05,17,1,多云转晴,南风 3级
拉萨,2019-05-06,23,9,晴,西南风 3级
拉萨,2019-05-07,21,9,晴,西南风 3级
拉萨,2019-05-08,23,7,多云转晴,西南风 3级
拉萨,2019-05-09,16,-2,晴转多云,西风 2级
拉萨,2019-05-10,17,-4,多云,西风 3级
拉萨,2019-05-11,21,8,阴转多云,西南风 4级
拉萨,2019-05-12,14,-1,多云,南风 3级
拉萨,2019-05-13,21,10,多云,南风 3级
拉萨,2019-05-14,20,8,多云,南风 2级
拉萨,2019-05-15,20,8,晴转多云,南风 3级
拉萨,2019-05-16,21,9,多云,南风 3级
拉萨,2019-05-17,20,9,多云,南风 2级
拉萨,2019-05-18,10,-1,多云,南风 3级
拉萨,2019-05-19,21,9,多云,南风 3级
拉萨,2019-05-20,21,8,多云转雨,南风 3级
拉萨,2019-05-21,12,-3,阴转多云,东南风 2级
拉萨,2019-05-22,12,-1,多云转雪,南风 2级
拉萨,2019-05-23,20,8,多云,东南风 2级
拉萨,2019-05-24,21,9,阴转雨,东南风 2级
拉萨,2019-05-25,23,8,阴转多云,南风 2级
拉萨,2019-05-26,22,8,阴转多云,南风 3级
拉萨,2019-05-27,23,8,多云,南风 2级
拉萨,2019-05-28,20,9,多云,南风 3级
拉萨,2019-05-29,21,9,多云转雨,南风 3级
拉萨,2019-05-30,8,0,阴转雪,南风 2级
拉萨,2019-05-31,9,0,晴转多云,北风 2级
拉萨,2019-06-01,10,-7,多云,东北风 2级
拉萨,2019-06-02,21,6,多云,东南风 2级
拉萨,2019-06-03,21,8,阴转雨,南风 3级
拉萨,2019-06-04,24,9,多云,东南风 2级
拉萨,2019-06-05,23,8,晴转多云,东南风 2级
拉萨,2019-06-06,25,10,多云,南风 3级
拉萨,2019-06-07,26,10,晴,南风 3级
拉萨,2019-06-08,26,12,多云,南风 3级
拉萨,2019-06-09,25,11,多云,南风 3级
拉萨,2019-06-10,25,10,多云,南风 3级
拉萨,2019-06-11,24,9,多云,南风 2级
拉萨,2019-06-12,25,10,阴转多云,南风 2级
拉萨,2019-06-13,27,13,多云,南风 3级
拉萨,2019-06-14,22,4,多云,南风 2级
拉萨,2019-06-15,27,14,晴,南风 2级
拉萨,2019-06-16,27,15,晴,南风 2级
拉萨,2019-06-17,27,15,多云,南风 3级
拉萨,2019-06-18,25,15,多云,南风 2级
拉萨,2019-06-19,26,13,多云,南风 3级
拉萨,2019-06-20,14,5,晴,南风 3级
拉萨,2019-06-21,27,12,多云,南风 2级
拉萨,2019-06-22,27,15,多云,南风 2级
拉萨,2019-06-23,26,14,多云,南风 2级
拉萨,2019-06-24,24,6,阴转多云,南风 2级
拉萨,2019-06-25,27,15,阴转多云,南风 2级
拉萨,2019-06-26,29,17,阴转多云,南风 2级
拉萨,2019-06-27,21,8,多云,南风 2级
拉萨,2019-06-28,29,16,晴转多云,南风 2级
拉萨,2019-06-29,27,15,多云转晴,南风 2级
拉萨,2019-06-30,28,15,多云,南风 2级
拉萨,2019-07-01,29,15,多云,南风 2级
拉萨,2019-07-02,15,8,阴转雨,南风 2级
拉萨,2019-07-03,23,14,多云,西南风 1级
拉萨,2019-07-04,21,12,多云转雨,西南风 2级
拉萨,2019-07-05,18,7,多云,东风 1级
拉萨,2019-07-06,23,12,多云转阴,南风 2级
拉萨,2019-07-07,23,13,多云转阴,东风 2级
拉萨,2019-07-08,21,12,阴转雨,南风 2级
拉萨,2019-07-09,15,7,阴转雨,东北风 2级
拉萨,2019-07-10,21,12,阴转雨,东南风 2级
拉萨,2019-07-11,21,11,阴转雨,东南风 1级
拉萨,2019-07-12,21,11,阴转雨,北风 2级
拉萨,2019-07-13,20,11,阴转雨,东南风 2级
拉萨,2019-07-14,23,10,阴转雨,南风 2级
拉萨,2019-07-15,14,5,阴转雨,北风 1级
拉萨,2019-07-16,21,13,阴转多云,南风 2级
拉萨,2019-07-17,23,11,多云转雨,南风 2级
拉萨,2019-07-18,23,11,中雨转雨,西北风 2级
拉萨,2019-07-19,20,8,多云,南风 1级
拉萨,2019-07-20,24,13,多云转雨,南风 2级
拉萨,2019-07-21,25,14,多云,东北风 2级
拉萨,2019-07-22,16,5,多云转雨,南风 2级
拉萨,2019-07-23,21,13,多云转雨,西北风 1级
拉萨,2019-07-24,25,12,晴,北风 2级
拉萨,2019-07-25,17,4,多云,东北风 2级
拉萨,2019-07-26,17,4,阴转雨,南风 2级
拉萨,2019-07-27,25,13,阴转雨,南风 2级
拉萨,2019-07-28,12,6,阴,南风 2级
拉萨,2019-07-29,22,11,多云转雨,南风 1级
拉萨,2019-07-30,23,13,多云转雨,南风 1级
拉萨,2019-07-31,23,12,多云,东南风 1级
拉萨,2019-08-01,23,12,阴转雨,南风 2级
拉萨,2019-08-02,21,12,阴转雨,南风 2级
拉萨,2019-08-03,21,12,多云转雨,东风 1级
拉萨,2019-08-04,20,12,阴转雨,南风 2级
拉萨,2019-08-05,20,11,阴转雨,东南风 1级
拉萨,2019-08-06,17,10,多云转雨,东风 1级
拉萨,2019-08-07,13,4,阴转雨,南风 2级
拉萨,2019-08-08,22,10,多云转雨,北风 2级
拉萨,2019-08-09,21,11,多云转雨,东北风 2级
拉萨,2019-08-10,21,12,多云转雨,西风 1级
拉萨,2019-08-11,20,12,多云,东南风 2级
拉萨,2019-08-12,20,12,多云转晴,东南风 1级
拉萨,2019-08-13,21,10,多云,东风 1级
拉萨,2019-08-14,17,5,阴转多云,南风 1级
拉萨,2019-08-15,21,12,阴转多云,南风 1级
拉萨,2019-08-16,26,12,阴转多云,南风 2级
拉萨,2019-08-17,24,14,晴转多云,南风 2级
拉萨,2019-08-18,24,14,多云,南风 2级
拉萨,2019-08-19,27,12,阴转多云,南风 2级
拉萨,2019-08-20,22,12,多云,南风 2级
拉萨,2019-08-21,25,12,阴转多云,南风 2级
拉萨,2019-08-22,25,12,晴转多云,南风 2级
拉萨,2019-08-23,24,11,多云转雨,南风 2级
拉萨,2019-08-24,22,12,多云,南风 2级
拉萨,2019-08-25,16,6,晴,南风 2级
拉萨,2019-08-26,18,5,晴,东南风 2级
拉萨,2019-08-27,18,5,多云,南风 1级
拉萨,2019-08-28,24,11,阴,南风 1级
拉萨,2019-08-29,23,11,中雨转雨,南风 2级
拉萨,2019-08-30,22,11,多云转雨,南风 2级
拉萨,2019-08-31,18,5,多云,南风 1级
拉萨,2019-09-01,16,5,阴,南风 2级
拉萨,2019-09-02,23,12,多云转雨,南风 2级
拉萨,2019-09-03,20,10,多云转雨,东南风 2级
拉萨,2019-09-04,20,10,多云,南风 1级
拉萨,2019-09-05,19,6,多云,南风 1级
拉萨,2019-09-06,23,12,多云转雨,南风 2级
拉萨,2019-09-07,20,12,多云,东风 1级
拉萨,2019-09-08,22,11,多云,南风 2级
拉萨,2019-09-09,24,12,多云转雨,南风 2级
拉萨,2019-09-10,22,12,多云转雨,南风 1级
拉萨,2019-09-11,23,12,阴,南风 2级
拉萨,2019-09-12,18,6,多云转雨,南风 2级
拉萨,2019-09-13,21,12,多云转雨,南风 2级
拉萨,2019-09-14,23,13,多云转雨,南风 2级
拉萨,2019-09-15,22,12,多云转雨,南风 2级
拉萨,2019-09-16,23,13,多云转雨,南风 2级
拉萨,2019-09-17,23,11,多云转雨,南风 2级
拉萨,2019-09-18,23,12,多云,南风 2级
拉萨,2019-09-19,19,8,多云转雨,东南风 2级
拉萨,2019-09-20,11,1,多云转雨,北风 1级
拉萨,2019-09-21,17,7,多云转雨,南风 1级
拉萨,2019-09-22,19,7,多云转雨,西南风 2级
拉萨,2019-09-23,14,6,多云转雨,东北风 2级
拉萨,2019-09-24,12,-1,晴,北风 2级
拉萨,2019-09-25,17,6,多云转晴,北风 1级
拉萨,2019-09-26,18,6,晴,东北风 1级
拉萨,2019-09-27,17,6,多云,西南风 1级
拉萨,2019-09-28,18,7,多云,南风 2级
拉萨,2019-09-29,18,6,多云转雨,南风 2级
拉萨,2019-09-30,19,8,晴转多云,南风 1级
拉萨,2019-10-01,19,8,晴转多云,南风 2级
拉萨,2019-10-02,20,8,晴转多云,南风 2级
拉萨,2019-10-03,12,2,多云,南风 2级
拉萨,2019-10-04,14,1,晴,南风 2级
拉萨,2019-10-05,14,0,晴转多云,南风 2级
拉萨,2019-10-06,13,0,阴转多云,南风 2级
拉萨,2019-10-07,20,9,多云,东南风 2级
拉萨,2019-10-08,9,1,多云转雨,南风 2级
拉萨,2019-10-09,19,8,晴转多云,南风 2级
拉萨,2019-10-10,17,6,晴,南风 2级
拉萨,2019-10-11,18,6,阴转多云,南风 2级
拉萨,2019-10-12,17,5,晴,南风 2级
拉萨,2019-10-13,17,5,晴,南风 2级
拉萨,2019-10-14,18,5,多云,南风 2级
拉萨,2019-10-15,18,5,多云,南风 2级
拉萨,2019-10-16,13,4,多云,东北风 2级
拉萨,2019-10-17,13,3,多云,北风 2级
拉萨,2019-10-18,18,3,多云,西南风 1级
拉萨,2019-10-19,18,4,阴,南风 2级
拉萨,2019-10-20,16,3,阴,南风 2级
拉萨,2019-10-21,16,3,多云,北风 1级
拉萨,2019-10-22,11,4,多云,西风 2级
拉萨,2019-10-23,16,4,阴,西南风 2级
拉萨,2019-10-24,15,4,多云,南风 2级
拉萨,2019-10-25,17,3,阴转雨,南风 2级
拉萨,2019-10-26,16,3,多云转晴,南风 1级
拉萨,2019-10-27,6,-7,多云转晴,西南风 2级
拉萨,2019-10-28,16,2,多云,东北风 1级
拉萨,2019-10-29,16,1,多云,东北风 1级
拉萨,2019-10-30,17,2,阴,东南风 1级
拉萨,2019-10-31,15,2,多云转雨,南风 2级
拉萨,2019-11-01,15,1,雪转多云,北风 1级
拉萨,2019-11-02,15,1,多云转晴,东北风 1级
拉萨,2019-11-03,16,3,阴转多云,南风 1级
拉萨,2019-11-04,16,3,多云,南风 2级
拉萨,2019-11-05,2,-5,晴,西南风 2级
拉萨,2019-11-06,14,1,多云转晴,东北风 1级
拉萨,2019-11-07,17,1,多云转晴,东南风 1级
拉萨,2019-11-08,6,-5,阴,南风 1级
拉萨,2019-11-09,6,-5,阴,东南风 1级
拉萨,2019-11-10,16,2,晴,南风 2级
拉萨,2019-11-11,16,1,晴,西南风 2级
拉萨,2019-11-12,18,0,晴,西风 2级
拉萨,2019-11-13,8,-6,晴,西北风 1级
拉萨,2019-11-14,17,-1,晴转多云,西北风 1级
拉萨,2019-11-15,18,1,晴,西风 2级
拉萨,2019-11-16,16,0,多云,西风 2级
拉萨,2019-11-17,15,0,晴,西风 2级
拉萨,2019-11-18,14,0,晴,西风 2级
拉萨,2019-11-19,13,-1,晴,西南风 2级
拉萨,2019-11-20,13,-2,晴,西南风 2级
拉萨,2019-11-21,14,-2,晴转多云,西风 2级
拉萨,2019-11-22,5,-10,晴转多云,西风 1级
拉萨,2019-11-23,15,-1,晴转多云,西风 1级
拉萨,2019-11-24,15,0,晴转多云,西风 2级
拉萨,2019-11-25,5,-6,多云,西南风 2级
拉萨,2019-11-26,1,-7,晴,西风 2级
拉萨,2019-11-27,2,-10,晴,西南风 2级
拉萨,2019-11-28,11,-3,晴转多云,南风 2级
拉萨,2019-11-29,11,-2,晴,南风 2级
拉萨,2019-11-30,8,-2,晴,西南风 3级
拉萨,2019-12-01,11,-4,多云转晴,西风 2级
拉萨,2019-12-02,-1,-12,晴,南风 2级
拉萨,2019-12-03,6,-5,阴转多云,西北风 2级
拉萨,2019-12-04,6,-5,晴,西北风 3级
拉萨,2019-12-05,-1,-14,晴,东北风 1级
拉萨,2019-12-06,9,-6,晴转多云,东北风 1级
拉萨,2019-12-07,11,-1,晴,东北风 1级
拉萨,2019-12-08,9,-7,晴转多云,东北风 1级
拉萨,2019-12-09,10,-5,晴转多云,西北风 2级
拉萨,2019-12-10,2,-18,阴,北风 1级
拉萨,2019-12-11,9,-3,多云,西风 2级
拉萨,2019-12-12,3,-13,晴转多云,西南风 1级
拉萨,2019-12-13,9,-1,晴转多云,南风 2级
拉萨,2019-12-14,9,-2,晴转多云,南风 2级
拉萨,2019-12-15,5,-14,多云,南风 3级
拉萨,2019-12-16,-5,-17,晴,南风 2级
拉萨,2019-12-17,0,-16,晴转多云,南风 2级
拉萨,2019-12-18,-1,-18,晴转多云,西北风 2级
拉萨,2019-12-19,11,-6,多云,西风 2级
拉萨,2019-12-20,9,-7,晴转多云,西风 3级
拉萨,2019-12-21,8,-12,晴,西风 3级
拉萨,2019-12-22,6,-13,晴,西风 3级
拉萨,2019-12-23,-1,-15,晴,西风 1级
拉萨,2019-12-24,-1,-14,晴,西南风 2级
拉萨,2019-12-25,-3,-14,晴,西南风 2级
拉萨,2019-12-26,8,-5,晴转多云,南风 2级
拉萨,2019-12-27,4,-6,多云,东北风 2级
拉萨,2019-12-28,-5,-21,晴,东北风 1级
拉萨,2019-12-29,5,-9,晴,东南风 1级
拉萨,2019-12-30,8,-7,晴,南风 1级
拉萨,2019-12-31,0,-18,多云,南风 2级
拉萨,2020-01-01,-3,-15,多云,南风 2级
拉萨,2020-01-02,6,-7,多云,南风 2级
拉萨,2020-01-03,4,-5,阴,南风 2级
拉萨,2020-01-04,5,-6,多云,南风 2级
拉萨,2020-01-05,2,-8,阴转多云,南风 2级
拉萨,2020-01-06,5,-7,晴转多云,西风 2级
拉萨,2020-01-07,-1,-14,晴转多云,西南风 1级
拉萨,2020-01-08,6,-5,多云,南风 2级
拉萨,2020-01-09,7,-7,多云,南风 2级
拉萨,2020-01-10,4,-8,晴,东北风 2级
拉萨,2020-01-11,-3,-20,晴,西北风 2级
拉萨,2020-01-12,-2,-19,晴,东北风 1级
拉萨,2020-01-13,10,-5,多云转晴,东风 1级
拉萨,2020-01-14,1,-11,晴,西南风 2级
拉萨,2020-01-15,0,-13,晴,南风 1级
拉萨,2020-01-16,13,-4,晴,南风 2级
拉萨,2020-01-17,11,-2,晴,南风 2级
拉萨,2020-01-18,6,-4,晴,南风 2级
拉萨,2020-01-19,8,-4,多云,南风 3级
拉萨,2020-01-20,-2,-19,晴转多云,西南风 2级
拉萨,2020-01-21,1,-17,多云,西南风 2级
拉萨,2020-01-22,0,-16,晴,西风 3级
拉萨,2020-01-23,-2,-16,阴,西北风 2级
拉萨,2020-01-24,-11,-19,阴转多云,北风 2级
拉萨,2020-01-25,3,-8,阴转多云,东北风 1级
拉萨,2020-01-26,-5,-16,多云,东风 1级
拉萨,2020-01-27,7,-7,多云转晴,北风 1级
拉萨,2020-01-28,9,-6,晴,北风 1级
拉萨,2020-01-29,9,-5,晴,东北风 2级
拉萨,2020-01-30,1,-14,多云,南风 2级
拉萨,2020-01-31,7,-5,晴,西南风 2级
拉萨,2020-02-01,8,-6,晴转多云,西南风 2级
拉萨,2020-02-02,6,-6,晴转多云,西南风 2级
拉萨,2020-02-03,4,-7,晴,东北风 1级
拉萨,2020-02-04,-4,-19,晴,南风 2级
拉萨,2020-02-05,6,-5,晴转多云,西南风 2级
拉萨,2020-02-06,-1,-19,晴,南风 2级
拉萨,2020-02-07,6,-7,多云,南风 2级
拉萨,2020-02-08,0,-17,晴转多云,南风 2级
拉萨,2020-02-09,6,-6,阴转多云,南风 2级
拉萨,2020-02-10,6,-8,晴转多云,东北风 1级
拉萨,2020-02-11,10,-3,阴,西北风 2级
拉萨,2020-02-12,10,-4,晴转多云,西北风 2级
拉萨,2020-02-13,14,-2,晴转多云,西北风 3级
拉萨,2020-02-14,15,-3,晴,西风 3级
拉萨,2020-02-15,4,-10,晴,西北风 2级
拉萨,2020-02-16,14,-2,晴,西风 2级
拉萨,2020-02-17,8,-11,多云,西南风 2级
拉萨,2020-02-18,-1,-13,多云,北风 2级
拉萨,2020-02-19,11,-4,阴,西南风 3级
拉萨,2020-02-20,11,-3,多云转阴,西风 2级
拉萨,2020-02-21,7,-13,多云,东北风 1级
拉萨,2020-02-22,2,-12,多云,南风 2级
拉萨,2020-02-23,10,-2,多云,南风 2级
拉萨,2020-02-24,3,-13,阴转多云,南风 2级
拉萨,2020-02-25,9,-4,多云,南风 2级
拉萨,2020-02-26,7,-2,多云转雪,南风 2级
拉萨,2020-02-27,-1,-13,多云,北风 2级
拉萨,2020-02-28,9,-6,晴,北风 2级
拉萨,2020-02-29,1,-15,阴转多云,东北风 1级
拉萨,2020-03-01,11,-4,晴转多云,东北风 1级
拉萨,2020-03-02,10,-5,阴,西南风 2级
拉萨,2020-03-03,2,-14,阴转雪,东北风 1级
拉萨,2020-03-04,8,-3,阴,南风 2级
拉萨,2020-03-05,4,-13,多云转雪,东南风 2级
拉萨,2020-03-06,12,-3,多云,南风 2级
拉萨,2020-03-07,10,-4,多云,南风 2级
拉萨,2020-03-08,11,-2,多云转晴,西南风 2级
拉萨,2020-03-09,6,-13,多云,西北风 2级
拉萨,2020-03-10,3,-14,晴,西南风 2级
拉萨,2020-03-11,9,-10,多云,西南风 3级
拉萨,2020-03-12,4,-8,晴,西风 2级
拉萨,2020-03-13,16,0,晴,南风 2级
拉萨,2020-03-14,14,1,雪转雨,南风 2级
拉萨,2020-03-15,12,1,阴,西南风 4级
拉萨,2020-03-16,10,-1,多云,南风 2级
拉萨,2020-03-17,12,-1,多云,南风 2级
拉萨,2020-03-18,7,-11,阴,东风 2级
拉萨,2020-03-19,12,2,阴转多云,东南风 2级
拉萨,2020-03-20,1,-11,多云转雪,南风 2级
拉萨,2020-03-21,10,0,多云,东风 1级
拉萨,2020-03-22,3,-12,阴转多云,东北风 1级
拉萨,2020-03-23,2,-11,阴,东南风 1级
拉萨,2020-03-24,4,-10,晴,北风 2级
拉萨,2020-03-25,16,-1,多云,东南风 1级
拉萨,2020-03-26,16,2,阴转多云,西北风 1级
拉萨,2020-03-27,20,2,晴转多云,北风 2级
拉萨,2020-03-28,19,4,多云转晴,西南风 3级
拉萨,2020-03-29,15,-7,晴,西风 3级
拉萨,2020-03-30,17,3,晴转多云,西风 3级
拉萨,2020-03-31,14,3,多云,西风 2级
拉萨,2020-04-01,8,-9,小雨转雪,东南风 2级
拉萨,2020-04-02,9,-8,多云,西南风 3级
拉萨,2020-04-03,13,2,阴转多云,西南风 3级
拉萨,2020-04-04,11,2,小雨转阴,西南风 1级
拉萨,2020-04-05,5,-10,多云,东风 2级
拉萨,2020-04-06,4,-13,小雨转雪,东北风 2级
拉萨,2020-04-07,4,-9,多云,北风 2级
拉萨,2020-04-08,12,2,阴转雨,东南风 2级
拉萨,2020-04-09,7,-7,阴,西南风 3级
拉萨,2020-04-10,14,2,阴,南风 2级
拉萨,2020-04-11,6,-7,多云转雪,东南风 2级
拉萨,2020-04-12,16,2,晴转多云,北风 2级
拉萨,2020-04-13,15,2,多云转晴,东北风 2级
拉萨,2020-04-14,10,-6,晴,东风 2级
拉萨,2020-04-15,11,-3,晴,东南风 2级
拉萨,2020-04-16,18,5,小雨转雨,南风 2级
拉萨,2020-04-17,14,3,多云,南风 1级
拉萨,2020-04-18,10,0,小雨转雨,东南风 2级
拉萨,2020-04-19,11,-1,多云,西南风 2级
拉萨,2020-04-20,7,-7,阴转雪,南风 2级
拉萨,2020-04-21,6,-5,多云转雪,东南风 2级
拉萨,2020-04-22,5,-5,阴转雪,南风 2级
拉萨,2020-04-23,15,3,中雨转雨,东风 2级
拉萨,2020-04-24,4,-6,阴,东北风 2级
拉萨,2020-04-25,3,-7,晴转多云,北风 2级
拉萨,2020-04-26,17,3,多云,北风 2级
拉萨,2020-04-27,18,3,多云,北风 1级
拉萨,2020-04-28,17,4,多云转雨,东风 1级
拉萨,2020-04-29,15,3,多云,东北风 2级
拉萨,2020-04-30,18,3,晴,北风 2级
拉萨,2020-05-01,18,5,多云,北风 2级
拉萨,2020-05-02,18,4,阴,东北风 1级
拉萨,2020-05-03,18,5,多云,南风 1级
拉萨,2020-05-04,7,-1,阴转雪,南风 2级
拉萨,2020-05-05,16,0,阴转多云,南风 2级
拉萨,2020-05-06,17,7,多云,南风 3级
拉萨,2020-05-07,18,6,多云,南风 2级
拉萨,2020-05-08,16,4,阴转多云,南风 2级
拉萨,2020-05-09,18,4,多云转晴,西北风 2级
拉萨,2020-05-10,19,3,阴转多云,西南风 1级
拉萨,2020-05-11,19,5,晴转多云,南风 2级
拉萨,2020-05-12,19,5,阴转雨,南风 2级
拉萨,2020-05-13,16,8,阴转雨,南风 2级
拉萨,2020-05-14,12,0,阴,东南风 2级
拉萨,2020-05-15,19,7,小雨转雨,西南风 2级
拉萨,2020-05-16,17,7,小雨转阴,南风 2级
拉萨,2020-05-17,12,-1,阴转多云,西风 1级
拉萨,2020-05-18,15,1,多云,南风 1级
拉萨,2020-05-19,17,1,阴,南风 2级
拉萨,2020-05-20,13,1,阴转雨,南风 2级
拉萨,2020-05-21,8,1,多云转雨,北风 2级
拉萨,2020-05-22,13,2,多云,北风 1级
拉萨,2020-05-23,19,9,多云,西风 1级
拉萨,2020-05-24,19,7,多云转雨,南风 2级
拉萨,2020-05-25,12,1,多云,东北风 2级
拉萨,2020-05-26,9,-2,多云转阴,东北风 2级
拉萨,2020-05-27,15,5,多云,西北风 2级
拉萨,2020-05-28,6,-6,多云,西北风 2级
拉萨,2020-05-29,19,5,多云,南风 2级
拉萨,2020-05-30,12,-1,阴转雨,东风 2级
拉萨,2020-05-31,15,6,阴转雨,东南风 1级
拉萨,2020-06-01,19,6,多云,南风 2级
拉萨,2020-06-02,13,3,多云,南风 2级
拉萨,2020-06-03,12,3,多云,东南风 2级
拉萨,2020-06-04,21,9,阴,东北风 1级
拉萨,2020-06-05,21,11,多云,南风 1级
拉萨,2020-06-06,20,12,多云,南风 2级
拉萨,2020-06-07,18,4,阴,南风 2级
拉萨,2020-06-08,13,3,多云,北风 1级
拉萨,2020-06-09,22,11,晴,南风 2级
拉萨,2020-06-10,22,14,阴,南风 2级
拉萨,2020-06-11,26,14,晴,南风 2级
拉萨,2020-06-12,24,13,多云,南风 2级
拉萨,2020-06-13,26,14,多云,南风 2级
拉萨,2020-06-14,26,14,阴,南风 2级
拉萨,2020-06-15,18,7,阴,南风 2级
拉萨,2020-06-16,26,14,多云,南风 2级
拉萨,2020-06-17,23,6,阴,南风 2级
拉萨,2020-06-18,26,13,阴,南风 2级
拉萨,2020-06-19,18,7,多云,南风 2级
拉萨,2020-06-20,21,7,多云,南风 2级
拉萨,2020-06-21,18,7,多云,南风 2级
拉萨,2020-06-22,20,6,多云,南风 2级
拉萨,2020-06-23,24,11,多云,东北风 2级
拉萨,2020-06-24,23,11,晴,南风 2级
拉萨,2020-06-25,23,13,多云,南风 2级
拉萨,2020-06-26,25,13,多云,南风 2级
拉萨,2020-06-27,24,12,小雨,南风 2级
拉萨,2020-06-28,23,12,多云,东风 2级
拉萨,2020-06-29,18,7,多云,南风 2级
拉萨,2020-06-30,24,14,小雨,南风 2级
拉萨,2020-07-01,22,14,多云,东南风 1级
拉萨,2020-07-02,24,13,多云,南风 1级
拉萨,2020-07-03,23,15,多云转雨,南风 2级
拉萨,2020-07-04,17,7,小雨,南风 2级
拉萨,2020-07-05,24,15,多云,南风 2级
拉萨,2020-07-06,25,14,多云,南风 2级
拉萨,2020-07-07,27,14,多云,南风 2级
拉萨,2020-07-08,27,16,多云,东南风 2级
拉萨,2020-07-09,19,13,小雨,西南风 2级
拉萨,2020-07-10,23,14,阴,南风 2级
拉萨,2020-07-11,15,7,阴,南风 2级
拉萨,2020-07-12,24,14,阴,东北风 2级
拉萨,2020-07-13,24,14,多云,南风 2级
拉萨,2020-07-14,25,13,多云,南风 2级
拉萨,2020-07-15,16,9,小雨,南风 2级
拉萨,2020-07-16,15,8,多云,东北风 2级
拉萨,2020-07-17,17,7,多云,南风 1级
拉萨,2020-07-18,16,8,多云,西南风 1级
拉萨,2020-07-19,22,12,小雨,南风 1级
拉萨,2020-07-20,14,7,多云,南风 2级
拉萨,2020-07-21,25,13,小雨,南风 2级
拉萨,2020-07-22,25,13,多云,南风 2级
拉萨,2020-07-23,24,13,多云,南风 2级
拉萨,2020-07-24,25,13,多云,南风 2级
拉萨,2020-07-25,16,5,多云,南风 2级
拉萨,2020-07-26,17,7,多云,南风 1级
拉萨,2020-07-27,26,14,阴,南风 1级
拉萨,2020-07-28,24,13,阴,南风 2级
拉萨,2020-07-29,13,7,小雨,南风 2级
拉萨,2020-07-30,22,13,多云,东南风 2级
拉萨,2020-07-31,20,12,多云,北风 2级
拉萨,2020-08-01,16,6,多云,南风 1级
拉萨,2020-08-02,23,12,多云,南风 2级
拉萨,2020-08-03,18,8,多云,南风 2级
拉萨,2020-08-04,20,8,晴,南风 2级
拉萨,2020-08-05,26,13,多云,东南风 2级
拉萨,2020-08-06,20,7,多云,东南风 2级
拉萨,2020-08-07,26,14,阴,南风 1级
拉萨,2020-08-08,25,14,阴,东北风 1级
拉萨,2020-08-09,18,7,阴,南风 2级
拉萨,2020-08-10,20,13,多云,东南风 1级
拉萨,2020-08-11,22,12,多云,西南风 2级
拉萨,2020-08-12,22,12,阴,南风 2级
拉萨,2020-08-13,23,13,多云,南风 2级
拉萨,2020-08-14,21,12,小雨,南风 2级
拉萨,2020-08-15,20,12,多云,东南风 1级
拉萨,2020-08-16,22,12,多云,西南风 2级
拉萨,2020-08-17,23,11,晴,北风 2级
拉萨,2020-08-18,22,10,晴,东北风 2级
拉萨,2020-08-19,15,4,晴,东北风 1级
拉萨,2020-08-20,21,10,晴,南风 2级
拉萨,2020-08-21,22,11,多云,南风 2级
拉萨,2020-08-22,21,11,多云,南风 2级
拉萨,2020-08-23,15,5,多云,南风 2级
拉萨,2020-08-24,15,2,多云,北风 1级
拉萨,2020-08-25,24,11,多云,东北风 2级
拉萨,2020-08-26,16,3,阴,东风 1级
拉萨,2020-08-27,17,4,晴,南风 2级
拉萨,2020-08-28,24,12,多云,南风 2级
拉萨,2020-08-29,24,12,阴,南风 2级
拉萨,2020-08-30,24,12,多云,东北风 2级
拉萨,2020-08-31,17,5,阴,南风 1级
拉萨,2020-09-01,16,5,阴,东风 1级
拉萨,2020-09-02,18,6,阴,东风 1级
拉萨,2020-09-03,18,6,多云,南风 2级
拉萨,2020-09-04,19,6,阴,南风 2级
拉萨,2020-09-05,24,11,多云,南风 1级
拉萨,2020-09-06,19,5,阴,西南风 2级
拉萨,2020-09-07,19,6,阴,南风 2级
拉萨,2020-09-08,19,7,阴,南风 2级
拉萨,2020-09-09,18,7,阴,南风 2级
拉萨,2020-09-10,17,4,阴,南风 2级
拉萨,2020-09-11,17,6,阴,南风 2级
拉萨,2020-09-12,17,4,小雨,南风 2级
拉萨,2020-09-13,18,3,小雨,南风 2级
拉萨,2020-09-14,16,3,阴,南风 2级
拉萨,2020-09-15,16,5,阴,南风 2级
拉萨,2020-09-16,17,7,阴,南风 2级
拉萨,2020-09-17,16,4,阴,南风 1级
拉萨,2020-09-18,17,5,多云,南风 2级
拉萨,2020-09-19,16,5,多云,南风 2级
拉萨,2020-09-20,16,5,多云,南风 2级
拉萨,2020-09-21,16,4,多云,南风 2级
拉萨,2020-09-22,14,5,阴,东北风 1级
拉萨,2020-09-23,14,7,阴,南风 2级
拉萨,2020-09-24,16,5,阴,南风 2级
拉萨,2020-09-25,16,5,阴,南风 2级
拉萨,2020-09-26,21,9,多云,南风 2级
拉萨,2020-09-27,15,4,多云,南风 2级
拉萨,2020-09-28,15,3,晴,南风 2级
拉萨,2020-09-29,22,10,多云,南风 2级
拉萨,2020-09-30,17,3,多云,南风 2级
拉萨,2020-10-01,17,3,多云,南风 2级
拉萨,2020-10-02,16,3,多云,南风 2级
拉萨,2020-10-03,15,4,多云,南风 2级
拉萨,2020-10-04,16,4,多云,南风 2级
拉萨,2020-10-05,17,4,多云,南风 2级
拉萨,2020-10-06,15,3,晴,南风 2级
拉萨,2020-10-07,15,2,晴,南风 2级
拉萨,2020-10-08,20,10,晴,南风 2级
拉萨,2020-10-09,16,1,晴,南风 2级
拉萨,2020-10-10,16,1,晴,南风 2级
拉萨,2020-10-11,16,2,晴,南风 2级
拉萨,2020-10-12,16,2,晴,南风 2级
拉萨,2020-10-13,14,1,晴,南风 2级
拉萨,2020-10-14,14,1,晴,南风 2级
拉萨,2020-10-15,14,1,晴,南风 2级
拉萨,2020-10-16,15,1,多云,南风 2级
拉萨,2020-10-17,15,1,晴,南风 2级
拉萨,2020-10-18,14,0,晴,南风 2级
拉萨,2020-10-19,13,0,晴,南风 2级
拉萨,2020-10-20,11,0,阴,南风 2级
拉萨,2020-10-21,18,4,晴,南风 2级
拉萨,2020-10-22,13,-2,晴,南风 2级
拉萨,2020-10-23,11,-3,晴,南风 2级
拉萨,2020-10-24,13,-2,晴,南风 2级
拉萨,2020-10-25,12,-1,晴,南风 2级
拉萨,2020-10-26,10,0,晴,南风 2级
拉萨,2020-10-27,9,-3,晴,南风 2级
拉萨,2020-10-28,9,-4,晴,南风 2级
拉萨,2020-10-29,15,1,晴,南风 2级
拉萨,2020-10-30,16,2,晴,南风 2级
拉萨,2020-10-31,10,-4,晴,南风 2级
拉萨,2020-11-01,10,-4,晴,南风 2级
拉萨,2020-11-02,11,-2,晴,南风 2级
拉萨,2020-11-03,10,-3,晴,南风 2级
拉萨,2020-11-04,6,-3,多云,南风 2级
拉萨,2020-11-05,18,9,多云,西南风 1级
拉萨,2020-11-06,7,-6,晴,西南风 2级
拉萨,2020-11-07,8,-6,晴,南风 2级
拉萨,2020-11-08,18,3,多云,东风 2级
拉萨,2020-11-09,5,-8,晴,东北风 1级
拉萨,2020-11-10,6,-6,晴,南风 1级
拉萨,2020-11-11,7,-6,晴,南风 2级
拉萨,2020-11-12,8,-6,晴,南风 2级
拉萨,2020-11-13,7,-6,晴,南风 1级
拉萨,2020-11-14,8,-6,晴,南风 2级
拉萨,2020-11-15,9,-6,晴,南风 2级
拉萨,2020-11-16,9,-5,晴,南风 3级
拉萨,2020-11-17,4,-7,多云,南风 2级
拉萨,2020-11-18,5,-9,晴,南风 2级
拉萨,2020-11-19,6,-9,晴,南风 2级
拉萨,2020-11-20,6,-8,晴,南风 2级
拉萨,2020-11-21,8,-9,晴,南风 2级
拉萨,2020-11-22,0,-10,晴,西南风 3级
拉萨,2020-11-23,4,-11,多云,南风 2级
拉萨,2020-11-24,13,-3,晴,西南风 2级
拉萨,2020-11-25,7,-9,晴,西南风 3级
拉萨,2020-11-26,6,-6,阴,西南风 2级
拉萨,2020-11-27,3,-4,多云,南风 2级
拉萨,2020-11-28,0,-9,晴,北风 2级
拉萨,2020-11-29,4,-12,多云,南风 1级
拉萨,2020-11-30,7,-8,多云,西南风 2级
拉萨,2020-12-01,8,-8,多云,西南风 2级
拉萨,2020-12-02,5,-8,阴,西风 2级
拉萨,2020-12-03,2,-9,晴,东北风 1级
拉萨,2020-12-04,2,-11,多云,东北风 1级
拉萨,2020-12-05,2,-11,晴,西南风 2级
拉萨,2020-12-06,5,-11,阴,西南风 2级
拉萨,2020-12-07,4,-8,多云,西风 2级
拉萨,2020-12-08,7,-9,多云,西风 2级
拉萨,2020-12-09,8,-9,晴,西风 2级
拉萨,2020-12-10,8,-9,晴,西风 2级
拉萨,2020-12-11,9,-9,晴,西南风 2级
拉萨,2020-12-12,8,-7,晴,西风 2级
拉萨,2020-12-13,12,-3,晴,西南风 3级
拉萨,2020-12-14,5,-10,晴,西南风 2级
拉萨,2020-12-15,4,-10,晴,南风 2级
拉萨,2020-12-16,3,-10,晴,南风 2级
拉萨,2020-12-17,2,-11,晴,西南风 3级
拉萨,2020-12-18,2,-12,晴,西南风 3级
拉萨,2020-12-19,2,-13,晴,西风 2级
拉萨,2020-12-20,5,-12,晴,西风 2级
拉萨,2020-12-21,7,-10,多云,西风 2级
拉萨,2020-12-22,7,-8,晴,西风 3级
拉萨,2020-12-23,7,-10,晴,西风 3级
拉萨,2020-12-24,4,-9,阴,西南风 3级
拉萨,2020-12-25,1,-11,晴,西风 3级
拉萨,2020-12-26,0,-15,晴,西风 1级
拉萨,2020-12-27,8,-13,晴,西风 2级
拉萨,2020-12-28,7,-8,晴,西南风 3级
拉萨,2020-12-29,5,-11,晴,西南风 2级
拉萨,2020-12-30,4,-11,晴,南风 2级
拉萨,2020-12-31,4,-12,晴,西南风 3级
拉萨,2021-01-01,7,-11,晴,西风 3级
拉萨,2021-01-02,7,-10,晴,西南风 3级
拉萨,2021-01-03,4,-7,晴,东风 1级
拉萨,2021-01-04,8,-9,多云,西南风 2级
拉萨,2021-01-05,3,-6,阴,西北风 2级
拉萨,2021-01-06,5,-7,晴,南风 2级
拉萨,2021-01-07,11,-3,晴,西南风 2级
拉萨,2021-01-08,7,-11,多云,西南风 1级
拉萨,2021-01-09,8,-10,多云,西南风 2级
拉萨,2021-01-10,10,-9,晴,西南风 2级
拉萨,2021-01-11,13,-2,晴,西北风 1级
拉萨,2021-01-12,9,-10,晴,南风 2级
拉萨,2021-01-13,5,-11,晴,东北风 2级
拉萨,2021-01-14,8,-12,晴,北风 2级
拉萨,2021-01-15,10,-9,阴,西北风 2级
拉萨,2021-01-16,6,-7,晴,西北风 3级
拉萨,2021-01-17,2,-12,晴,北风 2级
拉萨,2021-01-18,7,-3,多云,西南风 2级
拉萨,2021-01-19,4,-11,晴,西南风 2级
拉萨,2021-01-20,2,-13,多云,南风 1级
拉萨,2021-01-21,-1,-13,晴,西北风 3级
拉萨,2021-01-22,6,-17,晴,西风 1级
拉萨,2021-01-23,9,-9,晴,西风 3级
拉萨,2021-01-24,7,-9,晴,西风 3级
拉萨,2021-01-25,6,-11,晴,西南风 3级
拉萨,2021-01-26,5,-11,晴,西南风 3级
拉萨,2021-01-27,11,-4,阴,西风 2级
拉萨,2021-01-28,4,-12,晴,南风 2级
拉萨,2021-01-29,13,-2,多云,西风 3级
拉萨,2021-01-30,0,-7,多云,西南风 2级
拉萨,2021-01-31,-1,-18,多云,西风 1级
拉萨,2021-02-01,2,-15,晴,西南风 1级
拉萨,2021-02-02,4,-6,晴,西风 2级
拉萨,2021-02-03,3,-12,晴,南风 2级
拉萨,2021-02-04,3,-11,晴,西南风 2级
拉萨,2021-02-05,1,-12,晴,南风 2级
拉萨,2021-02-06,-1,-13,多云,南风 2级
拉萨,2021-02-07,-1,-12,晴,北风 3级
拉萨,2021-02-08,2,-6,晴,北风 2级
拉萨,2021-02-09,3,-13,阴,西南风 1级
拉萨,2021-02-10,5,-10,小雪,西南风 2级
拉萨,2021-02-11,0,-9,晴,北风 2级
拉萨,2021-02-12,5,-12,阴,西南风 2级
拉萨,2021-02-13,2,-9,多云,北风 2级
拉萨,2021-02-14,4,-9,多云,南风 2级
拉萨,2021-02-15,1,-8,多云,南风 1级
拉萨,2021-02-16,0,-8,阴,南风 2级
拉萨,2021-02-17,0,-10,阴,西南风 2级
拉萨,2021-02-18,1,-7,阴,南风 2级
拉萨,2021-02-19,0,-9,多云,南风 2级
拉萨,2021-02-20,1,-9,晴,西北风 1级
拉萨,2021-02-21,6,-11,阴,西风 1级
拉萨,2021-02-22,7,-7,晴,西北风 1级
拉萨,2021-02-23,7,-7,晴,南风 1级
拉萨,2021-02-24,5,0,阴,东风 3级
拉萨,2021-02-25,11,0,晴,西南风 1级
拉萨,2021-02-26,10,-6,晴,东南风 1级
拉萨,2021-02-27,10,-5,晴,南风 2级
拉萨,2021-02-28,7,1,小雨,东北风 2级
拉萨,2021-03-01,10,-4,晴,南风 2级
拉萨,2021-03-02,10,-6,多云,南风 2级
拉萨,2021-03-03,7,-7,晴,南风 2级
拉萨,2021-03-04,9,-6,阴,西南风 2级
拉萨,2021-03-05,3,-6,阴,南风 2级
拉萨,2021-03-06,0,-6,多云,西北风 1级
拉萨,2021-03-07,5,-9,阴,西北风 1级
拉萨,2021-03-08,5,-5,多云,南风 2级
拉萨,2021-03-09,6,-4,多云,西南风 2级
拉萨,2021-03-10,6,-5,阴,西南风 1级
拉萨,2021-03-11,5,-3,多云,南风 2级
拉萨,2021-03-12,7,-4,多云,北风 1级
拉萨,2021-03-13,7,-4,阴,南风 2级
拉萨,2021-03-14,4,-2,多云,北风 2级
拉萨,2021-03-15,5,-5,多云,西北风 1级
拉萨,2021-03-16,6,-4,阴,西南风 2级
拉萨,2021-03-17,6,-4,阴,南风 2级
拉萨,2021-03-18,7,-4,阴,西南风 3级
拉萨,2021-03-19,9,-3,晴,西南风 2级
拉萨,2021-03-20,7,-3,多云,西南风 2级
拉萨,2021-03-21,4,-4,小雪,南风 2级
拉萨,2021-03-22,5,-4,阴,东南风 1级
拉萨,2021-03-23,6,-2,晴,南风 1级
拉萨,2021-03-24,7,-3,多云,南风 2级
拉萨,2021-03-25,10,-2,多云,南风 3级
拉萨,2021-03-26,5,-3,晴,西南风 2级
拉萨,2021-03-27,6,-6,晴,东北风 2级
拉萨,2021-03-28,7,-3,多云,南风 2级
拉萨,2021-03-29,7,-3,阴,南风 3级
拉萨,2021-03-30,9,-3,阴,南风 3级
拉萨,2021-03-31,11,-1,晴,南风 3级
拉萨,2021-04-01,9,-1,阴,南风 3级
拉萨,2021-04-02,7,-2,晴,南风 3级
拉萨,2021-04-03,6,-4,多云,南风 3级
拉萨,2021-04-04,1,-4,多云,南风 2级
拉萨,2021-04-05,6,-6,阴,东南风 2级
拉萨,2021-04-06,9,-2,阴,南风 2级
拉萨,2021-04-07,11,3,晴,东南风 2级
拉萨,2021-04-08,9,-1,多云,南风 2级
拉萨,2021-04-09,9,-1,晴,西南风 2级
拉萨,2021-04-10,9,-1,晴,西南风 2级
拉萨,2021-04-11,9,-1,多云,西南风 3级
拉萨,2021-04-12,8,-1,阴,西南风 3级
拉萨,2021-04-13,8,0,多云,西南风 2级
拉萨,2021-04-14,8,2,多云,东南风 2级
拉萨,2021-04-15,6,-1,阴,南风 2级
拉萨,2021-04-16,8,0,阴,东南风 2级
拉萨,2021-04-17,6,0,小雪转阴,东南风 2级
拉萨,2021-04-18,14,3,多云,南风 2级
拉萨,2021-04-19,9,0,阴,西南风 3级
拉萨,2021-04-20,9,0,阴,西风 2级
拉萨,2021-04-21,17,4,多云,南风 2级
拉萨,2021-04-22,9,0,晴,南风 3级
拉萨,2021-04-23,12,4,晴,西南风 3级
拉萨,2021-04-24,12,-1,多云,南风 3级
拉萨,2021-04-25,10,0,阴,北风 2级
拉萨,2021-04-26,8,-2,阴,东北风 2级
拉萨,2021-04-27,8,1,小雨,东风 2级
拉萨,2021-04-28,14,4,阴,东北风 2级
拉萨,2021-04-29,10,-1,阴,东北风 2级
拉萨,2021-04-30,16,4,阴,西南风 2级
拉萨,2021-05-01,11,1,阴到小雨,南风 2级
拉萨,2021-05-02,10,1,阴转小雨,西南风 2级
拉萨,2021-05-03,18,4,阴,南风 2级
拉萨,2021-05-04,7,0,阴到小雨,南风 2级
拉萨,2021-05-05,9,0,多云,西南风 2级
拉萨,2021-05-06,11,1,多云,南风 2级
拉萨,2021-05-07,12,2,小雨到中雨,南风 2级
拉萨,2021-05-08,12,2,阴,南风 2级
拉萨,2021-05-09,10,1,阴到小雨,南风 2级
拉萨,2021-05-10,10,3,小雨转阴,南风 2级
拉萨,2021-05-11,8,0,多云,南风 1级
拉萨,2021-05-12,8,0,小雨转阴,东南风 1级
拉萨,2021-05-13,16,6,阴,南风 2级
拉萨,2021-05-14,18,5,多云,南风 2级
拉萨,2021-05-15,11,1,多云,南风 1级
拉萨,2021-05-16,14,2,多云,西南风 1级
拉萨,2021-05-17,18,3,多云,西风 2级
拉萨,2021-05-18,15,6,小雨到中雨,北风 2级
拉萨,2021-05-19,14,1,小雨到中雨,东北风 2级
拉萨,2021-05-20,16,7,多云,南风 2级
拉萨,2021-05-21,17,7,多云,南风 2级
拉萨,2021-05-22,18,6,多云,南风 2级
拉萨,2021-05-23,18,7,多云,南风 2级
拉萨,2021-05-24,19,7,多云,南风 3级
拉萨,2021-05-25,17,7,小雨,南风 3级
拉萨,2021-05-26,16,7,小雨,南风 2级
拉萨,2021-05-27,16,8,阴,南风 2级
拉萨,2021-05-28,17,7,阴,南风 2级
拉萨,2021-05-29,24,13,小雨转阴,南风 2级
拉萨,2021-05-30,16,8,多云,东南风 2级
拉萨,2021-05-31,18,7,阴,南风 2级
拉萨,2021-06-01,18,8,多云,南风 2级
拉萨,2021-06-02,19,7,多云,南风 2级
拉萨,2021-06-03,20,6,多云,南风 2级
拉萨,2021-06-04,18,7,多云,南风 2级
拉萨,2021-06-05,16,6,多云,西北风 2级
拉萨,2021-06-06,18,5,小雨,南风 2级
拉萨,2021-06-07,16,5,阴,西南风 2级
拉萨,2021-06-08,13,2,阴,北风 2级
拉萨,2021-06-09,15,4,多云,东北风 2级
拉萨,2021-06-10,17,5,多云,东北风 1级
拉萨,2021-06-11,23,12,小雨转多云,南风 2级
拉萨,2021-06-12,22,8,阴到小雨,西南风 1级
拉萨,2021-06-13,23,12,小雨,南风 2级
拉萨,2021-06-14,20,8,多云,南风 2级
拉萨,2021-06-15,23,9,多云,南风 3级
拉萨,2021-06-16,20,8,多云,南风 2级
拉萨,2021-06-17,29,12,多云转小雨,南风 2级
拉萨,2021-06-18,20,8,多云,南风 3级
拉萨,2021-06-19,19,8,小雨到中雨,南风 3级
拉萨,2021-06-20,23,10,小雨到中雨,南风 2级
拉萨,2021-06-21,20,11,小雨,南风 2级
拉萨,2021-06-22,21,8,阴到小雨,南风 2级
拉萨,2021-06-23,37,22,多云,东南风 3级
拉萨,2021-06-24,25,8,多云,南风 2级
拉萨,2021-06-25,29,15,多云,南风 2级
拉萨,2021-06-26,33,23,多云,南风 2级
拉萨,2021-06-27,25,16,小雨转晴,南风 2级
拉萨,2021-06-28,23,8,小雨,东北风 1级
拉萨,2021-06-29,19,8,小雨到中雨,南风 2级
拉萨,2021-06-30,20,7,阴,东南风 2级
拉萨,2021-07-01,24,9,小雨到中雨,南风 2级
拉萨,2021-07-02,15,7,多云,东北风 2级
拉萨,2021-07-03,18,8,多云,南风 2级
拉萨,2021-07-04,18,13,阴,南风 2级
拉萨,2021-07-05,17,6,小雨到中雨,东北风 2级
拉萨,2021-07-06,19,6,多云,东风 1级
拉萨,2021-07-07,19,8,小雨,南风 1级
拉萨,2021-07-08,17,9,小雨,南风 2级
拉萨,2021-07-09,17,8,小雨,南风 2级
拉萨,2021-07-10,18,12,多云,南风 2级
拉萨,2021-07-11,19,5,多云,南风 1级
拉萨,2021-07-12,20,6,阴,南风 2级
拉萨,2021-07-13,18,7,小雨,南风 2级
拉萨,2021-07-14,19,8,阴,南风 2级
拉萨,2021-07-15,18,7,小雨,南风 2级
拉萨,2021-07-16,18,7,小雨,南风 2级
拉萨,2021-07-17,18,13,小雨转阴,东风 2级
拉萨,2021-07-18,18,6,阴,南风 2级
拉萨,2021-07-19,25,12,小雨,东南风 1级
拉萨,2021-07-20,18,9,小雨,南风 2级
拉萨,2021-07-21,20,13,小雨转阴,东风 2级
拉萨,2021-07-22,17,8,多云,南风 1级
拉萨,2021-07-23,18,8,小雨,东南风 2级
拉萨,2021-07-24,23,13,多云,东南风 2级
拉萨,2021-07-25,20,9,小雨,东南风 1级
拉萨,2021-07-26,15,8,小雨,北风 2级
拉萨,2021-07-27,33,23,多云,东风 2级
拉萨,2021-07-28,17,5,小雨,东风 1级
拉萨,2021-07-29,17,6,小雨,南风 2级
拉萨,2021-07-30,17,5,小雨转阴,东风 1级
拉萨,2021-07-31,18,5,多云转小雨,东风 2级
拉萨,2021-08-01,19,8,阴,东南风 2级
拉萨,2021-08-02,19,9,阴转小雨,南风 2级
拉萨,2021-08-03,13,5,小雨到中雨,东南风 1级
拉萨,2021-08-04,11,7,阴,西南风 1级
拉萨,2021-08-05,19,12,小雨转多云,西南风 2级
拉萨,2021-08-06,19,12,多云,南风 2级
拉萨,2021-08-07,17,8,小雨转晴,南风 2级
拉萨,2021-08-08,26,11,多云,南风 2级
拉萨,2021-08-09,21,14,多云,南风 2级
拉萨,2021-08-10,20,8,阴,南风 2级
拉萨,2021-08-11,21,12,小雨转多云,南风 2级
拉萨,2021-08-12,17,7,小雨到中雨,南风 2级
拉萨,2021-08-13,17,7,小雨到中雨,东北风 2级
拉萨,2021-08-14,17,7,阴,东南风 1级
拉萨,2021-08-15,17,8,小雨转阴,南风 2级
拉萨,2021-08-16,31,22,多云,东风 2级
拉萨,2021-08-17,17,8,阴,南风 2级
拉萨,2021-08-18,16,7,小雨,东北风 1级
拉萨,2021-08-19,13,5,小雨到中雨,北风 1级
拉萨,2021-08-20,16,6,小雨转多云,南风 2级
拉萨,2021-08-21,16,7,小雨,南风 2级
拉萨,2021-08-22,10,7,小雨转阴,南风 2级
拉萨,2021-08-23,20,11,小雨转阴,南风 1级
拉萨,2021-08-24,16,7,小雨,南风 1级
拉萨,2021-08-25,15,8,阴,南风 2级
拉萨,2021-08-26,29,17,阴,西南风 2级
拉萨,2021-08-27,20,12,小雨到中雨,南风 2级
拉萨,2021-08-28,24,19,小雨到中雨,东风 2级
拉萨,2021-08-29,22,10,小雨到中雨,东南风 2级
拉萨,2021-08-30,22,11,小雨,南风 2级
拉萨,2021-08-31,15,7,阴,南风 1级
拉萨,2021-09-01,16,6,小雨,北风 1级
拉萨,2021-09-02,16,10,小雨,西风 2级
拉萨,2021-09-03,15,7,阴,南风 1级
拉萨,2021-09-04,16,6,阴,西风 1级
拉萨,2021-09-05,15,5,小雨,东风 1级
拉萨,2021-09-06,19,9,小雨,西北风 2级
拉萨,2021-09-07,28,17,晴,东南风 2级
拉萨,2021-09-08,14,4,小雨,南风 2级
拉萨,2021-09-09,14,4,小雨,西南风 2级
拉萨,2021-09-10,19,3,小雨到中雨,东北风 1级
拉萨,2021-09-11,13,5,小雨到中雨,东风 2级
拉萨,2021-09-12,20,5,多云,西南风 2级
拉萨,2021-09-13,15,5,小雨,南风 2级
拉萨,2021-09-14,21,11,多云,东风 2级
拉萨,2021-09-15,14,6,阴,东风 1级
拉萨,2021-09-16,15,6,阴,南风 2级
拉萨,2021-09-17,22,19,小雨,西风 1级
拉萨,2021-09-18,17,2,晴,西南风 0级
拉萨,2021-09-19,22,9,晴,东风 2级
拉萨,2021-09-20,15,2,晴,北风 2级
拉萨,2021-09-21,15,3,多云,西南风 1级
拉萨,2021-09-22,20,8,阴到小雨,东北风 2级
拉萨,2021-09-23,15,4,多云,西南风 0级
拉萨,2021-09-24,16,6,多云,东风 2级
拉萨,2021-09-25,19,5,小雨,东南风 2级
拉萨,2021-09-26,11,6,小雨,西风 1级
拉萨,2021-09-27,23,17,小雨,北风 1级
拉萨,2021-09-28,12,0,晴,东风 2级
拉萨,2021-09-29,14,2,多云,东北风 2级
拉萨,2021-09-30,14,3,晴,东风 2级
拉萨,2021-10-01,16,2,晴,东南风 2级
拉萨,2021-10-02,21,3,多云,东风 1级
拉萨,2021-10-03,18,5,多云,南风 3级
拉萨,2021-10-04,22,12,阴,东北风 3级
拉萨,2021-10-05,15,11,小雨,东北风 4级
拉萨,2021-10-06,17,4,晴,北风 2级
拉萨,2021-10-07,21,3,晴,西南风 3级
拉萨,2021-10-08,14,3,晴,南风 2级
拉萨,2021-10-09,15,3,晴,东风 2级
拉萨,2021-10-10,18,3,晴,西风 2级
拉萨,2021-10-11,13,3,晴,东北风 3级
拉萨,2021-10-12,14,2,晴,东风 2级
拉萨,2021-10-13,16,3,晴,东北风 1级
拉萨,2021-10-14,13,2,晴,东北风 2级
拉萨,2021-10-15,20,2,多云,南风 1级
拉萨,2021-10-16,16,3,晴,北风 1级
拉萨,2021-10-17,14,2,晴,东风 2级
拉萨,2021-10-18,24,7,小雨,西南风 2级
拉萨,2021-10-19,18,9,多云,南风 2级
拉萨,2021-10-20,13,4,多云,东风 2级
拉萨,2021-10-21,20,6,多云,东北风 4级
拉萨,2021-10-22,20,4,多云,东风 1级
拉萨,2021-10-23,13,0,晴,东南风 2级
拉萨,2021-10-24,11,0,晴,南风 2级
拉萨,2021-10-25,8,0,多云,东南风 1级
拉萨,2021-10-26,15,-2,多云,西风 2级
拉萨,2021-10-27,12,-2,晴,西风 2级
拉萨,2021-10-28,10,-3,多云,北风 2级
拉萨,2021-10-29,11,-3,晴,西风 2级
拉萨,2021-10-30,14,-2,晴,西风 1级
拉萨,2021-10-31,11,-3,多云,东南风 2级
拉萨,2021-11-01,8,-3,多云,东风 3级
拉萨,2021-11-02,14,-4,晴,西风 3级
拉萨,2021-11-03,7,-4,晴,东风 2级
拉萨,2021-11-04,6,-4,晴,东风 2级
拉萨,2021-11-05,13,-5,多云,西风 2级
拉萨,2021-11-06,18,0,晴,西风 1级
拉萨,2021-11-07,11,-4,晴,北风 1级
拉萨,2021-11-08,10,-3,晴,东风 2级
拉萨,2021-11-09,8,-3,晴,东风 2级
拉萨,2021-11-10,9,-3,晴,南风 1级
拉萨,2021-11-11,11,-2,晴,西南风 1级
拉萨,2021-11-12,20,3,晴,西南风 2级
拉萨,2021-11-13,11,-1,晴,东风 3级
拉萨,2021-11-14,14,-4,多云,西北风 2级
拉萨,2021-11-15,8,-3,晴,东北风 3级
拉萨,2021-11-16,7,-3,晴,东北风 3级
拉萨,2021-11-17,19,4,晴,西南风 2级
拉萨,2021-11-18,9,-3,多云,东北风 2级
拉萨,2021-11-19,11,0,多云,东风 2级
拉萨,2021-11-20,17,1,多云,北风 3级
拉萨,2021-11-21,10,-1,晴,东北风 2级
拉萨,2021-11-22,7,-4,阴,东风 1级
拉萨,2021-11-23,9,-5,多云,西南风 3级
拉萨,2021-11-24,10,-7,多云,东风 1级
拉萨,2021-11-25,4,-7,晴,西南风 1级
拉萨,2021-11-26,2,-7,晴,东风 2级
拉萨,2021-11-27,1,-6,多云转晴,东风 1级
拉萨,2021-11-28,6,-6,晴,东风 3级
拉萨,2021-11-29,7,-7,晴,东风 2级
拉萨,2021-11-30,9,-6,多云,东南风 2级
拉萨,2021-12-01,7,-5,多云,东风 2级
拉萨,2021-12-02,10,-3,多云,西风 2级
拉萨,2021-12-03,16,-1,多云,东风 2级
拉萨,2021-12-04,9,-1,多云,北风 1级
拉萨,2021-12-05,16,-3,多云,西风 1级
拉萨,2021-12-06,12,-4,晴,东南风 4级
拉萨,2021-12-07,14,-3,晴,西风 2级
拉萨,2021-12-08,13,-5,晴,东北风 2级
拉萨,2021-12-09,11,-4,晴,南风 1级
拉萨,2021-12-10,7,-7,晴,西风 3级
拉萨,2021-12-11,4,-12,晴,南风 1级
拉萨,2021-12-12,8,-12,多云,东风 3级
拉萨,2021-12-13,8,-9,晴,北风 1级
拉萨,2021-12-14,8,-7,晴,西风 2级
拉萨,2021-12-15,8,-7,晴,西南风 4级
拉萨,2021-12-16,12,-3,晴,东风 2级
拉萨,2021-12-17,13,-3,晴,南风 2级
拉萨,2021-12-18,4,-7,晴,南风 1级
拉萨,2021-12-19,3,-9,晴,西北风 2级
拉萨,2021-12-20,-3,-13,晴,南风 1级
拉萨,2021-12-21,3,-4,晴,东风 3级
拉萨,2021-12-22,2,-9,小雪,东北风 2级
拉萨,2021-12-23,6,-10,晴,西南风 2级
拉萨,2021-12-24,5,-10,多云,东北风 3级
拉萨,2021-12-25,0,-6,多云,东风 1级
拉萨,2021-12-26,0,-6,多云,西南风 2级
拉萨,2021-12-27,3,-6,多云,东风 2级
拉萨,2021-12-28,5,-4,晴,东北风 2级
拉萨,2021-12-29,6,-6,多云,南风 2级
拉萨,2021-12-30,13,-4,多云,西北风 2级
拉萨,2021-12-31,7,-3,多云,西风 1级
拉萨,2022-01-01,14,-2,晴,东北风 2级
拉萨,2022-01-02,5,-11,晴,西南风 2级
拉萨,2022-01-03,0,-11,多云,西风 3级
拉萨,2022-01-04,1,-13,多云,东南风 2级
拉萨,2022-01-05,5,-8,多云,西风 2级
拉萨,2022-01-06,8,-7,多云,西南风 3级
拉萨,2022-01-07,3,-7,晴,南风 1级
拉萨,2022-01-08,8,-5,晴,东风 2级
拉萨,2022-01-09,8,-5,晴,东风 2级
拉萨,2022-01-10,6,-3,多云,北风 2级
拉萨,2022-01-11,7,-5,多云,东风 1级
拉萨,2022-01-12,6,-6,阴,西南风 1级
拉萨,2022-01-13,6,-3,多云,北风 1级
拉萨,2022-01-14,5,-8,晴,西南风 1级
拉萨,2022-01-15,5,-11,多云,西北风 2级
拉萨,2022-01-16,-4,-17,晴,北风 1级
拉萨,2022-01-17,3,-14,多云,东风 3级
拉萨,2022-01-18,9,-2,霾,西风 1级
拉萨,2022-01-19,4,-6,多云,东北风 1级
拉萨,2022-01-20,7,-8,阴,东南风 2级
拉萨,2022-01-21,-3,-13,多云,东风 3级
拉萨,2022-01-22,6,-6,晴,南风 1级
拉萨,2022-01-23,2,-13,多云,南风 2级
拉萨,2022-01-24,4,-7,多云,东风 2级
拉萨,2022-01-25,-2,-11,多云,南风 2级
拉萨,2022-01-26,-1,-13,多云,南风 3级
拉萨,2022-01-27,-2,-13,多云,南风 3级
拉萨,2022-01-28,-5,-15,多云,北风 2级
拉萨,2022-01-29,8,-8,晴,北风 1级
拉萨,2022-01-30,6,-7,多云,东北风 3级
拉萨,2022-01-31,2,-6,多云,北风 1级
拉萨,2022-02-01,2,-8,多云,北风 2级
拉萨,2022-02-02,3,-6,多云,东北风 2级
拉萨,2022-02-03,6,-5,晴,南风 3级
拉萨,2022-02-04,2,-2,多云,南风 2级
拉萨,2022-02-05,0,-8,小雪,南风 3级
拉萨,2022-02-06,-1,-5,晴,北风 2级
拉萨,2022-02-07,6,-5,晴,西北风 2级
拉萨,2022-02-08,7,-6,多云,北风 3级
拉萨,2022-02-09,7,-6,晴,南风 3级
拉萨,2022-02-10,6,-5,多云,南风 2级
拉萨,2022-02-11,4,-10,多云,北风 3级
拉萨,2022-02-12,0,-7,晴,东北风 2级
拉萨,2022-02-13,4,-7,晴,南风 2级
拉萨,2022-02-14,6,-4,晴,南风 2级
拉萨,2022-02-15,9,-5,晴,南风 3级
拉萨,2022-02-16,6,-4,晴,南风 2级
拉萨,2022-02-17,8,-4,晴,南风 3级
拉萨,2022-02-18,11,-5,晴,东南风 2级
拉萨,2022-02-19,8,-7,多云,西风 3级
拉萨,2022-02-20,1,-7,雨夹雪,东北风 2级
拉萨,2022-02-21,-1,-6,中雪,西北风 1级
拉萨,2022-02-22,0,-6,晴,西风 2级
拉萨,2022-02-23,5,-4,晴,北风 1级
拉萨,2022-02-24,6,-4,多云,西南风 3级
拉萨,2022-02-25,6,-5,多云,西南风 2级
拉萨,2022-02-26,5,-5,多云,南风 2级
拉萨,2022-02-27,9,-3,多云,西南风 3级
拉萨,2022-02-28,3,-3,阴,西北风 3级
拉萨,2022-03-01,0,-9,多云,东风 3级
拉萨,2022-03-02,9,-4,多云,南风 3级
拉萨,2022-03-03,12,-3,晴,南风 1级
拉萨,2022-03-04,7,-4,多云,南风 2级
拉萨,2022-03-05,3,-4,晴,北风 1级
拉萨,2022-03-06,2,-8,晴,北风 2级
拉萨,2022-03-07,13,-4,晴,东风 3级
拉萨,2022-03-08,13,-2,多云,南风 3级
拉萨,2022-03-09,7,-2,多云,南风 1级
拉萨,2022-03-10,16,0,多云,南风 2级
拉萨,2022-03-11,9,-3,多云,南风 3级
拉萨,2022-03-12,16,-1,多云,西南风 2级
拉萨,2022-03-13,7,-3,晴,东北风 2级
拉萨,2022-03-14,15,0,多云,东北风 2级
拉萨,2022-03-15,8,-2,多云,南风 2级
拉萨,2022-03-16,7,0,阴,南风 1级
拉萨,2022-03-17,10,1,多云,东南风 3级
拉萨,2022-03-18,11,-2,晴,北风 3级
拉萨,2022-03-19,-2,-12,多云,西北风 3级
拉萨,2022-03-20,14,0,晴,南风 3级
拉萨,2022-03-21,21,4,晴,南风 3级
拉萨,2022-03-22,9,2,多云,西风 3级
拉萨,2022-03-23,13,1,多云,南风 3级
拉萨,2022-03-24,18,4,多云,南风 1级
拉萨,2022-03-25,15,0,晴,南风 2级
拉萨,2022-03-26,18,1,晴,北风 1级
拉萨,2022-03-27,9,-4,晴,东风 2级
拉萨,2022-03-28,17,-1,晴,南风 2级
拉萨,2022-03-29,18,1,晴,西风 2级
拉萨,2022-03-30,18,5,阴,东风 2级
拉萨,2022-03-31,16,1,晴,北风 1级
拉萨,2022-04-01,15,1,晴,北风 2级
拉萨,2022-04-02,18,0,多云,南风 3级
拉萨,2022-04-03,23,5,多云,南风 1级
拉萨,2022-04-04,22,7,阴,西风 3级
拉萨,2022-04-05,21,6,多云,北风 2级
拉萨,2022-04-06,21,7,多云,东北风 3级
拉萨,2022-04-07,12,1,多云,东北风 3级
拉萨,2022-04-08,17,6,阴,东南风 2级
拉萨,2022-04-09,17,1,多云,东风 3级
拉萨,2022-04-10,9,1,小雨,南风 2级
拉萨,2022-04-11,11,0,多云,北风 3级
拉萨,2022-04-12,14,0,多云,南风 2级
拉萨,2022-04-13,20,5,多云,西北风 3级
拉萨,2022-04-14,20,6,多云,南风 2级
拉萨,2022-04-15,15,6,多云,西风 2级
拉萨,2022-04-16,17,5,多云,西南风 4级
拉萨,2022-04-17,14,3,多云,西北风 3级
拉萨,2022-04-18,15,3,多云,北风 1级
拉萨,2022-04-19,18,3,多云,西北风 2级
拉萨,2022-04-20,18,4,多云,东风 2级
拉萨,2022-04-21,28,16,多云,南风 1级
拉萨,2022-04-22,13,3,多云,东南风 3级
拉萨,2022-04-23,21,6,多云,西南风 3级
拉萨,2022-04-24,18,3,多云,南风 4级
拉萨,2022-04-25,18,6,阴,南风 2级
拉萨,2022-04-26,19,4,多云,南风 2级
拉萨,2022-04-27,8,0,多云,南风 2级
拉萨,2022-04-28,18,5,多云,东南风 1级
拉萨,2022-04-29,8,4,阴,北风 2级
拉萨,2022-04-30,16,-3,阴,东北风 1级
拉萨,2022-05-01,11,1,多云,北风 2级
拉萨,2022-05-02,27,11,多云,东南风 2级
拉萨,2022-05-03,16,0,晴,南风 2级
拉萨,2022-05-04,16,4,晴,北风 3级
拉萨,2022-05-05,19,4,多云,东风 1级
拉萨,2022-05-06,17,4,多云,南风 2级
拉萨,2022-05-07,15,6,多云,南风 1级
拉萨,2022-05-08,18,7,多云,东北风 2级
拉萨,2022-05-09,21,7,多云,东北风 2级
拉萨,2022-05-10,17,4,多云,北风 3级
拉萨,2022-05-11,21,6,多云,南风 1级
拉萨,2022-05-12,16,4,多云,南风 2级
拉萨,2022-05-13,22,9,多云,北风 2级
拉萨,2022-05-14,14,4,多云,东风 2级
拉萨,2022-05-15,21,12,多云,北风 2级
拉萨,2022-05-16,19,5,多云,西北风 3级
拉萨,2022-05-17,23,10,晴,东南风 3级
拉萨,2022-05-18,16,6,晴,西南风 3级
拉萨,2022-05-19,19,10,小雨,南风 2级
拉萨,2022-05-20,13,3,多云,北风 2级
拉萨,2022-05-21,14,2,小雨,东风 2级
拉萨,2022-05-22,14,2,多云,南风 1级
拉萨,2022-05-23,17,4,多云,南风 1级
拉萨,2022-05-24,18,3,晴,南风 3级
拉萨,2022-05-25,28,15,多云,东北风 2级
拉萨,2022-05-26,16,6,多云,西南风 2级
拉萨,2022-05-27,14,6,多云,西风 2级
拉萨,2022-05-28,36,18,多云,西南风 3级
拉萨,2022-05-29,26,11,多云,南风 2级
拉萨,2022-05-30,24,12,多云,西南风 2级
拉萨,2022-05-31,24,12,多云,西南风 2级
拉萨,2022-06-01,19,7,多云,南风 4级
拉萨,2022-06-02,27,12,多云,南风 2级
拉萨,2022-06-03,24,10,多云,南风 6级
拉萨,2022-06-04,24,8,多云,西南风 2级
拉萨,2022-06-05,21,9,阴到小雨,南风 2级
拉萨,2022-06-06,26,13,多云,南风 2级
拉萨,2022-06-07,24,5,小雨到中雨,南风 2级
拉萨,2022-06-08,21,6,小雨,南风 2级
拉萨,2022-06-09,24,13,小雨到中雨,南风 2级
拉萨,2022-06-10,20,7,小雨到中雨,南风 2级
拉萨,2022-06-11,23,12,多云,南风 2级
拉萨,2022-06-12,21,8,多云,西南风 2级
拉萨,2022-06-13,20,9,多云,东南风 4级
拉萨,2022-06-14,22,6,小雨到中雨,南风 2级
拉萨,2022-06-15,23,9,小雨到中雨,东南风 2级
拉萨,2022-06-16,21,10,多云,西南风 3级
拉萨,2022-06-17,22,13,小雨到中雨,西北风 2级
拉萨,2022-06-18,20,6,多云,南风 2级
拉萨,2022-06-19,39,22,多云,东风 1级
拉萨,2022-06-20,18,7,多云,南风 3级
拉萨,2022-06-21,24,10,小雨,南风 1级
拉萨,2022-06-22,25,12,小雨,南风 1级
拉萨,2022-06-23,25,13,多云转雨,南风 2级
拉萨,2022-06-24,40,23,晴,东风 2级
拉萨,2022-06-25,18,9,阴,西南风 1级
拉萨,2022-06-26,20,12,小雨,西南风 2级
拉萨,2022-06-27,21,9,小雨到中雨,东风 2级
拉萨,2022-06-28,21,9,多云,西南风 3级
拉萨,2022-06-29,15,6,中雨到大雨,西南风 3级
拉萨,2022-06-30,18,7,多云,西南风 4级
拉萨,2022-07-01,23,12,小雨,西北风 2级
拉萨,2022-07-02,19,7,小雨,东北风 4级
拉萨,2022-07-03,28,9,多云,东北风 2级
拉萨,2022-07-04,28,13,多云,东北风 2级
拉萨,2022-07-05,27,13,多云,北风 1级
拉萨,2022-07-06,25,11,多云,东北风 2级
拉萨,2022-07-07,28,14,多云,东南风 1级
拉萨,2022-07-08,27,14,小雨,东北风 2级
拉萨,2022-07-09,28,16,多云,东南风 1级
拉萨,2022-07-10,27,16,多云,南风 3级
拉萨,2022-07-11,19,13,阴,南风 3级
拉萨,2022-07-12,28,16,小雨,东南风 1级
拉萨,2022-07-13,27,15,多云,东南风 4级
拉萨,2022-07-14,19,11,多云,南风 2级
拉萨,2022-07-15,20,6,多云,南风 4级
拉萨,2022-07-16,28,16,多云,西南风 2级
拉萨,2022-07-17,27,15,小雨,北风 3级
拉萨,2022-07-18,26,11,小雨,东南风 3级
拉萨,2022-07-19,26,12,多云,东北风 2级
拉萨,2022-07-20,26,11,小雨到中雨,东风 3级
拉萨,2022-07-21,13,6,小雨,东北风 2级
拉萨,2022-07-22,17,4,多云转晴,东北风 2级
拉萨,2022-07-23,25,10,多云,东北风 3级
拉萨,2022-07-24,24,12,小雨,东南风 1级
拉萨,2022-07-25,17,5,小雨,东南风 4级
拉萨,2022-07-26,23,12,小雨,东北风 3级
拉萨,2022-07-27,21,12,小雨,东北风 2级
拉萨,2022-07-28,16,7,中雨到大雨,西南风 4级
拉萨,2022-07-29,17,8,多云,西南风 3级
拉萨,2022-07-30,24,13,小雨,西南风 3级
拉萨,2022-07-31,25,13,阴,东南风 2级
拉萨,2022-08-01,21,12,小雨,南风 4级
拉萨,2022-08-02,18,13,多云,西南风 4级
拉萨,2022-08-03,19,12,多云,南风 3级
拉萨,2022-08-04,23,12,多云,西南风 3级
拉萨,2022-08-05,21,13,多云,东南风 2级
拉萨,2022-08-06,24,14,多云,南风 3级
拉萨,2022-08-07,24,14,多云,东南风 3级
拉萨,2022-08-08,22,12,多云,南风 2级
拉萨,2022-08-09,24,13,多云,东风 1级
拉萨,2022-08-10,24,11,多云,东南风 2级
拉萨,2022-08-11,25,12,多云,南风 4级
拉萨,2022-08-12,26,13,多云,东南风 2级
拉萨,2022-08-13,24,13,多云,南风 2级
拉萨,2022-08-14,24,14,多云,东南风 1级
拉萨,2022-08-15,26,13,多云,西北风 2级
拉萨,2022-08-16,26,13,多云,西南风 2级
拉萨,2022-08-17,24,14,多云,南风 2级
拉萨,2022-08-18,26,14,多云,东风 2级
拉萨,2022-08-19,21,12,小雨,东北风 2级
拉萨,2022-08-20,22,13,多云,南风 1级
拉萨,2022-08-21,24,12,多云,南风 2级
拉萨,2022-08-22,25,14,多云,南风 3级
拉萨,2022-08-23,25,13,多云,南风 2级
拉萨,2022-08-24,24,13,多云,南风 2级
拉萨,2022-08-25,26,14,多云,北风 3级
拉萨,2022-08-26,24,14,多云,东风 2级
拉萨,2022-08-27,21,15,多云,东风 3级
拉萨,2022-08-28,24,13,多云,东风 1级
拉萨,2022-08-29,22,13,多云,西南风 3级
拉萨,2022-08-30,18,15,多云,西南风 4级
拉萨,2022-08-31,24,10,小雨,西风 2级
拉萨,2022-09-01,16,13,小雨,南风 1级
拉萨,2022-09-02,21,12,多云,西南风 4级
拉萨,2022-09-03,16,9,小雨,南风 3级
拉萨,2022-09-04,14,11,小雨,东风 2级
拉萨,2022-09-05,18,10,小雨,西南风 4级
拉萨,2022-09-06,18,9,小雨,南风 2级
拉萨,2022-09-07,16,9,中雨,北风 1级
拉萨,2022-09-08,17,9,多云,南风 4级
拉萨,2022-09-09,19,10,多云,东南风 2级
拉萨,2022-09-10,20,10,多云,南风 3级
拉萨,2022-09-11,20,10,多云,南风 2级
拉萨,2022-09-12,18,9,多云,北风 2级
拉萨,2022-09-13,20,10,多云,南风 3级
拉萨,2022-09-14,18,8,多云,西南风 4级
拉萨,2022-09-15,18,9,多云,西南风 3级
拉萨,2022-09-16,21,9,多云,南风 2级
拉萨,2022-09-17,22,10,多云,西南风 1级
拉萨,2022-09-18,22,11,多云,东南风 2级
拉萨,2022-09-19,21,8,晴,西南风 2级
拉萨,2022-09-20,21,8,多云,西南风 2级
拉萨,2022-09-21,21,9,多云,南风 3级
拉萨,2022-09-22,20,11,多云,南风 1级
拉萨,2022-09-23,18,10,多云,北风 2级
拉萨,2022-09-24,18,9,多云,西北风 3级
拉萨,2022-09-25,15,9,中雨,南风 2级
拉萨,2022-09-26,19,9,多云,南风 2级
拉萨,2022-09-27,13,8,小雨,西北风 2级
拉萨,2022-09-28,13,7,小雨,北风 2级
拉萨,2022-09-29,17,7,多云,西南风 3级
拉萨,2022-09-30,17,8,多云,南风 2级
拉萨,2022-10-01,18,8,多云,南风 1级
拉萨,2022-10-02,19,9,多云,南风 1级
拉萨,2022-10-03,20,11,多云,南风 2级
拉萨,2022-10-04,19,10,小雨,南风 3级
拉萨,2022-10-05,17,9,多云,南风 2级
拉萨,2022-10-06,20,10,多云,西南风 3级
拉萨,2022-10-07,20,9,多云,南风 1级
拉萨,2022-10-08,19,8,多云,南风 3级
拉萨,2022-10-09,18,9,多云,南风 2级
拉萨,2022-10-10,20,9,多云,南风 1级
拉萨,2022-10-11,18,9,多云,南风 2级
拉萨,2022-10-12,18,8,多云,南风 3级
拉萨,2022-10-13,17,8,多云,南风 2级
拉萨,2022-10-14,17,6,多云,东风 2级
拉萨,2022-10-15,19,6,晴,南风 2级
拉萨,2022-10-16,17,5,晴,南风 4级
拉萨,2022-10-17,16,5,晴,南风 3级
拉萨,2022-10-18,14,3,晴,南风 2级
拉萨,2022-10-19,14,2,晴,南风 2级
拉萨,2022-10-20,13,1,晴,南风 2级
拉萨,2022-10-21,15,1,晴,南风 1级
拉萨,2022-10-22,15,1,晴,南风 3级
拉萨,2022-10-23,14,0,晴,南风 3级
拉萨,2022-10-24,16,1,多云,东风 1级
拉萨,2022-10-25,5,1,雨夹雪,东北风 1级
拉萨,2022-10-26,12,0,多云,南风 1级
拉萨,2022-10-27,13,0,多云,东南风 3级
拉萨,2022-10-28,13,1,多云,南风 2级
拉萨,2022-10-29,11,0,多云,东南风 2级
拉萨,2022-10-30,12,1,晴,北风 1级
拉萨,2022-10-31,13,1,晴,东北风 3级
拉萨,2022-11-01,15,2,晴,南风 2级
拉萨,2022-11-02,14,1,晴,东风 1级
拉萨,2022-11-03,8,-1,多云,东南风 2级
拉萨,2022-11-04,10,0,晴,西南风 1级
拉萨,2022-11-05,11,0,晴,东风 3级
拉萨,2022-11-06,11,-1,阴,东北风 3级
拉萨,2022-11-07,12,-1,晴,西北风 3级
拉萨,2022-11-08,14,0,晴,西南风 2级
拉萨,2022-11-09,15,-1,晴,东南风 2级
拉萨,2022-11-10,14,-1,晴,南风 2级
拉萨,2022-11-11,13,-2,晴,南风 3级
拉萨,2022-11-12,11,-1,晴,西南风 3级
拉萨,2022-11-13,13,-2,晴,西北风 3级
拉萨,2022-11-14,13,-2,晴,南风 1级
拉萨,2022-11-15,13,-2,晴,南风 2级
拉萨,2022-11-16,12,-1,晴,南风 2级
拉萨,2022-11-17,12,-3,晴,南风 2级
拉萨,2022-11-18,9,-3,多云,北风 2级
拉萨,2022-11-19,11,-2,晴,东风 2级
拉萨,2022-11-20,16,-2,多云,南风 2级
拉萨,2022-11-21,15,-1,晴,西风 2级
拉萨,2022-11-22,15,-1,晴,北风 1级
拉萨,2022-11-23,12,-1,晴,西风 2级
拉萨,2022-11-24,8,-3,晴,东南风 2级
拉萨,2022-11-25,8,-4,晴,西风 3级
拉萨,2022-11-26,11,-3,晴,东风 3级
拉萨,2022-11-27,16,-1,晴,东南风 2级
拉萨,2022-11-28,15,-3,晴,东南风 3级
拉萨,2022-11-29,14,-1,晴,西风 3级
拉萨,2022-11-30,12,-2,晴,西南风 2级
拉萨,2022-12-01,11,-3,晴,西南风 2级
拉萨,2022-12-02,11,-3,晴,东风 3级
拉萨,2022-12-03,13,-3,晴,东风 1级
拉萨,2022-12-04,11,-3,晴,东风 2级
拉萨,2022-12-05,11,-4,多云,东南风 3级
拉萨,2022-12-06,10,-4,晴,西南风 4级
拉萨,2022-12-07,10,-4,多云,东北风 2级
拉萨,2022-12-08,9,-5,晴,东南风 1级
拉萨,2022-12-09,11,-5,晴,东南风 1级
拉萨,2022-12-10,11,-5,晴,东风 2级
拉萨,2022-12-11,12,-5,晴,西南风 3级
拉萨,2022-12-12,11,-5,晴,东南风 2级
拉萨,2022-12-13,13,-3,晴,西南风 2级
拉萨,2022-12-14,11,-4,晴,东风 2级
拉萨,2022-12-15,10,-5,晴,西北风 2级
拉萨,2022-12-16,9,-5,晴,西南风 3级
拉萨,2022-12-17,8,-5,晴,西南风 1级
拉萨,2022-12-18,7,-5,晴,北风 2级
拉萨,2022-12-19,8,-5,晴,西南风 4级
拉萨,2022-12-20,7,-4,晴,东北风 3级
拉萨,2022-12-21,10,-5,晴,西风 2级
拉萨,2022-12-22,11,-7,晴,北风 2级
拉萨,2022-12-23,7,-5,晴,西南风 3级
拉萨,2022-12-24,10,-4,晴,东北风 1级
拉萨,2022-12-25,7,-3,晴,西风 4级
拉萨,2022-12-26,5,-5,晴,东风 2级
拉萨,2022-12-27,2,-7,多云,东南风 1级
拉萨,2022-12-28,2,-7,多云,东北风 3级
拉萨,2022-12-29,3,-4,晴,东南风 2级
拉萨,2022-12-30,7,-7,晴,西南风 2级
拉萨,2022-12-31,-6,-18,多云,西南风 3级
