三亚,2018-01-01,25,17,多云,东北风 2级
三亚,2018-01-02,27,18,阴,东北风 3级
三亚,2018-01-03,25,19,多云,东北风 3级
三亚,2018-01-04,26,20,阴,东北风 2级
三亚,2018-01-05,25,20,雨,东北风 2级
三亚,2018-01-06,25,22,多云,东风 2级
三亚,2018-01-07,28,21,晴,东风 2级
三亚,2018-01-08,27,21,多云,东风 2级
三亚,2018-01-09,25,14,阴,东北风 2级
三亚,2018-01-10,17,14,阴,东北风 2级
三亚,2018-01-11,19,13,阴,东北风 2级
三亚,2018-01-12,19,15,多云,东北风 3级
三亚,2018-01-13,20,15,晴,东北风 3级
三亚,2018-01-14,23,16,多云,东北风 3级
三亚,2018-01-15,22,16,多云,东北风 3级
三亚,2018-01-16,23,16,多云,东风 2级
三亚,2018-01-17,24,17,晴,东风 2级
三亚,2018-01-18,29,15,多云,东北风 2级
三亚,2018-01-19,25,18,多云,东北风 2级
三亚,2018-01-20,26,19,多云,东风 2级
三亚,2018-01-21,26,19,多云,东风 3级
三亚,2018-01-22,28,19,多云,东风 2级
三亚,2018-01-23,27,19,多云,东风 3级
三亚,2018-01-24,26,19,多云,东风 3级
三亚,2018-01-25,27,20,多云,东风 3级
三亚,2018-01-26,26,20,晴,东北风 3级
三亚,2018-01-27,28,19,多云,东风 3级
三亚,2018-01-28,30,20,多云,东风 3级
三亚,2018-01-29,25,17,阴,东风 2级
三亚,2018-01-30,20,15,阴,东北风 2级
三亚,2018-01-31,22,15,阴,东北风 2级
三亚,2018-02-01,18,12,多云,东北风 2级
三亚,2018-02-02,20,14,阴,东北风 2级
三亚,2018-02-03,17,12,多云,东北风 2级
三亚,2018-02-04,18,13,多云,东北风 2级
三亚,2018-02-05,22,13,多云,东北风 2级
三亚,2018-02-06,17,10,多云,东北风 2级
三亚,2018-02-07,20,12,多云,北风 2级
三亚,2018-02-08,19,13,多云,东风 2级
三亚,2018-02-09,23,16,晴,东风 2级
三亚,2018-02-10,23,17,晴,东风 2级
三亚,2018-02-11,22,17,多云,东北风 2级
三亚,2018-02-12,23,16,多云,东北风 3级
三亚,2018-02-13,24,15,晴,东风 3级
三亚,2018-02-14,26,16,晴,东风 2级
三亚,2018-02-15,26,17,多云,东风 2级
三亚,2018-02-16,25,18,多云,东风 2级
三亚,2018-02-17,25,18,多云,东风 2级
三亚,2018-02-18,27,19,多云,东风 3级
三亚,2018-02-19,27,20,晴,东风 2级
三亚,2018-02-20,27,20,多云,东风 2级
三亚,2018-02-21,26,19,多云,东风 2级
三亚,2018-02-22,28,20,阴,东风 2级
三亚,2018-02-23,26,19,晴,东风 3级
三亚,2018-02-24,25,20,晴,东风 2级
三亚,2018-02-25,26,20,雨,东风 2级
三亚,2018-02-26,26,20,多云,东风 3级
三亚,2018-02-27,27,20,多云,东风 3级
三亚,2018-02-28,28,20,多云,东风 2级
三亚,2018-03-01,28,20,晴,东风 2级
三亚,2018-03-02,27,21,晴,东风 2级
三亚,2018-03-03,28,22,晴,东南风 2级
三亚,2018-03-04,31,22,晴,东南风 2级
三亚,2018-03-05,30,22,晴,东南风 2级
三亚,2018-03-06,29,22,晴,东风 3级
三亚,2018-03-07,27,22,多云,东风 3级
三亚,2018-03-08,26,18,雨,东北风 2级
三亚,2018-03-09,23,16,多云,东北风 2级
三亚,2018-03-10,24,17,多云,东风 3级
三亚,2018-03-11,26,18,晴,东风 3级
三亚,2018-03-12,27,19,晴,东风 3级
三亚,2018-03-13,26,19,晴,东风 3级
三亚,2018-03-14,26,18,雨,东风 2级
三亚,2018-03-15,28,20,晴,东风 2级
三亚,2018-03-16,27,20,晴,东风 2级
三亚,2018-03-17,28,21,晴,东风 3级
三亚,2018-03-18,28,21,晴,东风 3级
三亚,2018-03-19,28,19,晴,东南风 2级
三亚,2018-03-20,27,19,雨,东风 2级
三亚,2018-03-21,28,18,多云,东风 2级
三亚,2018-03-22,28,20,多云,东风 2级
三亚,2018-03-23,26,20,多云,东风 3级
三亚,2018-03-24,26,21,多云,东风 3级
三亚,2018-03-25,29,21,多云,东风 2级
三亚,2018-03-26,27,21,多云,东风 2级
三亚,2018-03-27,27,22,多云,东风 2级
三亚,2018-03-28,28,21,晴,东风 2级
三亚,2018-03-29,29,21,晴,东风 2级
三亚,2018-03-30,27,22,晴,东风 2级
三亚,2018-03-31,30,22,多云,东风 2级
三亚,2018-04-01,28,22,晴,东风 2级
三亚,2018-04-02,29,22,多云,东风 2级
三亚,2018-04-03,29,20,阴,东风 2级
三亚,2018-04-04,29,21,晴,东风 2级
三亚,2018-04-05,29,21,多云,东风 2级
三亚,2018-04-06,29,22,阴,东风 2级
三亚,2018-04-07,26,19,阴,东北风 3级
三亚,2018-04-08,25,20,阴,东北风 2级
三亚,2018-04-09,27,21,多云,东风 2级
三亚,2018-04-10,31,22,晴,东风 2级
三亚,2018-04-11,31,23,晴,东风 2级
三亚,2018-04-12,30,24,晴,东南风 2级
三亚,2018-04-13,32,25,晴,东南风 2级
三亚,2018-04-14,28,23,晴,东风 2级
三亚,2018-04-15,28,23,雨,东风 2级
三亚,2018-04-16,28,22,雨,东风 2级
三亚,2018-04-17,29,22,多云,东风 2级
三亚,2018-04-18,28,22,雨,东风 2级
三亚,2018-04-19,27,22,多云,东风 3级
三亚,2018-04-20,29,24,晴,东风 2级
三亚,2018-04-21,30,24,多云,东风 2级
三亚,2018-04-22,30,25,多云,东风 2级
三亚,2018-04-23,31,25,多云,东南风 2级
三亚,2018-04-24,28,25,多云,东风 2级
三亚,2018-04-25,29,24,阴,东南风 2级
三亚,2018-04-26,31,25,多云,东南风 2级
三亚,2018-04-27,31,25,多云,东风 2级
三亚,2018-04-28,32,25,雨,东风 2级
三亚,2018-04-29,31,25,多云,东风 2级
三亚,2018-04-30,30,25,多云,东风 2级
三亚,2018-05-01,31,25,多云,东南风 2级
三亚,2018-05-02,30,25,阴,东南风 2级
三亚,2018-05-03,30,25,多云,东南风 2级
三亚,2018-05-04,30,25,多云,东风 3级
三亚,2018-05-05,31,25,多云,东风 2级
三亚,2018-05-06,32,25,多云,东南风 2级
三亚,2018-05-07,31,26,多云,西南风 2级
三亚,2018-05-08,32,26,多云,南风 2级
三亚,2018-05-09,31,27,雨,东南风 2级
三亚,2018-05-10,33,26,雨,东南风 2级
三亚,2018-05-11,31,26,多云,东南风 3级
三亚,2018-05-12,33,26,晴,东南风 2级
三亚,2018-05-13,31,26,晴,东南风 2级
三亚,2018-05-14,33,26,阴,东南风 2级
三亚,2018-05-15,32,26,晴,东南风 2级
三亚,2018-05-16,32,25,阴,东南风 2级
三亚,2018-05-17,31,27,多云,东南风 2级
三亚,2018-05-18,32,27,多云,东南风 2级
三亚,2018-05-19,32,27,阴,东南风 2级
三亚,2018-05-20,32,26,多云,东南风 2级
三亚,2018-05-21,33,26,阴,东南风 2级
三亚,2018-05-22,33,26,晴,东风 2级
三亚,2018-05-23,32,26,晴,东风 2级
三亚,2018-05-24,33,26,晴,东南风 2级
三亚,2018-05-25,32,26,多云,南风 2级
三亚,2018-05-26,32,26,雨,东南风 2级
三亚,2018-05-27,32,27,晴,南风 2级
三亚,2018-05-28,33,28,阴,西南风 2级
三亚,2018-05-29,33,27,多云,东南风 2级
三亚,2018-05-30,33,27,多云,东南风 2级
三亚,2018-05-31,34,27,多云,东南风 2级
三亚,2018-06-01,32,26,多云转小雨,东南风 2级
三亚,2018-06-02,34,27,雨,东风 2级
三亚,2018-06-03,34,26,中雨到大雨,东北风 2级
三亚,2018-06-04,31,25,小雨到中雨,东北风 2级
三亚,2018-06-05,29,26,小雨到中雨,西北风 2级
三亚,2018-06-06,30,24,阴,西风 3级
三亚,2018-06-07,30,26,阴,西风 3级
三亚,2018-06-08,31,26,阴,西风 3级
三亚,2018-06-09,31,27,多云,西风 3级
三亚,2018-06-10,31,26,阴,西风 3级
三亚,2018-06-11,30,27,阴,西风 3级
三亚,2018-06-12,31,26,阴,西风 4级
三亚,2018-06-13,31,27,小雨,西风 4级
三亚,2018-06-14,30,25,雨,西风 4级
三亚,2018-06-15,29,24,雨,西风 3级
三亚,2018-06-16,30,24,雨,西风 2级
三亚,2018-06-17,31,22,雨,西风 2级
三亚,2018-06-18,32,25,阴,西南风 1级
三亚,2018-06-19,32,26,阴,南风 2级
三亚,2018-06-20,33,27,阴,西风 2级
三亚,2018-06-21,32,27,阴,西风 2级
三亚,2018-06-22,31,28,雨,西南风 2级
三亚,2018-06-23,33,28,小雨,南风 2级
三亚,2018-06-24,31,27,小雨,南风 2级
三亚,2018-06-25,31,24,雨,东南风 2级
三亚,2018-06-26,30,26,小雨到中雨,东南风 2级
三亚,2018-06-27,30,26,多云,东南风 2级
三亚,2018-06-28,31,23,阴,南风 2级
三亚,2018-06-29,31,25,阴,西南风 2级
三亚,2018-06-30,31,26,多云,西南风 2级
三亚,2018-07-01,32,27,多云,西南风 2级
三亚,2018-07-02,32,27,多云,西南风 2级
三亚,2018-07-03,32,27,多云,西南风 3级
三亚,2018-07-04,32,27,多云,西南风 3级
三亚,2018-07-05,32,27,多云,西南风 3级
三亚,2018-07-06,33,28,阴,西南风 2级
三亚,2018-07-07,32,26,阴,西南风 2级
三亚,2018-07-08,29,26,阴,东南风 2级
三亚,2018-07-09,32,26,阴,东北风 2级
三亚,2018-07-10,30,25,中雨,西风 2级
三亚,2018-07-11,30,24,阴,西风 2级
三亚,2018-07-12,28,25,阴,西风 3级
三亚,2018-07-13,29,26,阴,西风 2级
三亚,2018-07-14,30,25,小雨到中雨,西风 2级
三亚,2018-07-15,30,25,小雨,西南风 2级
三亚,2018-07-16,28,24,小雨到中雨,西风 3级
三亚,2018-07-17,30,24,小雨,东风 2级
三亚,2018-07-18,28,25,小雨到暴雨,南风 3级
三亚,2018-07-19,31,26,多云,北风 2级
三亚,2018-07-20,30,26,阴,西风 2级
三亚,2018-07-21,30,25,雨,西南风 2级
三亚,2018-07-22,28,25,雨,西南风 4级
三亚,2018-07-23,28,26,阴,西风 5级
三亚,2018-07-24,29,25,阴,西风 3级
三亚,2018-07-25,31,26,阴,西风 2级
三亚,2018-07-26,30,26,阴,西风 2级
三亚,2018-07-27,28,24,小雨到中雨,西南风 2级
三亚,2018-07-28,31,25,雨,西南风 2级
三亚,2018-07-29,30,25,小雨到中雨,西南风 2级
三亚,2018-07-30,31,25,小雨,西风 2级
三亚,2018-07-31,31,24,多云,西风 2级
三亚,2018-08-01,31,25,多云,西南风 2级
三亚,2018-08-02,32,26,多云,西南风 2级
三亚,2018-08-03,32,26,多云,西风 2级
三亚,2018-08-04,32,26,多云,西南风 2级
三亚,2018-08-05,32,25,多云,东风 2级
三亚,2018-08-06,31,27,阴,东北风 2级
三亚,2018-08-07,32,26,小雨到中雨,东北风 2级
三亚,2018-08-08,33,22,小雨,西风 1级
三亚,2018-08-09,27,22,小雨,西风 1级
三亚,2018-08-10,31,25,小雨到大雨,西风 4级
三亚,2018-08-11,29,26,小雨到中雨,西风 3级
三亚,2018-08-12,30,26,阴,西风 4级
三亚,2018-08-13,29,26,小雨到中雨,西风 4级
三亚,2018-08-14,30,24,多云转小雨,西风 3级
三亚,2018-08-15,28,25,阴,西风 4级
三亚,2018-08-16,29,25,多云转小雨,西风 4级
三亚,2018-08-17,32,26,多云,西南风 2级
三亚,2018-08-18,32,25,多云,西风 2级
三亚,2018-08-19,30,26,阴,西风 2级
三亚,2018-08-20,29,24,阴,西风 2级
三亚,2018-08-21,31,26,阴,西风 3级
三亚,2018-08-22,30,26,多云,西风 3级
三亚,2018-08-23,32,25,阴,西风 2级
三亚,2018-08-24,30,25,阴,西风 3级
三亚,2018-08-25,28,25,阴,西风 3级
三亚,2018-08-26,30,26,小雨到中雨,西风 3级
三亚,2018-08-27,31,25,多云,西风 3级
三亚,2018-08-28,31,25,多云,西风 3级
三亚,2018-08-29,32,26,阴,西南风 4级
三亚,2018-08-30,31,26,阴,西南风 3级
三亚,2018-08-31,32,26,多云,东南风 2级
三亚,2018-09-01,34,26,多云,东南风 2级
三亚,2018-09-02,32,26,多云,东南风 2级
三亚,2018-09-03,31,25,多云,东南风 2级
三亚,2018-09-04,33,27,晴,西风 2级
三亚,2018-09-05,31,26,多云,西风 2级
三亚,2018-09-06,32,26,阴,西风 2级
三亚,2018-09-07,33,25,多云,南风 1级
三亚,2018-09-08,31,26,多云,东南风 1级
三亚,2018-09-09,32,25,多云,东风 2级
三亚,2018-09-10,33,25,多云,东风 2级
三亚,2018-09-11,31,25,多云,东北风 2级
三亚,2018-09-12,32,25,多云,东风 2级
三亚,2018-09-13,32,26,多云,北风 1级
三亚,2018-09-14,33,26,多云,东北风 2级
三亚,2018-09-15,31,26,多云,西北风 2级
三亚,2018-09-16,32,25,多云,西风 3级
三亚,2018-09-17,32,26,阴,西南风 2级
三亚,2018-09-18,32,26,多云,东风 3级
三亚,2018-09-19,31,25,多云,东风 3级
三亚,2018-09-20,32,25,多云,东北风 2级
三亚,2018-09-21,32,24,多云,东北风 2级
三亚,2018-09-22,32,25,多云,东风 2级
三亚,2018-09-23,33,25,多云,东风 2级
三亚,2018-09-24,32,25,多云,西风 1级
三亚,2018-09-25,32,25,多云,南风 2级
三亚,2018-09-26,33,26,多云,东风 2级
三亚,2018-09-27,33,26,多云,东风 2级
三亚,2018-09-28,33,25,多云,东风 2级
三亚,2018-09-29,31,25,阴,东风 2级
三亚,2018-09-30,30,25,多云,东风 2级
三亚,2018-10-01,32,25,多云,东北风 2级
三亚,2018-10-02,32,25,多云,东北风 3级
三亚,2018-10-03,32,24,晴,东北风 3级
三亚,2018-10-04,32,24,多云,东北风 3级
三亚,2018-10-05,31,24,晴,西风 2级
三亚,2018-10-06,32,22,多云,东风 2级
三亚,2018-10-07,32,23,多云,东风 2级
三亚,2018-10-08,31,23,多云,东北风 2级
三亚,2018-10-09,32,24,阴,东北风 2级
三亚,2018-10-10,31,24,多云,东风 2级
三亚,2018-10-11,30,24,多云,东北风 2级
三亚,2018-10-12,30,24,多云,东北风 2级
三亚,2018-10-13,31,25,多云,东北风 3级
三亚,2018-10-14,32,26,多云,东风 2级
三亚,2018-10-15,31,25,多云,东风 2级
三亚,2018-10-16,31,25,多云,东风 2级
三亚,2018-10-17,32,25,多云,东风 2级
三亚,2018-10-18,32,25,阴,东风 2级
三亚,2018-10-19,32,24,多云,东北风 3级
三亚,2018-10-20,32,25,多云,东北风 3级
三亚,2018-10-21,32,24,多云,东风 3级
三亚,2018-10-22,32,25,多云,东风 3级
三亚,2018-10-23,31,24,多云,东风 3级
三亚,2018-10-24,32,24,晴,东风 3级
三亚,2018-10-25,31,24,多云,东风 3级
三亚,2018-10-26,31,24,多云,东风 2级
三亚,2018-10-27,32,23,多云,东北风 2级
三亚,2018-10-28,32,23,晴,东北风 3级
三亚,2018-10-29,32,22,晴,东北风 2级
三亚,2018-10-30,31,21,多云,北风 2级
三亚,2018-10-31,31,20,多云,北风 2级
三亚,2018-11-01,31,19,晴,西北风 2级
三亚,2018-11-02,29,20,多云,北风 2级
三亚,2018-11-03,31,22,多云,东风 2级
三亚,2018-11-04,31,21,晴,东风 2级
三亚,2018-11-05,31,23,多云,东北风 2级
三亚,2018-11-06,32,23,多云,东北风 3级
三亚,2018-11-07,31,24,多云,东北风 3级
三亚,2018-11-08,31,25,晴,东北风 3级
三亚,2018-11-09,31,24,多云,东北风 3级
三亚,2018-11-10,31,24,晴,东北风 3级
三亚,2018-11-11,31,24,晴,东风 3级
三亚,2018-11-12,31,23,多云,东风 2级
三亚,2018-11-13,31,24,多云,东风 3级
三亚,2018-11-14,30,23,多云,东风 3级
三亚,2018-11-15,31,24,多云,东风 2级
三亚,2018-11-16,31,24,多云,东风 2级
三亚,2018-11-17,32,23,多云,东风 2级
三亚,2018-11-18,31,23,晴,东风 2级
三亚,2018-11-19,31,24,多云,东风 3级
三亚,2018-11-20,31,24,多云,东风 2级
三亚,2018-11-21,31,24,多云,东风 2级
三亚,2018-11-22,30,22,多云,东北风 3级
三亚,2018-11-23,29,21,多云,东北风 2级
三亚,2018-11-24,30,22,阴,东北风 3级
三亚,2018-11-25,28,20,多云,东北风 2级
三亚,2018-11-26,27,21,多云,东北风 2级
三亚,2018-11-27,28,21,多云,东北风 2级
三亚,2018-11-28,26,22,多云,东北风 2级
三亚,2018-11-29,28,22,多云,东北风 3级
三亚,2018-11-30,28,22,多云,东北风 3级
三亚,2018-12-01,29,23,多云,东风 3级
三亚,2018-12-02,30,23,多云,东风 3级
三亚,2018-12-03,30,23,多云,东风 2级
三亚,2018-12-04,30,23,多云,东风 2级
三亚,2018-12-05,30,23,多云,东风 2级
三亚,2018-12-06,31,22,多云,东北风 2级
三亚,2018-12-07,31,23,多云,东北风 3级
三亚,2018-12-08,25,23,多云,东风 4级
三亚,2018-12-09,26,21,多云,东北风 3级
三亚,2018-12-10,29,22,晴,东北风 4级
三亚,2018-12-11,28,21,多云,东北风 3级
三亚,2018-12-12,27,18,多云,东北风 3级
三亚,2018-12-13,25,20,多云,东北风 2级
三亚,2018-12-14,28,20,阴,东北风 3级
三亚,2018-12-15,28,20,多云,东北风 3级
三亚,2018-12-16,29,19,阴,东北风 2级
三亚,2018-12-17,27,19,晴,东北风 2级
三亚,2018-12-18,27,19,多云,东北风 2级
三亚,2018-12-19,28,19,多云,东北风 3级
三亚,2018-12-20,32,23,阴,北风 2级
三亚,2018-12-21,30,21,晴,东风 2级
三亚,2018-12-22,30,21,多云,东北风 2级
三亚,2018-12-23,31,22,多云,东北风 2级
三亚,2018-12-24,28,22,阴,东北风 2级
三亚,2018-12-25,29,22,多云,东北风 2级
三亚,2018-12-26,30,22,多云,东北风 3级
三亚,2018-12-27,30,21,多云,东风 3级
三亚,2018-12-28,28,20,多云,东北风 4级
三亚,2018-12-29,25,19,多云,东北风 4级
三亚,2018-12-30,24,18,阴,东北风 3级
三亚,2018-12-31,24,17,阴,东北风 2级
三亚,2019-01-01,24,17,阴,东北风 2级
三亚,2019-01-02,25,17,多云,北风 2级
三亚,2019-01-03,25,20,多云,东北风 2级
三亚,2019-01-04,32,22,小雨,东风 3级
三亚,2019-01-05,28,22,多云,东风 3级
三亚,2019-01-06,30,21,多云,东风 3级
三亚,2019-01-07,30,22,晴,东风 3级
三亚,2019-01-08,29,22,多云,东北风 3级
三亚,2019-01-09,29,22,多云,东北风 3级
三亚,2019-01-10,29,22,多云,东风 3级
三亚,2019-01-11,29,21,多云,东风 2级
三亚,2019-01-12,31,21,晴,东风 2级
三亚,2019-01-13,30,21,多云,东风 3级
三亚,2019-01-14,29,21,晴,东北风 3级
三亚,2019-01-15,29,20,多云,东北风 3级
三亚,2019-01-16,28,20,多云,东北风 3级
三亚,2019-01-17,27,19,多云,东北风 3级
三亚,2019-01-18,27,19,多云,东北风 3级
三亚,2019-01-19,28,19,晴,东北风 3级
三亚,2019-01-20,28,21,多云,东北风 2级
三亚,2019-01-21,26,18,多云,东北风 3级
三亚,2019-01-22,25,17,多云,东北风 2级
三亚,2019-01-23,25,17,多云,东风 2级
三亚,2019-01-24,27,19,多云,东风 3级
三亚,2019-01-25,28,19,多云,东北风 2级
三亚,2019-01-26,29,19,多云,东北风 3级
三亚,2019-01-27,28,19,多云,东北风 3级
三亚,2019-01-28,27,20,多云,东北风 3级
三亚,2019-01-29,28,20,晴,东风 4级
三亚,2019-01-30,28,20,晴,东风 3级
三亚,2019-01-31,27,20,多云,东风 2级
三亚,2019-02-01,29,20,多云,东北风 3级
三亚,2019-02-02,29,21,多云,东风 2级
三亚,2019-02-03,31,21,多云,东风 2级
三亚,2019-02-04,29,21,晴,东风 2级
三亚,2019-02-05,31,22,晴,东风 2级
三亚,2019-02-06,30,22,晴,东风 2级
三亚,2019-02-07,30,22,晴,东南风 2级
三亚,2019-02-08,30,22,多云,东南风 2级
三亚,2019-02-09,29,22,多云,东风 2级
三亚,2019-02-10,29,23,晴,东风 3级
三亚,2019-02-11,29,22,多云,东风 3级
三亚,2019-02-12,28,21,晴,东风 3级
三亚,2019-02-13,29,21,多云,东风 3级
三亚,2019-02-14,29,21,晴,东风 3级
三亚,2019-02-15,30,21,多云,东风 2级
三亚,2019-02-16,34,22,晴,南风 2级
三亚,2019-02-17,29,23,多云,东风 3级
三亚,2019-02-18,28,24,多云,东南风 3级
三亚,2019-02-19,30,24,晴,东南风 2级
三亚,2019-02-20,32,24,多云,东风 2级
三亚,2019-02-21,30,23,多云,东风 2级
三亚,2019-02-22,30,24,多云,东风 2级
三亚,2019-02-23,30,23,晴,东风 2级
三亚,2019-02-24,30,23,晴,东风 2级
三亚,2019-02-25,29,23,多云,东风 2级
三亚,2019-02-26,32,21,小雨,东风 2级
三亚,2019-02-27,32,23,多云,东风 2级
三亚,2019-02-28,31,22,多云,东风 3级
三亚,2019-03-01,30,21,多云,东风 2级
三亚,2019-03-02,31,20,晴,东南风 2级
三亚,2019-03-03,30,23,晴,东南风 2级
三亚,2019-03-04,28,21,多云,东南风 3级
三亚,2019-03-05,31,24,晴,东南风 2级
三亚,2019-03-06,30,22,晴,东南风 2级
三亚,2019-03-07,29,22,晴,东南风 2级
三亚,2019-03-08,30,21,多云,东南风 2级
三亚,2019-03-09,31,22,晴,东南风 2级
三亚,2019-03-10,29,23,多云,东风 2级
三亚,2019-03-11,30,20,多云,东南风 2级
三亚,2019-03-12,28,23,多云,东风 2级
三亚,2019-03-13,30,23,多云,东风 3级
三亚,2019-03-14,31,22,晴,东风 2级
三亚,2019-03-15,31,22,晴,东北风 3级
三亚,2019-03-16,29,23,晴,东风 3级
三亚,2019-03-17,29,23,晴,东风 3级
三亚,2019-03-18,31,23,多云,东风 2级
三亚,2019-03-19,30,20,晴,东风 2级
三亚,2019-03-20,31,21,多云,东南风 2级
三亚,2019-03-21,31,22,晴,东南风 2级
三亚,2019-03-22,31,23,多云,东南风 2级
三亚,2019-03-23,31,21,多云,东风 2级
三亚,2019-03-24,31,22,多云,东风 3级
三亚,2019-03-25,31,24,多云,东风 2级
三亚,2019-03-26,31,21,多云,东风 2级
三亚,2019-03-27,31,22,晴,东风 2级
三亚,2019-03-28,31,22,晴,东风 2级
三亚,2019-03-29,31,24,多云,东南风 2级
三亚,2019-03-30,31,26,多云,东风 2级
三亚,2019-03-31,31,24,多云,东风 2级
三亚,2019-04-01,31,21,多云,东风 3级
三亚,2019-04-02,31,24,多云,东风 3级
三亚,2019-04-03,32,22,多云,东风 3级
三亚,2019-04-04,32,23,多云,东风 3级
三亚,2019-04-05,32,21,多云,东风 2级
三亚,2019-04-06,31,24,多云,东风 2级
三亚,2019-04-07,33,23,多云,东南风 2级
三亚,2019-04-08,32,22,晴,东南风 2级
三亚,2019-04-09,31,25,晴,东南风 2级
三亚,2019-04-10,32,25,晴,东南风 2级
三亚,2019-04-11,33,24,晴,东南风 2级
三亚,2019-04-12,33,26,多云,东风 3级
三亚,2019-04-13,34,26,多云,东风 3级
三亚,2019-04-14,33,26,多云,东风 2级
三亚,2019-04-15,33,24,多云,东风 2级
三亚,2019-04-16,33,24,多云,东南风 2级
三亚,2019-04-17,33,26,多云,东南风 2级
三亚,2019-04-18,33,27,晴,东南风 2级
三亚,2019-04-19,33,25,晴转多云,东南风 2级
三亚,2019-04-20,34,26,多云,东南风 2级
三亚,2019-04-21,33,25,多云,东南风 2级
三亚,2019-04-22,33,20,多云,东南风 2级
三亚,2019-04-23,33,22,多云,东南风 2级
三亚,2019-04-24,33,23,晴,东南风 2级
三亚,2019-04-25,33,24,晴,东南风 2级
三亚,2019-04-26,33,25,阴,东南风 2级
三亚,2019-04-27,32,21,多云,东南风 3级
三亚,2019-04-28,33,21,多云转晴,东南风 2级
三亚,2019-04-29,34,22,晴,东南风 2级
三亚,2019-04-30,33,25,晴转多云,东南风 2级
三亚,2019-05-01,32,25,晴转多云,西南风 2级
三亚,2019-05-02,32,22,多云转晴,东风 2级
三亚,2019-05-03,33,26,多云转雨,东风 2级
三亚,2019-05-04,32,26,阴,东风 2级
三亚,2019-05-05,33,26,阴,南风 2级
三亚,2019-05-06,33,26,阴,南风 2级
三亚,2019-05-07,32,22,多云转雨,东风 2级
三亚,2019-05-08,34,25,多云转雨,东风 2级
三亚,2019-05-09,31,24,多云转阴,东风 2级
三亚,2019-05-10,32,24,多云转雨,东风 2级
三亚,2019-05-11,32,25,多云转雨,东风 3级
三亚,2019-05-12,33,25,多云,东风 3级
三亚,2019-05-13,33,25,晴转多云,东风 2级
三亚,2019-05-14,34,27,晴转多云,东南风 2级
三亚,2019-05-15,34,27,多云,东南风 2级
三亚,2019-05-16,33,27,晴转多云,南风 2级
三亚,2019-05-17,34,28,晴转多云,西南风 2级
三亚,2019-05-18,35,28,晴,西南风 2级
三亚,2019-05-19,35,28,晴转多云,南风 2级
三亚,2019-05-20,36,28,晴转多云,东南风 2级
三亚,2019-05-21,33,25,多云转阴,东南风 2级
三亚,2019-05-22,33,27,晴转多云,南风 2级
三亚,2019-05-23,34,26,多云转雨,西南风 2级
三亚,2019-05-24,33,27,阴转雨,南风 2级
三亚,2019-05-25,31,27,阴转雨,东南风 2级
三亚,2019-05-26,33,26,多云转雨,东南风 2级
三亚,2019-05-27,31,27,阴,东南风 2级
三亚,2019-05-28,33,27,多云转阴,东南风 2级
三亚,2019-05-29,32,25,多云转阴,东南风 2级
三亚,2019-05-30,32,27,阴,西风 2级
三亚,2019-05-31,31,26,多云转雨,南风 2级
三亚,2019-06-01,31,27,多云转雨,南风 2级
三亚,2019-06-02,31,26,多云转雨,南风 2级
三亚,2019-06-03,31,27,阴转多云,南风 2级
三亚,2019-06-04,33,27,阴转雨,东南风 2级
三亚,2019-06-05,32,27,阴转多云,东南风 3级
三亚,2019-06-06,33,27,阴转多云,东南风 3级
三亚,2019-06-07,33,27,多云,东南风 2级
三亚,2019-06-08,33,27,多云,南风 2级
三亚,2019-06-09,33,28,多云,南风 2级
三亚,2019-06-10,34,28,多云,西南风 2级
三亚,2019-06-11,34,28,多云,西南风 2级
三亚,2019-06-12,34,27,多云,西南风 2级
三亚,2019-06-13,31,28,多云转阴,西风 2级
三亚,2019-06-14,33,28,阴,西风 3级
三亚,2019-06-15,32,29,阴转雨,西风 2级
三亚,2019-06-16,33,27,多云转雨,西南风 2级
三亚,2019-06-17,32,26,多云转雨,东南风 2级
三亚,2019-06-18,31,27,多云转雨,东风 2级
三亚,2019-06-19,34,28,多云,东南风 2级
三亚,2019-06-20,33,28,多云,南风 2级
三亚,2019-06-21,33,28,多云,南风 3级
三亚,2019-06-22,32,28,阴转多云,南风 3级
三亚,2019-06-23,32,28,多云,南风 2级
三亚,2019-06-24,34,29,阴转雨,南风 2级
三亚,2019-06-25,34,29,多云,西南风 2级
三亚,2019-06-26,34,28,阴转雨,西风 2级
三亚,2019-06-27,34,28,多云,西风 2级
三亚,2019-06-28,34,28,多云,西风 3级
三亚,2019-06-29,33,29,多云,西风 3级
三亚,2019-06-30,33,28,阴转雨,西风 3级
三亚,2019-07-01,31,27,多云转雨,西风 3级
三亚,2019-07-02,31,26,小雨到中雨,西北风 2级
三亚,2019-07-03,29,26,多云转雨,西南风 4级
三亚,2019-07-04,32,26,多云转雨,西南风 2级
三亚,2019-07-05,34,27,多云,西风 2级
三亚,2019-07-06,31,28,多云转阴,西风 2级
三亚,2019-07-07,33,28,多云,西南风 2级
三亚,2019-07-08,33,28,阴转多云,西南风 2级
三亚,2019-07-09,31,28,多云转阴,西风 3级
三亚,2019-07-10,31,26,多云,西风 2级
三亚,2019-07-11,32,28,多云转阴,西南风 2级
三亚,2019-07-12,33,27,多云,南风 2级
三亚,2019-07-13,33,27,多云转阴,南风 2级
三亚,2019-07-14,32,28,多云转阴,西南风 2级
三亚,2019-07-15,33,27,晴转多云,南风 2级
三亚,2019-07-16,32,27,晴转多云,东南风 2级
三亚,2019-07-17,34,27,多云转阴,西南风 2级
三亚,2019-07-18,33,28,多云转阴,西风 2级
三亚,2019-07-19,33,28,多云,西南风 2级
三亚,2019-07-20,34,28,多云,南风 2级
三亚,2019-07-21,32,28,阴,南风 2级
三亚,2019-07-22,35,27,多云,南风 2级
三亚,2019-07-23,32,27,晴转多云,西风 2级
三亚,2019-07-24,31,26,晴转雨,西南风 2级
三亚,2019-07-25,31,27,多云,西南风 2级
三亚,2019-07-26,32,27,晴转多云,西风 2级
三亚,2019-07-27,32,25,阴转雨,西南风 2级
三亚,2019-07-28,31,26,多云转雨,西南风 2级
三亚,2019-07-29,31,26,阴,西风 2级
三亚,2019-07-30,32,25,阴,西北风 2级
三亚,2019-07-31,31,25,阴转雨,西北风 2级
三亚,2019-08-01,28,25,小雨到暴风雨,西风 4级
三亚,2019-08-02,28,26,多云转雨,西风 5级
三亚,2019-08-03,29,26,多云转雨,西风 4级
三亚,2019-08-04,30,26,阴转雨,西风 3级
三亚,2019-08-05,30,25,多云,西风 2级
三亚,2019-08-06,30,26,阴转多云,西风 2级
三亚,2019-08-07,31,26,多云,西风 2级
三亚,2019-08-08,32,27,晴转多云,西风 2级
三亚,2019-08-09,33,26,多云转雨,西风 2级
三亚,2019-08-10,34,27,晴转多云,西南风 2级
三亚,2019-08-11,33,27,多云,西风 2级
三亚,2019-08-12,34,27,多云,西风 3级
三亚,2019-08-13,33,28,多云,西风 3级
三亚,2019-08-14,32,28,多云,西风 3级
三亚,2019-08-15,32,27,多云,西风 3级
三亚,2019-08-16,32,27,多云转阴,西风 2级
三亚,2019-08-17,33,27,多云转阴,西风 2级
三亚,2019-08-18,32,27,阴,西风 3级
三亚,2019-08-19,32,27,阴,西风 3级
三亚,2019-08-20,32,26,多云转雨,西风 2级
三亚,2019-08-21,31,26,阴,西风 2级
三亚,2019-08-22,30,25,多云转雨,西风 3级
三亚,2019-08-23,30,25,多云,西风 2级
三亚,2019-08-24,31,25,多云,西南风 2级
三亚,2019-08-25,32,26,多云,西风 2级
三亚,2019-08-26,31,26,阴转雨,西风 2级
三亚,2019-08-27,32,25,晴转多云,东风 2级
三亚,2019-08-28,31,26,多云转雨,东北风 2级
三亚,2019-08-29,32,26,多云转雨,东风 3级
三亚,2019-08-30,29,26,多云转雨,东南风 3级
三亚,2019-08-31,30,26,多云转雨,东北风 2级
三亚,2019-09-01,30,25,多云转雨,西北风 2级
三亚,2019-09-02,30,26,多云转雨,东北风 3级
三亚,2019-09-03,30,26,阴转雨,东北风 3级
三亚,2019-09-04,30,26,多云转雨,东风 2级
三亚,2019-09-05,31,26,多云转雨,西风 3级
三亚,2019-09-06,31,26,多云,西风 2级
三亚,2019-09-07,32,26,多云,西风 2级
三亚,2019-09-08,33,26,多云,西风 2级
三亚,2019-09-09,31,26,阴转雨,西南风 2级
三亚,2019-09-10,33,25,多云,西风 2级
三亚,2019-09-11,33,26,多云,西风 2级
三亚,2019-09-12,32,26,多云,东北风 2级
三亚,2019-09-13,32,26,多云,东北风 2级
三亚,2019-09-14,33,26,多云,东北风 2级
三亚,2019-09-15,34,25,晴转多云,东风 2级
三亚,2019-09-16,33,25,多云,西北风 2级
三亚,2019-09-17,31,24,多云转雨,东北风 2级
三亚,2019-09-18,33,25,小雨转雨,东北风 3级
三亚,2019-09-19,32,25,多云,东风 3级
三亚,2019-09-20,32,25,多云,东风 1级
三亚,2019-09-21,30,25,晴转多云,西风 2级
三亚,2019-09-22,32,23,多云,东风 2级
三亚,2019-09-23,32,23,多云,东北风 2级
三亚,2019-09-24,30,23,多云,东北风 2级
三亚,2019-09-25,32,23,多云转晴,东北风 3级
三亚,2019-09-26,32,23,晴,东北风 2级
三亚,2019-09-27,32,23,多云,东北风 2级
三亚,2019-09-28,31,23,阴转多云,东北风 1级
三亚,2019-09-29,33,23,晴,西北风 2级
三亚,2019-09-30,33,23,晴,西风 2级
三亚,2019-10-01,32,25,晴,南风 2级
三亚,2019-10-02,32,23,多云,东南风 2级
三亚,2019-10-03,32,23,多云,东南风 2级
三亚,2019-10-04,31,24,多云,东风 2级
三亚,2019-10-05,32,24,晴,东风 2级
三亚,2019-10-06,31,24,晴转多云,东北风 2级
三亚,2019-10-07,30,24,多云,东风 2级
三亚,2019-10-08,33,24,大雨转雨,东风 3级
三亚,2019-10-09,31,24,多云,东风 3级
三亚,2019-10-10,31,24,晴,东风 3级
三亚,2019-10-11,32,24,晴转多云,东风 3级
三亚,2019-10-12,31,24,晴,东风 2级
三亚,2019-10-13,31,24,多云,东北风 3级
三亚,2019-10-14,32,24,多云,东北风 3级
三亚,2019-10-15,32,23,阴转多云,东北风 4级
三亚,2019-10-16,32,24,多云,东北风 3级
三亚,2019-10-17,31,24,多云转晴,东北风 3级
三亚,2019-10-18,31,23,晴,东北风 3级
三亚,2019-10-19,31,24,晴,东北风 3级
三亚,2019-10-20,30,24,多云,东风 3级
三亚,2019-10-21,31,24,晴转多云,东风 3级
三亚,2019-10-22,30,23,晴转多云,东风 3级
三亚,2019-10-23,30,23,多云,东风 3级
三亚,2019-10-24,30,24,多云,东风 3级
三亚,2019-10-25,31,24,多云,东北风 3级
三亚,2019-10-26,31,25,多云,东风 3级
三亚,2019-10-27,31,24,多云,东风 3级
三亚,2019-10-28,31,24,阴转多云,东北风 3级
三亚,2019-10-29,29,22,多云转阴,东北风 2级
三亚,2019-10-30,29,22,阴转雨,东北风 3级
三亚,2019-10-31,26,23,小雨到暴雨,东北风 3级
三亚,2019-11-01,27,22,多云,东北风 3级
三亚,2019-11-02,30,21,多云,东北风 3级
三亚,2019-11-03,31,23,多云,东北风 2级
三亚,2019-11-04,29,21,晴转多云,东北风 2级
三亚,2019-11-05,29,20,多云,东北风 2级
三亚,2019-11-06,29,20,多云,东北风 2级
三亚,2019-11-07,31,19,多云转阴,东北风 2级
三亚,2019-11-08,29,18,多云,东北风 2级
三亚,2019-11-09,29,19,多云转阴,东北风 2级
三亚,2019-11-10,29,20,多云,东北风 2级
三亚,2019-11-11,28,21,多云转雨,东北风 3级
三亚,2019-11-12,26,21,多云转雨,东风 3级
三亚,2019-11-13,30,20,晴,东风 3级
三亚,2019-11-14,27,19,多云,东北风 3级
三亚,2019-11-15,28,20,多云,东北风 3级
三亚,2019-11-16,30,21,多云,东风 3级
三亚,2019-11-17,29,22,晴,东风 3级
三亚,2019-11-18,28,20,多云转晴,东风 2级
三亚,2019-11-19,28,20,多云转晴,东北风 3级
三亚,2019-11-20,29,19,多云转晴,东北风 3级
三亚,2019-11-21,30,18,晴转多云,东北风 3级
三亚,2019-11-22,28,18,晴转多云,东风 3级
三亚,2019-11-23,28,19,晴,东风 3级
三亚,2019-11-24,28,19,晴,东北风 2级
三亚,2019-11-25,28,20,多云,北风 2级
三亚,2019-11-26,27,21,晴转多云,东北风 3级
三亚,2019-11-27,29,20,晴,东北风 3级
三亚,2019-11-28,28,22,多云,东北风 3级
三亚,2019-11-29,27,19,晴转多云,东北风 4级
三亚,2019-11-30,27,20,晴,东风 3级
三亚,2019-12-01,28,21,晴转多云,东北风 3级
三亚,2019-12-02,25,16,多云转晴,东北风 2级
三亚,2019-12-03,26,16,多云,东北风 2级
三亚,2019-12-04,24,15,多云,东北风 2级
三亚,2019-12-05,23,17,多云转阴,东北风 2级
三亚,2019-12-06,22,16,晴,东北风 2级
三亚,2019-12-07,23,14,晴,北风 2级
三亚,2019-12-08,26,13,晴,东北风 3级
三亚,2019-12-09,25,14,多云,东北风 2级
三亚,2019-12-10,23,16,多云转晴,北风 2级
三亚,2019-12-11,27,18,多云,东北风 2级
三亚,2019-12-12,27,19,晴,东北风 3级
三亚,2019-12-13,27,21,晴,东北风 3级
三亚,2019-12-14,27,21,多云转晴,东风 3级
三亚,2019-12-15,28,20,晴转多云,东北风 3级
三亚,2019-12-16,30,22,多云,东风 3级
三亚,2019-12-17,29,22,多云,东风 3级
三亚,2019-12-18,30,21,晴,东风 3级
三亚,2019-12-19,29,21,多云,东风 3级
三亚,2019-12-20,28,21,多云转阴,东风 3级
三亚,2019-12-21,28,21,多云,东北风 3级
三亚,2019-12-22,27,21,多云,东风 2级
三亚,2019-12-23,29,21,多云,东风 2级
三亚,2019-12-24,30,20,多云转晴,东风 3级
三亚,2019-12-25,27,20,晴,东风 3级
三亚,2019-12-26,29,17,多云,东北风 2级
三亚,2019-12-27,27,19,晴,东北风 3级
三亚,2019-12-28,27,19,多云,东北风 2级
三亚,2019-12-29,29,19,多云,东北风 1级
三亚,2019-12-30,26,21,多云,东北风 2级
三亚,2019-12-31,26,22,多云,东北风 3级
三亚,2020-01-01,27,21,多云,东北风 4级
三亚,2020-01-02,26,20,多云,东北风 3级
三亚,2020-01-03,26,20,多云,东风 3级
三亚,2020-01-04,25,21,多云,东风 3级
三亚,2020-01-05,27,20,多云,东风 3级
三亚,2020-01-06,28,21,多云,东风 3级
三亚,2020-01-07,29,21,多云转晴,东风 2级
三亚,2020-01-08,28,21,晴,东风 3级
三亚,2020-01-09,29,21,晴转多云,东风 3级
三亚,2020-01-10,27,21,多云转晴,东风 3级
三亚,2020-01-11,27,21,多云,东风 2级
三亚,2020-01-12,28,20,多云,东风 3级
三亚,2020-01-13,28,19,多云,东风 3级
三亚,2020-01-14,29,20,多云,东风 3级
三亚,2020-01-15,28,20,多云转晴,东风 3级
三亚,2020-01-16,28,19,晴,东风 2级
三亚,2020-01-17,28,19,多云,东风 2级
三亚,2020-01-18,26,20,多云,东风 3级
三亚,2020-01-19,29,20,晴转多云,东风 3级
三亚,2020-01-20,26,20,多云,东风 3级
三亚,2020-01-21,28,19,晴转多云,东风 3级
三亚,2020-01-22,28,20,多云,东风 3级
三亚,2020-01-23,28,20,多云,东风 2级
三亚,2020-01-24,29,21,多云,东风 3级
三亚,2020-01-25,27,21,多云,东风 3级
三亚,2020-01-26,24,18,多云,东北风 2级
三亚,2020-01-27,24,17,阴转雨,东北风 2级
三亚,2020-01-28,20,15,多云,东北风 2级
三亚,2020-01-29,19,16,多云,东风 2级
三亚,2020-01-30,22,16,晴转多云,东风 3级
三亚,2020-01-31,24,15,晴,东风 3级
三亚,2020-02-01,25,17,多云转晴,东风 3级
三亚,2020-02-02,25,18,晴,东风 3级
三亚,2020-02-03,28,18,晴,东风 3级
三亚,2020-02-04,28,19,多云,东风 3级
三亚,2020-02-05,25,19,多云转雨,东风 3级
三亚,2020-02-06,29,20,晴,东风 3级
三亚,2020-02-07,27,19,晴,东风 3级
三亚,2020-02-08,27,19,晴,东风 3级
三亚,2020-02-09,26,18,晴,东北风 3级
三亚,2020-02-10,25,18,多云转雨,东风 3级
三亚,2020-02-11,28,20,晴转多云,东风 3级
三亚,2020-02-12,27,19,多云,东风 2级
三亚,2020-02-13,28,21,多云,东风 2级
三亚,2020-02-14,28,22,多云,东风 2级
三亚,2020-02-15,29,23,阴转多云,东风 2级
三亚,2020-02-16,26,17,阴转雨,东风 3级
三亚,2020-02-17,23,16,多云,东北风 2级
三亚,2020-02-18,23,17,多云,东北风 3级
三亚,2020-02-19,25,19,多云转晴,东风 3级
三亚,2020-02-20,28,20,多云转晴,东风 3级
三亚,2020-02-21,27,20,晴,东北风 3级
三亚,2020-02-22,28,20,多云转晴,东北风 3级
三亚,2020-02-23,27,20,多云转晴,东北风 3级
三亚,2020-02-24,29,20,多云转晴,东风 2级
三亚,2020-02-25,30,21,多云转晴,东风 2级
三亚,2020-02-26,30,21,多云转晴,东风 2级
三亚,2020-02-27,30,21,多云,东风 3级
三亚,2020-02-28,29,21,晴转多云,东风 3级
三亚,2020-02-29,29,21,多云转晴,东风 2级
三亚,2020-03-01,27,21,晴,东南风 2级
三亚,2020-03-02,29,21,多云,东风 3级
三亚,2020-03-03,30,22,多云转晴,东风 3级
三亚,2020-03-04,27,21,多云,东风 3级
三亚,2020-03-05,28,22,多云,东风 3级
三亚,2020-03-06,28,22,晴转多云,东风 2级
三亚,2020-03-07,29,22,多云,东南风 2级
三亚,2020-03-08,30,23,多云,东南风 2级
三亚,2020-03-09,31,22,多云转晴,东风 2级
三亚,2020-03-10,30,22,多云,东风 3级
三亚,2020-03-11,30,21,多云转晴,东风 3级
三亚,2020-03-12,29,23,晴,东风 2级
三亚,2020-03-13,32,23,晴转多云,东风 2级
三亚,2020-03-14,31,23,阴转雨,东风 2级
三亚,2020-03-15,29,23,多云,东风 3级
三亚,2020-03-16,29,23,多云,东风 3级
三亚,2020-03-17,29,22,多云,东风 3级
三亚,2020-03-18,30,22,多云,东风 3级
三亚,2020-03-19,30,23,多云,东风 2级
三亚,2020-03-20,28,24,多云,东南风 2级
三亚,2020-03-21,31,23,多云,东南风 2级
三亚,2020-03-22,31,22,晴,东南风 2级
三亚,2020-03-23,32,23,多云,东风 2级
三亚,2020-03-24,30,23,多云转晴,东风 3级
三亚,2020-03-25,32,23,晴,东风 3级
三亚,2020-03-26,32,23,晴转多云,东南风 3级
三亚,2020-03-27,31,24,晴转多云,东南风 2级
三亚,2020-03-28,31,23,多云,东南风 2级
三亚,2020-03-29,33,24,多云,东南风 3级
三亚,2020-03-30,32,25,多云,东南风 3级
三亚,2020-03-31,32,24,多云,东南风 2级
三亚,2020-04-01,32,25,多云转晴,东南风 2级
三亚,2020-04-02,32,25,多云,东风 3级
三亚,2020-04-03,32,25,多云转晴,东风 3级
三亚,2020-04-04,31,24,多云转雨,东风 3级
三亚,2020-04-05,29,25,多云转雨,东风 2级
三亚,2020-04-06,30,23,多云转晴,东风 2级
三亚,2020-04-07,30,23,多云,东北风 2级
三亚,2020-04-08,28,24,多云转雨,东北风 2级
三亚,2020-04-09,30,24,阴,东风 3级
三亚,2020-04-10,31,24,多云,东风 3级
三亚,2020-04-11,31,24,多云,东风 2级
三亚,2020-04-12,28,22,多云,东北风 3级
三亚,2020-04-13,28,21,多云转阴,东北风 3级
三亚,2020-04-14,28,21,多云,东风 2级
三亚,2020-04-15,29,22,多云,东风 2级
三亚,2020-04-16,29,22,多云转阴,东风 3级
三亚,2020-04-17,32,24,多云,东风 3级
三亚,2020-04-18,27,22,多云,东风 2级
三亚,2020-04-19,29,22,多云,东南风 2级
三亚,2020-04-20,32,25,多云,东南风 2级
三亚,2020-04-21,32,25,多云,东南风 2级
三亚,2020-04-22,33,25,多云,东风 3级
三亚,2020-04-23,30,24,多云转阴,东风 3级
三亚,2020-04-24,30,21,小雨到中雨,东北风 3级
三亚,2020-04-25,27,21,多云,东北风 3级
三亚,2020-04-26,29,21,多云,东风 2级
三亚,2020-04-27,31,21,阴,东南风 2级
三亚,2020-04-28,32,21,多云,东风 2级
三亚,2020-04-29,31,22,多云,东风 2级
三亚,2020-04-30,32,23,多云,东风 3级
三亚,2020-05-01,33,23,多云转晴,东风 3级
三亚,2020-05-02,33,23,多云转晴,东南风 2级
三亚,2020-05-03,32,24,多云转晴,东南风 2级
三亚,2020-05-04,32,24,多云,东南风 2级
三亚,2020-05-05,33,25,多云,东南风 2级
三亚,2020-05-06,33,27,多云,东南风 2级
三亚,2020-05-07,34,27,晴转多云,东南风 2级
三亚,2020-05-08,34,27,晴转多云,东南风 2级
三亚,2020-05-09,34,27,晴转多云,东南风 2级
三亚,2020-05-10,33,27,晴转多云,东南风 2级
三亚,2020-05-11,33,27,多云,东南风 2级
三亚,2020-05-12,33,27,晴,东南风 2级
三亚,2020-05-13,32,25,多云转晴,东南风 2级
三亚,2020-05-14,33,27,多云转晴,东南风 2级
三亚,2020-05-15,33,27,多云,东南风 2级
三亚,2020-05-16,33,26,多云,东南风 2级
三亚,2020-05-17,34,27,多云,东南风 2级
三亚,2020-05-18,31,26,多云,南风 2级
三亚,2020-05-19,33,28,多云,西南风 2级
三亚,2020-05-20,34,26,多云,南风 2级
三亚,2020-05-21,32,26,多云转阴,西南风 2级
三亚,2020-05-22,33,26,多云,西南风 2级
三亚,2020-05-23,31,24,中雨到大雨,西风 2级
三亚,2020-05-24,31,24,多云,西风 2级
三亚,2020-05-25,32,25,多云,西南风 2级
三亚,2020-05-26,32,27,阴转多云,西风 2级
三亚,2020-05-27,33,26,多云转雨,西风 2级
三亚,2020-05-28,32,25,多云,东南风 2级
三亚,2020-05-29,31,25,多云转雨,南风 2级
三亚,2020-05-30,31,25,多云,南风 2级
三亚,2020-05-31,32,26,阴转多云,南风 2级
三亚,2020-06-01,35,26,多云,南风 2级
三亚,2020-06-02,31,26,多云,南风 3级
三亚,2020-06-03,31,26,晴,南风 3级
三亚,2020-06-04,31,26,阴,东南风 2级
三亚,2020-06-05,33,26,阴,南风 2级
三亚,2020-06-06,31,27,阴,南风 2级
三亚,2020-06-07,32,26,阴,南风 2级
三亚,2020-06-08,33,26,多云,南风 2级
三亚,2020-06-09,32,26,多云,东南风 2级
三亚,2020-06-10,33,26,多云,东南风 2级
三亚,2020-06-11,31,25,多云,东南风 2级
三亚,2020-06-12,31,26,多云,东南风 2级
三亚,2020-06-13,32,26,阴,东南风 2级
三亚,2020-06-14,32,24,阴,东风 2级
三亚,2020-06-15,30,25,阴,东南风 3级
三亚,2020-06-16,29,24,阴,南风 2级
三亚,2020-06-17,27,21,晴,南风 2级
三亚,2020-06-18,30,26,多云,南风 2级
三亚,2020-06-19,32,26,多云,东南风 2级
三亚,2020-06-20,33,27,多云,东南风 2级
三亚,2020-06-21,30,26,多云,南风 2级
三亚,2020-06-22,31,27,阴,南风 2级
三亚,2020-06-23,31,27,多云,东南风 2级
三亚,2020-06-24,34,26,多云,南风 2级
三亚,2020-06-25,31,26,阴,南风 2级
三亚,2020-06-26,33,26,晴,东南风 3级
三亚,2020-06-27,30,25,多云,东南风 2级
三亚,2020-06-28,33,26,小雨,东南风 2级
三亚,2020-06-29,30,25,多云,东南风 2级
三亚,2020-06-30,32,26,多云,西风 2级
三亚,2020-07-01,30,25,阴,西风 2级
三亚,2020-07-02,30,25,阴,南风 2级
三亚,2020-07-03,30,26,多云,东风 2级
三亚,2020-07-04,30,26,多云,东南风 2级
三亚,2020-07-05,32,26,多云,东南风 2级
三亚,2020-07-06,33,26,多云,东南风 3级
三亚,2020-07-07,32,26,多云,东南风 3级
三亚,2020-07-08,32,26,多云,南风 2级
三亚,2020-07-09,33,26,多云,南风 2级
三亚,2020-07-10,33,26,多云,南风 2级
三亚,2020-07-11,33,26,多云,东南风 2级
三亚,2020-07-12,33,27,多云,东南风 2级
三亚,2020-07-13,33,25,晴,东南风 2级
三亚,2020-07-14,30,25,多云,南风 2级
三亚,2020-07-15,33,25,多云,南风 2级
三亚,2020-07-16,34,25,多云,南风 2级
三亚,2020-07-17,33,25,多云,东南风 3级
三亚,2020-07-18,34,25,多云,南风 2级
三亚,2020-07-19,34,25,多云,东南风 2级
三亚,2020-07-20,31,25,阴,东南风 3级
三亚,2020-07-21,34,25,多云,东风 3级
三亚,2020-07-22,33,25,多云,东风 2级
三亚,2020-07-23,33,25,多云,东南风 2级
三亚,2020-07-24,34,26,多云,东南风 2级
三亚,2020-07-25,33,25,多云,东南风 2级
三亚,2020-07-26,33,25,阴,南风 2级
三亚,2020-07-27,33,26,多云,南风 2级
三亚,2020-07-28,33,26,多云,东南风 2级
三亚,2020-07-29,34,26,晴,南风 2级
三亚,2020-07-30,33,25,阴,东北风 2级
三亚,2020-07-31,32,24,阴,北风 1级
三亚,2020-08-01,29,24,阴到中雨,西南风 3级
三亚,2020-08-02,30,25,多云,南风 2级
三亚,2020-08-03,33,26,阴,东风 1级
三亚,2020-08-04,32,25,多云,西风 2级
三亚,2020-08-05,32,24,多云,东北风 2级
三亚,2020-08-06,29,25,阴,东南风 3级
三亚,2020-08-07,33,25,多云,东风 2级
三亚,2020-08-08,31,26,晴,东风 2级
三亚,2020-08-09,33,25,多云,西南风 2级
三亚,2020-08-10,34,25,晴,西风 2级
三亚,2020-08-11,33,26,多云,西南风 2级
三亚,2020-08-12,32,23,中雨,东风 2级
三亚,2020-08-13,30,25,多云,东南风 2级
三亚,2020-08-14,29,24,阴,东风 2级
三亚,2020-08-15,29,25,多云,西北风 2级
三亚,2020-08-16,29,25,阴,东风 2级
三亚,2020-08-17,30,25,多云,东风 2级
三亚,2020-08-18,30,25,多云,东风 2级
三亚,2020-08-19,30,25,阴,东风 2级
三亚,2020-08-20,31,24,晴,东北风 2级
三亚,2020-08-21,32,24,多云,东风 2级
三亚,2020-08-22,32,24,多云,东风 2级
三亚,2020-08-23,33,25,阴,西风 2级
三亚,2020-08-24,32,25,阴,西风 2级
三亚,2020-08-25,33,26,多云,西风 2级
三亚,2020-08-26,33,26,多云,西风 3级
三亚,2020-08-27,32,25,多云,西风 3级
三亚,2020-08-28,31,25,多云,西风 2级
三亚,2020-08-29,33,25,晴,西南风 2级
三亚,2020-08-30,33,25,多云,西北风 2级
三亚,2020-08-31,34,25,晴,西北风 2级
三亚,2020-09-01,32,25,多云,东北风 2级
三亚,2020-09-02,32,24,晴,西北风 2级
三亚,2020-09-03,35,26,多云,东风 2级
三亚,2020-09-04,32,26,多云,东风 2级
三亚,2020-09-05,32,26,多云,南风 2级
三亚,2020-09-06,33,25,阴,南风 2级
三亚,2020-09-07,33,26,阴,西南风 2级
三亚,2020-09-08,33,25,多云,东南风 2级
三亚,2020-09-09,32,25,多云,东南风 2级
三亚,2020-09-10,32,25,多云,东南风 2级
三亚,2020-09-11,33,25,多云,南风 2级
三亚,2020-09-12,33,25,多云,东南风 2级
三亚,2020-09-13,33,25,多云,东风 2级
三亚,2020-09-14,34,25,多云,东风 2级
三亚,2020-09-15,33,25,多云,东风 1级
三亚,2020-09-16,34,26,多云,东风 2级
三亚,2020-09-17,30,26,阴,北风 2级
三亚,2020-09-18,28,24,阴,东风 4级
三亚,2020-09-19,27,24,阴转雨,东南风 3级
三亚,2020-09-20,26,24,多云,东北风 2级
三亚,2020-09-21,33,25,晴,东风 2级
三亚,2020-09-22,33,25,晴,东风 2级
三亚,2020-09-23,30,25,多云,东风 2级
三亚,2020-09-24,30,25,多云,东风 2级
三亚,2020-09-25,30,24,阴,西风 2级
三亚,2020-09-26,34,25,阴,东风 2级
三亚,2020-09-27,33,26,阴,东风 2级
三亚,2020-09-28,31,24,阴,东北风 2级
三亚,2020-09-29,31,24,阴,东风 2级
三亚,2020-09-30,34,25,多云,东北风 1级
三亚,2020-10-01,32,26,多云,东风 2级
三亚,2020-10-02,32,26,阴,东风 2级
三亚,2020-10-03,28,25,多云,东北风 2级
三亚,2020-10-04,33,25,晴,东风 2级
三亚,2020-10-05,33,25,晴,东北风 2级
三亚,2020-10-06,32,25,阴,东北风 3级
三亚,2020-10-07,27,25,阴,东北风 3级
三亚,2020-10-08,29,24,多云,东北风 4级
三亚,2020-10-09,29,26,多云,东北风 4级
三亚,2020-10-10,32,25,多云,东北风 3级
三亚,2020-10-11,26,25,阴,东北风 3级
三亚,2020-10-12,29,25,阴,东北风 3级
三亚,2020-10-13,30,24,小雨到大雨,西北风 3级
三亚,2020-10-14,30,25,阴,南风 2级
三亚,2020-10-15,29,25,多云,东风 4级
三亚,2020-10-16,30,23,晴,东北风 3级
三亚,2020-10-17,27,25,小雨到中雨,东北风 4级
三亚,2020-10-18,25,23,阴,东风 5级
三亚,2020-10-19,26,24,阴,东北风 4级
三亚,2020-10-20,29,22,多云,东北风 3级
三亚,2020-10-21,29,21,多云,东北风 2级
三亚,2020-10-22,29,20,多云,北风 2级
三亚,2020-10-23,30,19,阴,西北风 2级
三亚,2020-10-24,26,19,阴,北风 2级
三亚,2020-10-25,28,23,阴,东风 4级
三亚,2020-10-26,25,22,多云,东北风 2级
三亚,2020-10-27,31,22,阴,东北风 2级
三亚,2020-10-28,26,24,多云,东北风 5级
三亚,2020-10-29,29,24,多云,东风 4级
三亚,2020-10-30,28,23,多云,东北风 3级
三亚,2020-10-31,29,20,晴,东北风 3级
三亚,2020-11-01,30,21,晴,东北风 2级
三亚,2020-11-02,30,21,晴,东北风 2级
三亚,2020-11-03,29,21,多云,北风 2级
三亚,2020-11-04,29,22,阴,东北风 2级
三亚,2020-11-05,25,22,阴,北风 2级
三亚,2020-11-06,29,22,晴转多云,东北风 3级
三亚,2020-11-07,31,21,晴,北风 2级
三亚,2020-11-08,30,22,晴,北风 2级
三亚,2020-11-09,29,21,阴,东北风 3级
三亚,2020-11-10,25,21,阴,东北风 3级
三亚,2020-11-11,26,22,晴,东北风 3级
三亚,2020-11-12,29,21,晴,东北风 2级
三亚,2020-11-13,29,19,多云,北风 2级
三亚,2020-11-14,27,23,阴,东北风 3级
三亚,2020-11-15,26,23,阴,东风 5级
三亚,2020-11-16,29,23,晴,东风 3级
三亚,2020-11-17,31,24,晴,东北风 2级
三亚,2020-11-18,30,23,晴,东北风 2级
三亚,2020-11-19,30,23,晴,东风 2级
三亚,2020-11-20,31,24,晴,东风 2级
三亚,2020-11-21,30,23,晴,东风 2级
三亚,2020-11-22,30,24,多云转晴,东北风 2级
三亚,2020-11-23,30,24,多云,东北风 3级
三亚,2020-11-24,29,23,多云,东北风 3级
三亚,2020-11-25,30,23,晴,东北风 3级
三亚,2020-11-26,28,22,晴,东北风 3级
三亚,2020-11-27,29,22,多云,东北风 3级
三亚,2020-11-28,26,21,多云,东北风 3级
三亚,2020-11-29,26,21,多云,东北风 3级
三亚,2020-11-30,27,21,多云,东北风 3级
三亚,2020-12-01,26,20,晴,东北风 3级
三亚,2020-12-02,27,20,多云,东北风 3级
三亚,2020-12-03,27,16,晴,东北风 3级
三亚,2020-12-04,27,17,晴,东北风 2级
三亚,2020-12-05,26,19,多云,东北风 2级
三亚,2020-12-06,24,20,多云,北风 2级
三亚,2020-12-07,28,19,晴,东北风 2级
三亚,2020-12-08,27,20,多云,东北风 2级
三亚,2020-12-09,27,19,多云,东北风 2级
三亚,2020-12-10,27,21,多云,北风 1级
三亚,2020-12-11,28,22,晴,东北风 1级
三亚,2020-12-12,26,21,晴,东风 2级
三亚,2020-12-13,29,22,多云,东风 3级
三亚,2020-12-14,29,22,多云,东风 3级
三亚,2020-12-15,26,21,多云,东北风 3级
三亚,2020-12-16,26,19,多云,东北风 3级
三亚,2020-12-17,26,20,多云,东北风 2级
三亚,2020-12-18,26,19,多云,东北风 2级
三亚,2020-12-19,26,18,多云,东北风 2级
三亚,2020-12-20,23,18,多云,东北风 2级
三亚,2020-12-21,24,19,多云,北风 2级
三亚,2020-12-22,25,21,多云,北风 1级
三亚,2020-12-23,25,21,多云,西风 1级
三亚,2020-12-24,26,20,多云,东风 1级
三亚,2020-12-25,26,20,多云,东风 3级
三亚,2020-12-26,26,19,晴,东风 3级
三亚,2020-12-27,26,20,多云,东风 3级
三亚,2020-12-28,29,20,晴,东风 2级
三亚,2020-12-29,31,20,晴,东风 2级
三亚,2020-12-30,26,15,多云,东北风 3级
三亚,2020-12-31,20,14,多云,东北风 3级
三亚,2021-01-01,22,14,晴,东北风 2级
三亚,2021-01-02,25,18,晴,东北风 2级
三亚,2021-01-03,23,19,多云,东北风 2级
三亚,2021-01-04,25,20,多云,东北风 2级
三亚,2021-01-05,25,19,多云,东北风 2级
三亚,2021-01-06,25,19,多云,东风 3级
三亚,2021-01-07,24,17,阴,东北风 3级
三亚,2021-01-08,22,13,多云,东北风 3级
三亚,2021-01-09,19,15,多云,东北风 2级
三亚,2021-01-10,25,16,多云,东北风 2级
三亚,2021-01-11,20,13,阴,东北风 2级
三亚,2021-01-12,20,11,多云,北风 2级
三亚,2021-01-13,22,14,晴,东北风 2级
三亚,2021-01-14,25,14,晴,东北风 2级
三亚,2021-01-15,25,16,晴,东北风 2级
三亚,2021-01-16,28,19,阴,东风 2级
三亚,2021-01-17,27,14,晴,东北风 3级
三亚,2021-01-18,23,14,晴,东北风 2级
三亚,2021-01-19,24,17,晴,东北风 2级
三亚,2021-01-20,26,20,多云,西风 2级
三亚,2021-01-21,27,19,晴,西北风 2级
三亚,2021-01-22,27,19,晴,西风 2级
三亚,2021-01-23,26,18,多云,南风 2级
三亚,2021-01-24,27,19,晴,东风 2级
三亚,2021-01-25,27,19,晴,东风 3级
三亚,2021-01-26,29,18,晴,东北风 2级
三亚,2021-01-27,27,19,晴,东风 3级
三亚,2021-01-28,27,18,晴,东北风 2级
三亚,2021-01-29,25,19,多云,东风 3级
三亚,2021-01-30,26,19,晴,东北风 3级
三亚,2021-01-31,26,20,晴,东风 3级
三亚,2021-02-01,28,18,晴,东北风 2级
三亚,2021-02-02,28,19,晴,东风 2级
三亚,2021-02-03,27,20,晴,东风 3级
三亚,2021-02-04,27,19,晴,东风 3级
三亚,2021-02-05,28,18,晴,东风 3级
三亚,2021-02-06,28,20,多云,东风 2级
三亚,2021-02-07,29,20,晴,东风 3级
三亚,2021-02-08,27,20,多云,东风 2级
三亚,2021-02-09,26,19,阴,东风 3级
三亚,2021-02-10,25,16,晴,东北风 2级
三亚,2021-02-11,25,15,多云,西风 2级
三亚,2021-02-12,25,16,多云,东风 2级
三亚,2021-02-13,26,16,多云,东风 2级
三亚,2021-02-14,25,16,多云,西风 2级
三亚,2021-02-15,27,17,晴,东风 2级
三亚,2021-02-16,27,17,多云,东风 2级
三亚,2021-02-17,27,18,晴,东风 2级
三亚,2021-02-18,27,17,晴,东北风 3级
三亚,2021-02-19,26,18,多云,东北风 3级
三亚,2021-02-20,27,17,晴,东风 2级
三亚,2021-02-21,26,18,晴,东风 2级
三亚,2021-02-22,27,17,晴,东风 2级
三亚,2021-02-23,26,20,晴,东南风 2级
三亚,2021-02-24,29,21,多云,东风 2级
三亚,2021-02-25,29,21,多云,东风 2级
三亚,2021-02-26,29,21,晴,东风 2级
三亚,2021-02-27,30,22,多云,东风 3级
三亚,2021-02-28,28,22,多云,东风 3级
三亚,2021-03-01,29,23,晴,东风 2级
三亚,2021-03-02,28,22,晴,东风 3级
三亚,2021-03-03,27,22,多云,东风 3级
三亚,2021-03-04,29,23,晴,东风 2级
三亚,2021-03-05,30,23,晴,东风 2级
三亚,2021-03-06,28,23,多云,东风 2级
三亚,2021-03-07,31,23,晴,东风 2级
三亚,2021-03-08,30,23,多云,东风 3级
三亚,2021-03-09,29,23,多云,东风 3级
三亚,2021-03-10,29,23,多云,东风 3级
三亚,2021-03-11,29,23,晴,东风 3级
三亚,2021-03-12,30,23,晴,东风 3级
三亚,2021-03-13,29,22,晴,东风 2级
三亚,2021-03-14,29,22,晴,东风 3级
三亚,2021-03-15,29,23,晴,东风 3级
三亚,2021-03-16,29,22,多云,东风 3级
三亚,2021-03-17,30,23,多云,东风 3级
三亚,2021-03-18,32,24,多云,东风 2级
三亚,2021-03-19,32,23,晴,东风 3级
三亚,2021-03-20,31,24,多云,东风 3级
三亚,2021-03-21,30,22,多云,东风 3级
三亚,2021-03-22,28,21,多云,东北风 3级
三亚,2021-03-23,27,21,晴,东北风 2级
三亚,2021-03-24,30,22,晴,东风 2级
三亚,2021-03-25,30,23,晴,东风 3级
三亚,2021-03-26,29,23,晴,东风 3级
三亚,2021-03-27,31,23,晴,东风 3级
三亚,2021-03-28,30,24,晴,东南风 2级
三亚,2021-03-29,30,24,晴,东南风 2级
三亚,2021-03-30,31,24,晴,东风 2级
三亚,2021-03-31,31,23,晴,东风 2级
三亚,2021-04-01,31,24,晴,东风 3级
三亚,2021-04-02,31,24,多云,东南风 3级
三亚,2021-04-03,33,24,多云,东风 3级
三亚,2021-04-04,32,24,晴,东风 3级
三亚,2021-04-05,32,24,晴,东风 3级
三亚,2021-04-06,30,24,晴,东风 3级
三亚,2021-04-07,31,24,晴,东风 3级
三亚,2021-04-08,32,24,晴,东风 3级
三亚,2021-04-09,31,23,晴,东风 3级
三亚,2021-04-10,30,24,晴,东风 3级
三亚,2021-04-11,31,23,多云,东风 3级
三亚,2021-04-12,25,23,多云,东风 3级
三亚,2021-04-13,32,24,小雨,东风 3级
三亚,2021-04-14,28,24,晴,东南风 3级
三亚,2021-04-15,32,24,晴,东南风 3级
三亚,2021-04-16,30,24,晴,东风 3级
三亚,2021-04-17,33,24,多云,东南风 2级
三亚,2021-04-18,30,24,多云,东风 3级
三亚,2021-04-19,32,24,晴,东南风 3级
三亚,2021-04-20,32,25,多云,东南风 3级
三亚,2021-04-21,32,25,多云,东风 3级
三亚,2021-04-22,33,25,多云,东南风 2级
三亚,2021-04-23,31,23,晴,东南风 2级
三亚,2021-04-24,30,25,晴,东南风 3级
三亚,2021-04-25,33,25,阴,东南风 3级
三亚,2021-04-26,32,25,阴,东南风 3级
三亚,2021-04-27,31,25,阴,东南风 2级
三亚,2021-04-28,33,24,多云,东风 2级
三亚,2021-04-29,31,23,多云,东风 2级
三亚,2021-04-30,32,23,晴,东风 2级
三亚,2021-05-01,32,25,多云,东南风 2级
三亚,2021-05-02,32,26,阴,东南风 2级
三亚,2021-05-03,31,26,晴,东南风 3级
三亚,2021-05-04,32,26,晴,东南风 2级
三亚,2021-05-05,34,24,多云,东南风 3级
三亚,2021-05-06,33,24,多云,东风 2级
三亚,2021-05-07,33,24,多云,东风 3级
三亚,2021-05-08,32,26,晴,东南风 2级
三亚,2021-05-09,33,27,晴,东南风 2级
三亚,2021-05-10,31,26,晴,东南风 3级
三亚,2021-05-11,33,26,晴,东南风 2级
三亚,2021-05-12,33,26,晴,东南风 2级
三亚,2021-05-13,33,27,晴,东南风 3级
三亚,2021-05-14,33,27,多云,东南风 2级
三亚,2021-05-15,32,27,晴,东南风 3级
三亚,2021-05-16,33,27,晴,东南风 3级
三亚,2021-05-17,32,27,多云,东南风 3级
三亚,2021-05-18,33,27,多云,东南风 3级
三亚,2021-05-19,32,28,多云,南风 3级
三亚,2021-05-20,32,28,阴,东南风 3级
三亚,2021-05-21,33,28,晴,东南风 2级
三亚,2021-05-22,34,28,多云,东南风 2级
三亚,2021-05-23,36,27,阴,东南风 3级
三亚,2021-05-24,33,26,阴到小雨,东风 3级
三亚,2021-05-25,32,27,小雨到中雨,东风 3级
三亚,2021-05-26,33,27,多云,东南风 3级
三亚,2021-05-27,32,27,小雨,东风 2级
三亚,2021-05-28,33,25,阴,东南风 3级
三亚,2021-05-29,32,28,多云,南风 2级
三亚,2021-05-30,33,28,多云,南风 2级
三亚,2021-05-31,34,28,多云,西南风 2级
三亚,2021-06-01,33,28,阴,南风 2级
三亚,2021-06-02,35,28,晴,东南风 2级
三亚,2021-06-03,34,27,阴,东南风 2级
三亚,2021-06-04,34,28,阴,西风 2级
三亚,2021-06-05,34,26,阴,西风 2级
三亚,2021-06-06,33,27,晴,西风 2级
三亚,2021-06-07,33,26,阴,南风 2级
三亚,2021-06-08,31,26,阴,西南风 2级
三亚,2021-06-09,33,25,晴,东南风 2级
三亚,2021-06-10,32,26,阴,西风 2级
三亚,2021-06-11,32,25,小雨,西北风 2级
三亚,2021-06-12,29,26,阴,西南风 3级
三亚,2021-06-13,33,25,多云,南风 2级
三亚,2021-06-14,33,27,阴,西风 2级
三亚,2021-06-15,32,26,晴,南风 2级
三亚,2021-06-16,33,25,晴,西南风 2级
三亚,2021-06-17,33,26,晴,南风 2级
三亚,2021-06-18,33,26,晴,西南风 2级
三亚,2021-06-19,33,27,晴,西南风 2级
三亚,2021-06-20,34,27,多云,西南风 3级
三亚,2021-06-21,23,20,阴,东北风 2级
三亚,2021-06-22,34,28,阴,西风 2级
三亚,2021-06-23,29,21,阴,东北风 2级
三亚,2021-06-24,33,26,阴,西南风 2级
三亚,2021-06-25,33,26,多云,南风 2级
三亚,2021-06-26,35,27,多云,东南风 1级
三亚,2021-06-27,34,28,阴,南风 2级
三亚,2021-06-28,34,26,阴,西南风 3级
三亚,2021-06-29,35,28,阴,南风 2级
三亚,2021-06-30,35,28,多云,南风 2级
三亚,2021-07-01,35,29,多云,东南风 2级
三亚,2021-07-02,36,28,阴,南风 3级
三亚,2021-07-03,36,28,晴,南风 2级
三亚,2021-07-04,35,27,晴,东南风 2级
三亚,2021-07-05,36,27,多云,东风 2级
三亚,2021-07-06,30,25,多云,东北风 2级
三亚,2021-07-07,27,25,多云,西南风 3级
三亚,2021-07-08,32,28,阴,东南风 3级
三亚,2021-07-09,32,26,多云,东南风 3级
三亚,2021-07-10,34,26,晴,东风 2级
三亚,2021-07-11,34,27,多云,东风 2级
三亚,2021-07-12,33,26,多云,东南风 3级
三亚,2021-07-13,34,26,多云,东南风 2级
三亚,2021-07-14,33,26,多云,东南风 2级
三亚,2021-07-15,33,26,多云,东南风 2级
三亚,2021-07-16,32,26,多云,南风 2级
三亚,2021-07-17,33,27,阴,西风 2级
三亚,2021-07-18,33,26,多云,西南风 2级
三亚,2021-07-19,33,26,多云,西风 3级
三亚,2021-07-20,33,24,多云,东北风 3级
三亚,2021-07-21,30,26,阴,西风 4级
三亚,2021-07-22,30,26,阴,西风 3级
三亚,2021-07-23,28,25,小雨,北风 3级
三亚,2021-07-24,33,24,阴,西北风 4级
三亚,2021-07-25,29,26,多云,西风 3级
三亚,2021-07-26,31,27,多云,西风 4级
三亚,2021-07-27,32,28,多云,西风 3级
三亚,2021-07-28,36,25,多云,西风 3级
三亚,2021-07-29,34,25,多云,南风 2级
三亚,2021-07-30,34,25,多云,西风 3级
三亚,2021-07-31,33,28,多云,西风 3级
三亚,2021-08-01,32,27,多云,西风 3级
三亚,2021-08-02,32,26,阴,西风 4级
三亚,2021-08-03,32,27,阴,西风 4级
三亚,2021-08-04,33,27,小雨,北风 3级
三亚,2021-08-05,31,28,阴,西风 4级
三亚,2021-08-06,33,28,多云,西风 3级
三亚,2021-08-07,34,30,多云,西风 3级
三亚,2021-08-08,34,28,多云,西南风 2级
三亚,2021-08-09,36,28,阴,西南风 1级
三亚,2021-08-10,35,27,多云,东南风 2级
三亚,2021-08-11,35,27,多云,东南风 2级
三亚,2021-08-12,35,27,多云,南风 2级
三亚,2021-08-13,33,27,多云,东南风 2级
三亚,2021-08-14,35,27,多云,南风 2级
三亚,2021-08-15,33,26,多云,南风 2级
三亚,2021-08-16,34,26,阴,南风 2级
三亚,2021-08-17,34,27,多云,南风 2级
三亚,2021-08-18,34,28,多云,南风 2级
三亚,2021-08-19,34,27,阴,东南风 2级
三亚,2021-08-20,34,27,多云,东南风 2级
三亚,2021-08-21,34,26,多云,东南风 2级
三亚,2021-08-22,34,26,多云,东南风 2级
三亚,2021-08-23,34,27,多云,东南风 2级
三亚,2021-08-24,34,26,多云,东南风 2级
三亚,2021-08-25,34,26,多云,东南风 3级
三亚,2021-08-26,32,23,多云,南风 2级
三亚,2021-08-27,33,23,晴,南风 2级
三亚,2021-08-28,35,26,多云,东风 3级
三亚,2021-08-29,33,23,多云,东南风 2级
三亚,2021-08-30,34,25,多云,东风 2级
三亚,2021-08-31,33,25,多云,东风 2级
三亚,2021-09-01,32,25,多云,西风 2级
三亚,2021-09-02,30,25,阴,东南风 1级
三亚,2021-09-03,31,25,多云,北风 0级
三亚,2021-09-04,33,26,多云,东风 2级
三亚,2021-09-05,33,26,多云,东北风 1级
三亚,2021-09-06,33,25,多云,北风 0级
三亚,2021-09-07,29,25,多云,东北风 1级
三亚,2021-09-08,33,25,晴,东风 2级
三亚,2021-09-09,33,25,阴,东北风 1级
三亚,2021-09-10,29,25,小雨,东北风 0级
三亚,2021-09-11,31,24,阴,北风 1级
三亚,2021-09-12,32,26,多云,东风 1级
三亚,2021-09-13,32,26,阴,东风 2级
三亚,2021-09-14,32,26,阴,东南风 1级
三亚,2021-09-15,32,26,多云,东北风 1级
三亚,2021-09-16,33,22,多云,南风 1级
三亚,2021-09-17,34,26,多云,东风 1级
三亚,2021-09-18,33,25,晴,北风 0级
三亚,2021-09-19,34,26,晴,北风 1级
三亚,2021-09-20,33,26,小雨,东风 1级
三亚,2021-09-21,33,26,小雨到中雨,东风 1级
三亚,2021-09-22,32,25,多云,北风 0级
三亚,2021-09-23,28,26,小雨到中雨,东风 3级
三亚,2021-09-24,29,23,小雨到中雨,东风 2级
三亚,2021-09-25,29,20,多云,西南风 1级
三亚,2021-09-26,30,25,晴,东风 1级
三亚,2021-09-27,33,25,晴,东北风 1级
三亚,2021-09-28,34,23,阴,北风 0级
三亚,2021-09-29,32,22,多云,东南风 1级
三亚,2021-09-30,33,26,晴,西北风 1级
三亚,2021-10-01,33,24,晴,东南风 0级
三亚,2021-10-02,32,23,多云,东北风 1级
三亚,2021-10-03,34,24,小雨,东北风 2级
三亚,2021-10-04,32,25,多云,东北风 2级
三亚,2021-10-05,28,25,多云,东风 2级
三亚,2021-10-06,31,25,小雨,西北风 1级
三亚,2021-10-07,31,25,多云,北风 2级
三亚,2021-10-08,27,25,小雨,西北风 2级
三亚,2021-10-09,30,24,多云,西风 2级
三亚,2021-10-10,28,25,晴,东北风 0级
三亚,2021-10-11,32,25,多云,北风 0级
三亚,2021-10-12,27,22,多云,北风 4级
三亚,2021-10-13,24,22,多云,东南风 2级
三亚,2021-10-14,31,24,多云,北风 1级
三亚,2021-10-15,28,21,晴,北风 1级
三亚,2021-10-16,29,14,多云,东北风 2级
三亚,2021-10-17,23,22,风,东北风 3级
三亚,2021-10-18,26,23,多云,东风 2级
三亚,2021-10-19,26,24,暴雨,东南风 1级
三亚,2021-10-20,14,13,小雨,西北风 2级
三亚,2021-10-21,33,25,多云,东北风 1级
三亚,2021-10-22,29,22,晴,东北风 2级
三亚,2021-10-23,30,22,多云,东南风 1级
三亚,2021-10-24,29,22,多云,东北风 2级
三亚,2021-10-25,30,23,晴,西风 1级
三亚,2021-10-26,31,24,多云,东北风 2级
三亚,2021-10-27,30,23,阴,东北风 1级
三亚,2021-10-28,27,24,多云,南风 1级
三亚,2021-10-29,27,24,阴,东北风 2级
三亚,2021-10-30,27,24,小雨,东北风 2级
三亚,2021-10-31,28,25,小雨,东北风 2级
三亚,2021-11-01,30,24,小雨,东风 2级
三亚,2021-11-02,31,23,小雨,北风 1级
三亚,2021-11-03,30,24,小雨,东北风 1级
三亚,2021-11-04,31,24,阴,北风 1级
三亚,2021-11-05,22,18,阴,北风 1级
三亚,2021-11-06,31,23,多云,南风 2级
三亚,2021-11-07,31,22,晴,东北风 3级
三亚,2021-11-08,31,18,晴,东风 2级
三亚,2021-11-09,17,6,多云,西风 1级
三亚,2021-11-10,22,16,晴,东北风 2级
三亚,2021-11-11,29,22,小雨,东北风 2级
三亚,2021-11-12,30,21,小雨,东北风 1级
三亚,2021-11-13,29,22,多云,东风 2级
三亚,2021-11-14,29,22,多云,东风 2级
三亚,2021-11-15,28,22,晴,东北风 2级
三亚,2021-11-16,30,24,多云,东风 2级
三亚,2021-11-17,25,18,阴到小雨,东北风 3级
三亚,2021-11-18,31,22,多云,东北风 2级
三亚,2021-11-19,30,19,多云,西北风 0级
三亚,2021-11-20,31,23,多云,西北风 1级
三亚,2021-11-21,31,22,多云,北风 1级
三亚,2021-11-22,32,20,多云,东风 2级
三亚,2021-11-23,19,17,小雨,东北风 2级
三亚,2021-11-24,29,20,晴,东北风 2级
三亚,2021-11-25,19,7,多云,西北风 2级
三亚,2021-11-26,28,21,多云,北风 1级
三亚,2021-11-27,28,20,多云,东北风 1级
三亚,2021-11-28,28,22,多云,东风 2级
三亚,2021-11-29,30,20,多云,南风 1级
三亚,2021-11-30,29,18,多云,东风 1级
三亚,2021-12-01,26,18,多云,东北风 1级
三亚,2021-12-02,26,17,多云,东北风 1级
三亚,2021-12-03,28,16,多云,东北风 2级
三亚,2021-12-04,28,19,多云,东北风 2级
三亚,2021-12-05,27,19,多云,北风 2级
三亚,2021-12-06,27,18,多云,东北风 1级
三亚,2021-12-07,28,21,多云,北风 0级
三亚,2021-12-08,25,21,多云,东风 3级
三亚,2021-12-09,27,19,晴,东北风 1级
三亚,2021-12-10,27,19,晴,北风 1级
三亚,2021-12-11,20,10,晴,西北风 1级
三亚,2021-12-12,29,19,晴,东风 2级
三亚,2021-12-13,28,18,多云,东北风 1级
三亚,2021-12-14,27,19,多云,北风 1级
三亚,2021-12-15,18,13,小雨,北风 0级
三亚,2021-12-16,31,21,多云,北风 0级
三亚,2021-12-17,16,3,多云,北风 2级
三亚,2021-12-18,25,17,多云,北风 3级
三亚,2021-12-19,23,17,多云,西北风 1级
三亚,2021-12-20,24,18,多云,东北风 1级
三亚,2021-12-21,22,19,小雨,东风 2级
三亚,2021-12-22,28,20,多云,北风 1级
三亚,2021-12-23,28,20,多云,东北风 2级
三亚,2021-12-24,26,21,多云,北风 2级
三亚,2021-12-25,23,21,小雨,东北风 2级
三亚,2021-12-26,25,17,多云,东风 3级
三亚,2021-12-27,24,19,多云,东北风 2级
三亚,2021-12-28,27,20,多云,南风 2级
三亚,2021-12-29,27,20,多云,北风 2级
三亚,2021-12-30,26,20,晴,北风 1级
三亚,2021-12-31,10,0,晴,东风 2级
三亚,2022-01-01,27,21,多云,东北风 2级
三亚,2022-01-02,27,20,晴,东风 1级
三亚,2022-01-03,26,21,多云,东风 1级
三亚,2022-01-04,17,10,多云,北风 2级
三亚,2022-01-05,22,17,晴,西南风 5级
三亚,2022-01-06,28,20,多云,北风 2级
三亚,2022-01-07,28,20,多云,东北风 2级
三亚,2022-01-08,27,20,多云,北风 1级
三亚,2022-01-09,27,21,阴,北风 2级
三亚,2022-01-10,29,20,晴,东风 2级
三亚,2022-01-11,27,20,多云,东北风 1级
三亚,2022-01-12,26,19,多云,北风 2级
三亚,2022-01-13,28,20,多云,北风 2级
三亚,2022-01-14,26,21,阴,东北风 1级
三亚,2022-01-15,27,21,阴,东风 2级
三亚,2022-01-16,28,21,晴,北风 2级
三亚,2022-01-17,29,21,晴,东北风 2级
三亚,2022-01-18,27,20,多云,东风 2级
三亚,2022-01-19,27,17,多云,东北风 2级
三亚,2022-01-20,27,20,晴,东风 2级
三亚,2022-01-21,26,21,多云,东北风 2级
三亚,2022-01-22,30,21,多云,东北风 2级
三亚,2022-01-23,13,9,多云,东北风 1级
三亚,2022-01-24,27,21,多云,东北风 2级
三亚,2022-01-25,27,20,晴,东北风 1级
三亚,2022-01-26,30,22,晴,东北风 1级
三亚,2022-01-27,28,22,晴,东北风 1级
三亚,2022-01-28,28,21,晴,东北风 1级
三亚,2022-01-29,27,20,多云,东北风 1级
三亚,2022-01-30,23,20,多云,东北风 3级
三亚,2022-01-31,7,3,多云,北风 2级
三亚,2022-02-01,26,20,阴,东风 1级
三亚,2022-02-02,28,19,多云,东北风 1级
三亚,2022-02-03,25,20,雾,东北风 1级
三亚,2022-02-04,25,18,多云,东风 1级
三亚,2022-02-05,25,18,多云,东北风 1级
三亚,2022-02-06,26,20,多云,东北风 2级
三亚,2022-02-07,30,21,雾,东北风 1级
三亚,2022-02-08,28,22,雾,东北风 2级
三亚,2022-02-09,27,20,小雨,东北风 1级
三亚,2022-02-10,29,22,雾,东北风 2级
三亚,2022-02-11,29,20,雾,东风 2级
三亚,2022-02-12,28,21,雾,东风 2级
三亚,2022-02-13,28,22,多云,东北风 2级
三亚,2022-02-14,24,21,小雨,东风 1级
三亚,2022-02-15,25,20,多云,东北风 2级
三亚,2022-02-16,27,22,多云,东风 2级
三亚,2022-02-17,27,22,雾,东北风 2级
三亚,2022-02-18,30,23,多云,东风 2级
三亚,2022-02-19,30,17,多云,东北风 2级
三亚,2022-02-20,18,14,多云,东北风 3级
三亚,2022-02-21,19,16,多云,东北风 1级
三亚,2022-02-22,23,16,阴,东北风 1级
三亚,2022-02-23,22,17,阴,北风 1级
三亚,2022-02-24,23,16,阴,东北风 1级
三亚,2022-02-25,25,18,多云,东北风 1级
三亚,2022-02-26,26,19,阴,东北风 1级
三亚,2022-02-27,28,19,多云,东北风 1级
三亚,2022-02-28,29,20,多云,东北风 1级
三亚,2022-03-01,15,10,阴,东南风 1级
三亚,2022-03-02,30,21,多云,东风 2级
三亚,2022-03-03,28,22,晴,东北风 2级
三亚,2022-03-04,28,22,多云,东北风 2级
三亚,2022-03-05,31,21,晴,东风 2级
三亚,2022-03-06,28,22,多云,东风 1级
三亚,2022-03-07,22,17,多云,东风 2级
三亚,2022-03-08,27,18,多云,东北风 2级
三亚,2022-03-09,29,20,多云,东北风 1级
三亚,2022-03-10,28,21,多云,东北风 1级
三亚,2022-03-11,28,21,多云,东北风 1级
三亚,2022-03-12,22,14,多云,西风 1级
三亚,2022-03-13,28,20,晴,东北风 1级
三亚,2022-03-14,29,20,多云,东北风 1级
三亚,2022-03-15,31,21,阴,东风 2级
三亚,2022-03-16,30,20,晴,东风 2级
三亚,2022-03-17,29,22,多云,东北风 1级
三亚,2022-03-18,35,26,阴到小雨,西风 3级
三亚,2022-03-19,30,23,阴,东风 1级
三亚,2022-03-20,30,22,阴,东风 1级
三亚,2022-03-21,32,23,阴,东风 2级
三亚,2022-03-22,11,7,小雨到中雨,东风 1级
三亚,2022-03-23,30,25,晴,东风 2级
三亚,2022-03-24,31,23,晴,东风 1级
三亚,2022-03-25,31,23,晴,南风 2级
三亚,2022-03-26,31,24,晴,南风 1级
三亚,2022-03-27,16,9,小雨,东北风 2级
三亚,2022-03-28,27,21,多云,东北风 2级
三亚,2022-03-29,29,21,晴,东北风 2级
三亚,2022-03-30,30,22,晴,东北风 2级
三亚,2022-03-31,28,23,多云,北风 2级
三亚,2022-04-01,28,21,小雨到中雨,东北风 2级
三亚,2022-04-02,21,15,多云,东北风 1级
三亚,2022-04-03,25,16,多云,东北风 2级
三亚,2022-04-04,28,19,多云,东北风 2级
三亚,2022-04-05,28,20,多云,东风 1级
三亚,2022-04-06,30,20,多云,东北风 1级
三亚,2022-04-07,29,20,多云,东风 1级
三亚,2022-04-08,29,19,晴,东北风 3级
三亚,2022-04-09,29,19,多云,东北风 1级
三亚,2022-04-10,31,22,晴,东北风 1级
三亚,2022-04-11,31,23,晴,东北风 1级
三亚,2022-04-12,32,21,晴,东风 1级
三亚,2022-04-13,24,17,多云,北风 2级
三亚,2022-04-14,31,22,晴,东风 1级
三亚,2022-04-15,31,26,晴,东风 2级
三亚,2022-04-16,32,25,晴,东北风 1级
三亚,2022-04-17,16,11,多云,东风 1级
三亚,2022-04-18,31,24,多云,东北风 1级
三亚,2022-04-19,32,23,多云,东北风 1级
三亚,2022-04-20,30,20,多云,东风 1级
三亚,2022-04-21,31,23,晴,东北风 1级
三亚,2022-04-22,32,22,多云,南风 2级
三亚,2022-04-23,27,18,多云,东北风 2级
三亚,2022-04-24,33,24,多云,东风 2级
三亚,2022-04-25,32,24,晴,东风 1级
三亚,2022-04-26,33,23,晴,东风 1级
三亚,2022-04-27,32,24,多云,东风 2级
三亚,2022-04-28,33,25,多云,东北风 2级
三亚,2022-04-29,32,25,多云,东北风 2级
三亚,2022-04-30,29,24,阴,东北风 1级
三亚,2022-05-01,29,22,小雨到中雨,东北风 2级
三亚,2022-05-02,20,12,阴,北风 1级
三亚,2022-05-03,27,19,多云,东北风 2级
三亚,2022-05-04,28,20,多云,西北风 1级
三亚,2022-05-05,24,18,多云,东北风 1级
三亚,2022-05-06,30,23,阴,东北风 2级
三亚,2022-05-07,30,23,多云,东北风 2级
三亚,2022-05-08,29,24,阴,东北风 1级
三亚,2022-05-09,31,23,多云,东北风 1级
三亚,2022-05-10,32,25,阴,南风 2级
三亚,2022-05-11,32,24,多云,东南风 2级
三亚,2022-05-12,32,24,多云,东南风 1级
三亚,2022-05-13,31,25,多云,西南风 2级
三亚,2022-05-14,32,25,多云,东南风 1级
三亚,2022-05-15,32,24,小雨,北风 1级
三亚,2022-05-16,30,23,多云,东北风 2级
三亚,2022-05-17,29,20,多云,东北风 1级
三亚,2022-05-18,31,21,多云,东北风 1级
三亚,2022-05-19,30,24,多云,东北风 1级
三亚,2022-05-20,31,23,阴,东北风 2级
三亚,2022-05-21,33,25,阴,东北风 1级
三亚,2022-05-22,31,23,多云,东风 2级
三亚,2022-05-23,31,24,阴,东北风 1级
三亚,2022-05-24,31,24,阴,东北风 1级
三亚,2022-05-25,32,25,阴,西风 1级
三亚,2022-05-26,31,24,多云,东南风 2级
三亚,2022-05-27,33,26,多云,东南风 1级
三亚,2022-05-28,32,25,晴,东风 2级
三亚,2022-05-29,32,24,晴,东北风 1级
三亚,2022-05-30,32,25,多云,东北风 1级
三亚,2022-05-31,20,11,多云,西南风 1级
三亚,2022-06-01,33,26,多云,东南风 2级
三亚,2022-06-02,32,25,多云,东南风 3级
三亚,2022-06-03,32,25,多云,南风 3级
三亚,2022-06-04,33,26,多云,南风 1级
三亚,2022-06-05,33,27,多云,南风 1级
三亚,2022-06-06,32,26,多云,西南风 1级
三亚,2022-06-07,32,26,多云,西风 1级
三亚,2022-06-08,33,24,多云,西北风 1级
三亚,2022-06-09,32,26,多云,东风 1级
三亚,2022-06-10,31,24,多云,南风 1级
三亚,2022-06-11,34,26,多云,西南风 2级
三亚,2022-06-12,31,26,多云,东南风 2级
三亚,2022-06-13,32,26,多云,东风 1级
三亚,2022-06-14,24,18,多云,南风 1级
三亚,2022-06-15,31,27,多云,东南风 2级
三亚,2022-06-16,32,25,多云,东风 2级
三亚,2022-06-17,31,25,多云,南风 1级
三亚,2022-06-18,33,26,多云,东南风 1级
三亚,2022-06-19,34,26,多云,东南风 1级
三亚,2022-06-20,33,26,多云,东南风 1级
三亚,2022-06-21,33,26,多云,东南风 2级
三亚,2022-06-22,33,26,多云,南风 2级
三亚,2022-06-23,32,26,晴,东风 2级
三亚,2022-06-24,33,26,多云,东风 2级
三亚,2022-06-25,34,25,阴到小雨,南风 3级
三亚,2022-06-26,33,25,多云,东南风 1级
三亚,2022-06-27,32,26,多云,东南风 1级
三亚,2022-06-28,34,26,晴,西北风 1级
三亚,2022-06-29,33,25,多云,东北风 3级
三亚,2022-06-30,28,23,多云,东风 1级
三亚,2022-07-01,28,24,中雨到大雨,西风 2级
三亚,2022-07-02,29,22,多云,西风 1级
三亚,2022-07-03,32,24,多云,西南风 2级
三亚,2022-07-04,32,26,多云,东风 1级
三亚,2022-07-05,33,26,多云,西南风 1级
三亚,2022-07-06,32,26,多云,东风 1级
三亚,2022-07-07,33,26,多云,东风 2级
三亚,2022-07-08,32,25,多云,东北风 2级
三亚,2022-07-09,31,24,多云,东风 2级
三亚,2022-07-10,31,25,小雨,东北风 3级
三亚,2022-07-11,34,24,多云,东风 2级
三亚,2022-07-12,33,24,多云,东风 2级
三亚,2022-07-13,31,25,多云,东北风 2级
三亚,2022-07-14,32,26,多云,东风 2级
三亚,2022-07-15,33,26,多云,东风 1级
三亚,2022-07-16,32,25,多云,东南风 1级
三亚,2022-07-17,34,27,多云,东南风 1级
三亚,2022-07-18,34,26,多云,东南风 1级
三亚,2022-07-19,33,27,中雨,东风 2级
三亚,2022-07-20,31,23,多云,东风 2级
三亚,2022-07-21,31,24,多云,东风 1级
三亚,2022-07-22,32,25,晴,东风 1级
三亚,2022-07-23,32,25,晴,东风 1级
三亚,2022-07-24,33,26,晴,东北风 1级
三亚,2022-07-25,34,26,晴,东风 1级
三亚,2022-07-26,35,27,晴,南风 2级
三亚,2022-07-27,33,26,多云,东风 1级
三亚,2022-07-28,32,26,晴,北风 1级
三亚,2022-07-29,34,26,多云,东南风 1级
三亚,2022-07-30,34,26,多云,东风 1级
三亚,2022-07-31,33,26,大雨,东南风 1级
三亚,2022-08-01,34,26,多云,西南风 1级
三亚,2022-08-02,34,26,多云,东风 1级
三亚,2022-08-03,34,26,多云,东北风 1级
三亚,2022-08-04,31,26,中雨,东北风 1级
三亚,2022-08-05,32,25,小雨,东风 1级
三亚,2022-08-06,32,26,多云,东北风 1级
三亚,2022-08-07,34,26,中雨,西南风 3级
三亚,2022-08-08,31,26,多云,东北风 2级
三亚,2022-08-09,32,26,多云,西北风 2级
三亚,2022-08-10,30,26,小雨,西南风 1级
三亚,2022-08-11,33,26,多云,东北风 1级
三亚,2022-08-12,30,26,多云,东北风 1级
三亚,2022-08-13,33,24,多云,西南风 1级
三亚,2022-08-14,32,25,多云,南风 1级
三亚,2022-08-15,33,25,多云,东风 2级
三亚,2022-08-16,33,25,多云,东风 1级
三亚,2022-08-17,32,25,多云,南风 2级
三亚,2022-08-18,32,25,多云,东北风 1级
三亚,2022-08-19,32,25,多云,东风 1级
三亚,2022-08-20,26,24,中雨,西南风 1级
三亚,2022-08-21,32,26,多云,东风 2级
三亚,2022-08-22,33,25,多云,南风 2级
三亚,2022-08-23,34,26,多云,东北风 1级
三亚,2022-08-24,33,27,多云,西北风 1级
三亚,2022-08-25,26,25,多云,东风 1级
三亚,2022-08-26,32,26,多云,东风 1级
三亚,2022-08-27,33,26,多云,东南风 1级
三亚,2022-08-28,33,26,多云,东南风 2级
三亚,2022-08-29,33,26,多云,东北风 1级
三亚,2022-08-30,33,25,小雨,东北风 1级
三亚,2022-08-31,32,25,多云,东北风 2级
三亚,2022-09-01,33,26,阴,东北风 2级
三亚,2022-09-02,32,25,多云,东南风 1级
三亚,2022-09-03,33,25,多云,东北风 1级
三亚,2022-09-04,34,26,多云,东北风 2级
三亚,2022-09-05,34,26,多云,东北风 2级
三亚,2022-09-06,34,25,多云,东风 1级
三亚,2022-09-07,31,25,多云,西北风 1级
三亚,2022-09-08,28,25,小雨,东北风 1级
三亚,2022-09-09,32,25,小雨,东北风 3级
三亚,2022-09-10,34,25,多云,东北风 2级
三亚,2022-09-11,34,25,多云,东北风 2级
三亚,2022-09-12,32,25,晴,西北风 2级
三亚,2022-09-13,32,25,多云,西北风 1级
三亚,2022-09-14,33,26,多云,西风 2级
三亚,2022-09-15,32,26,多云,东风 1级
三亚,2022-09-16,34,25,晴,东风 2级
三亚,2022-09-17,34,25,多云,东北风 1级
三亚,2022-09-18,33,25,晴,西风 1级
三亚,2022-09-19,34,25,多云,西北风 1级
三亚,2022-09-20,34,25,中雨,东风 1级
三亚,2022-09-21,34,24,多云,东北风 2级
三亚,2022-09-22,31,24,多云,东北风 1级
三亚,2022-09-23,29,24,小雨,东风 1级
三亚,2022-09-24,28,24,多云,东风 1级
三亚,2022-09-25,31,24,多云,北风 1级
三亚,2022-09-26,34,24,小雨,北风 2级
三亚,2022-09-27,27,24,小雨,东风 3级
三亚,2022-09-28,30,24,小雨,东风 2级
三亚,2022-09-29,32,25,多云,东北风 2级
三亚,2022-09-30,32,26,多云,东风 1级
三亚,2022-10-01,26,24,多云,东北风 1级
三亚,2022-10-02,30,25,小雨,东北风 2级
三亚,2022-10-03,33,25,多云,东北风 1级
三亚,2022-10-04,31,24,多云,东北风 1级
三亚,2022-10-05,32,25,多云,东北风 2级
三亚,2022-10-06,31,25,中雨,东北风 1级
三亚,2022-10-07,28,24,多云,东北风 2级
三亚,2022-10-08,31,25,中雨,东北风 2级
三亚,2022-10-09,32,25,小雨,东北风 2级
三亚,2022-10-10,29,25,多云,北风 1级
三亚,2022-10-11,30,24,多云,东北风 1级
三亚,2022-10-12,31,21,晴,东北风 3级
三亚,2022-10-13,31,21,多云,北风 2级
三亚,2022-10-14,28,24,多云,东北风 2级
三亚,2022-10-15,31,23,多云,东北风 1级
三亚,2022-10-16,31,23,多云,东北风 1级
三亚,2022-10-17,33,24,多云,南风 1级
三亚,2022-10-18,28,21,小雨,北风 3级
三亚,2022-10-19,23,20,中雨,东北风 2级
三亚,2022-10-20,28,23,多云,东风 2级
三亚,2022-10-21,26,24,大雨,东北风 2级
三亚,2022-10-22,28,22,多云,东北风 3级
三亚,2022-10-23,29,22,小雨,东北风 1级
三亚,2022-10-24,30,22,阴,东北风 2级
三亚,2022-10-25,29,22,雷阵雨,东北风 2级
三亚,2022-10-26,30,21,多云,东北风 2级
三亚,2022-10-27,29,23,多云,东北风 1级
三亚,2022-10-28,30,22,多云,东北风 1级
三亚,2022-10-29,29,21,多云,北风 1级
三亚,2022-10-30,30,21,多云,北风 2级
三亚,2022-10-31,30,21,多云,西北风 1级
三亚,2022-11-01,29,20,多云,北风 1级
三亚,2022-11-02,29,21,多云,东风 2级
三亚,2022-11-03,28,22,小雨,东北风 2级
三亚,2022-11-04,28,21,多云,东北风 2级
三亚,2022-11-05,30,21,多云,东北风 1级
三亚,2022-11-06,30,22,晴,东北风 1级
三亚,2022-11-07,30,21,多云,北风 1级
三亚,2022-11-08,28,23,多云,东北风 2级
三亚,2022-11-09,27,22,小雨,东北风 2级
三亚,2022-11-10,30,23,多云,东北风 2级
三亚,2022-11-11,31,22,多云,东北风 1级
三亚,2022-11-12,31,24,多云,东北风 1级
三亚,2022-11-13,31,24,多云,东北风 1级
三亚,2022-11-14,31,23,多云,东风 2级
三亚,2022-11-15,30,24,多云,东北风 2级
三亚,2022-11-16,31,24,多云,东风 2级
三亚,2022-11-17,31,24,多云,东北风 1级
三亚,2022-11-18,30,24,多云,东北风 1级
三亚,2022-11-19,30,24,多云,东北风 2级
三亚,2022-11-20,30,24,多云,东北风 2级
三亚,2022-11-21,26,23,中雨,东风 2级
三亚,2022-11-22,29,24,多云,东北风 2级
三亚,2022-11-23,31,24,多云,东北风 2级
三亚,2022-11-24,31,24,小雨,东风 2级
三亚,2022-11-25,31,24,多云,东风 1级
三亚,2022-11-26,32,25,多云,东风 1级
三亚,2022-11-27,29,25,阴,东南风 2级
三亚,2022-11-28,31,25,多云,东风 2级
三亚,2022-11-29,32,23,多云,东风 2级
三亚,2022-11-30,31,24,多云,东北风 2级
三亚,2022-12-01,28,21,小雨,东北风 2级
三亚,2022-12-02,28,23,多云,东北风 3级
三亚,2022-12-03,29,22,多云,东北风 2级
三亚,2022-12-04,31,23,多云,北风 1级
三亚,2022-12-05,29,20,多云,东北风 3级
三亚,2022-12-06,27,21,晴,东北风 2级
三亚,2022-12-07,28,21,多云,东北风 1级
三亚,2022-12-08,29,20,多云,北风 1级
三亚,2022-12-09,28,20,多云,东北风 2级
三亚,2022-12-10,28,19,多云,东风 1级
三亚,2022-12-11,26,18,多云,东北风 1级
三亚,2022-12-12,28,18,晴,东北风 1级
三亚,2022-12-13,26,16,晴,北风 2级
三亚,2022-12-14,27,18,多云,东北风 1级
三亚,2022-12-15,27,20,多云,西北风 1级
三亚,2022-12-16,27,21,多云,北风 2级
三亚,2022-12-17,22,15,小雨,北风 2级
三亚,2022-12-18,19,13,多云,东北风 2级
三亚,2022-12-19,26,19,多云,东北风 1级
三亚,2022-12-20,25,20,多云,北风 1级
三亚,2022-12-21,27,17,小雨,东北风 2级
三亚,2022-12-22,26,17,多云,北风 1级
三亚,2022-12-23,25,18,多云,东北风 2级
三亚,2022-12-24,25,18,多云,东北风 1级
三亚,2022-12-25,25,17,多云,东北风 2级
三亚,2022-12-26,27,16,多云,东北风 2级
三亚,2022-12-27,26,18,多云,东风 3级
三亚,2022-12-28,27,17,多云,东北风 2级
三亚,2022-12-29,26,17,多云,东北风 2级
三亚,2022-12-30,25,16,多云,东北风 2级
三亚,2022-12-31,24,14,多云,东北风 1级
