天津,2018-01-01,3,-5,晴,东北风 2级
天津,2018-01-02,1,-4,阴,东北风 2级
天津,2018-01-03,0,-5,阴,北风 3级
天津,2018-01-04,-1,-5,阴,北风 2级
天津,2018-01-05,3,-6,晴,西北风 2级
天津,2018-01-06,4,-4,阴,北风 2级
天津,2018-01-07,3,-2,霾,西风 2级
天津,2018-01-08,0,-5,晴,西北风 4级
天津,2018-01-09,0,-6,晴,西北风 4级
天津,2018-01-10,-2,-7,晴,西北风 3级
天津,2018-01-11,-3,-9,晴,西北风 3级
天津,2018-01-12,3,-9,晴,西风 3级
天津,2018-01-13,5,-6,晴,西南风 2级
天津,2018-01-14,5,-8,晴,西风 2级
天津,2018-01-15,2,-4,多云,东南风 2级
天津,2018-01-16,5,-2,晴,东北风 2级
天津,2018-01-17,5,-4,多云,西北风 2级
天津,2018-01-18,7,-4,多云,西南风 2级
天津,2018-01-19,7,-4,晴,西风 1级
天津,2018-01-20,4,-4,晴,东风 3级
天津,2018-01-21,-1,-4,阴,东风 3级
天津,2018-01-22,-2,-9,多云,东北风 2级
天津,2018-01-23,-6,-12,晴,西北风 3级
天津,2018-01-24,-4,-11,多云,西北风 2级
天津,2018-01-25,-5,-10,晴,东北风 2级
天津,2018-01-26,-4,-11,多云,南风 1级
天津,2018-01-27,-4,-10,阴,南风 2级
天津,2018-01-28,-3,-10,晴,西北风 3级
天津,2018-01-29,0,-8,晴,西北风 3级
天津,2018-01-30,4,-10,晴,西北风 2级
天津,2018-01-31,4,-6,晴,西北风 3级
天津,2018-02-01,5,-6,晴,西北风 2级
天津,2018-02-02,-1,-6,晴,西北风 4级
天津,2018-02-03,0,-8,晴,西北风 3级
天津,2018-02-04,2,-9,晴,西北风 2级
天津,2018-02-05,-1,-8,晴,北风 3级
天津,2018-02-06,2,-9,晴,西南风 2级
天津,2018-02-07,1,-5,晴,北风 3级
天津,2018-02-08,2,-12,多云,南风 3级
天津,2018-02-09,4,-5,多云,西北风 4级
天津,2018-02-10,0,-7,晴,西北风 3级
天津,2018-02-11,-1,-7,晴,西北风 4级
天津,2018-02-12,6,-6,晴,西风 3级
天津,2018-02-13,13,-4,晴,西南风 2级
天津,2018-02-14,5,-2,阴,北风 3级
天津,2018-02-15,5,-4,晴,南风 2级
天津,2018-02-16,8,-2,晴,东北风 3级
天津,2018-02-17,5,-4,阴,东南风 2级
天津,2018-02-18,8,-1,多云,东风 2级
天津,2018-02-19,3,-7,阴,东南风 2级
天津,2018-02-20,7,-2,多云,东北风 2级
天津,2018-02-21,9,-3,晴,西风 2级
天津,2018-02-22,10,-2,晴,西风 2级
天津,2018-02-23,12,-2,阴,东北风 3级
天津,2018-02-24,2,-3,晴,东风 3级
天津,2018-02-25,7,-4,晴,南风 2级
天津,2018-02-26,12,1,霾,东南风 1级
天津,2018-02-27,5,-1,阴,东风 3级
天津,2018-02-28,6,-1,晴,西北风 2级
天津,2018-03-01,8,-2,晴,北风 3级
天津,2018-03-02,14,0,晴,南风 3级
天津,2018-03-03,11,4,阴,南风 2级
天津,2018-03-04,7,0,阴,东风 3级
天津,2018-03-05,3,-1,晴,东南风 3级
天津,2018-03-06,4,-1,多云,东风 3级
天津,2018-03-07,5,0,多云,东南风 2级
天津,2018-03-08,6,-3,晴,东南风 2级
天津,2018-03-09,12,-1,多云,南风 3级
天津,2018-03-10,8,1,晴,东风 3级
天津,2018-03-11,5,0,晴,东风 2级
天津,2018-03-12,15,3,霾,南风 2级
天津,2018-03-13,21,4,霾,东风 1级
天津,2018-03-14,22,8,多云,东南风 3级
天津,2018-03-15,10,2,晴,东北风 4级
天津,2018-03-16,7,-1,多云,东南风 2级
天津,2018-03-17,5,1,阴,东南风 2级
天津,2018-03-18,7,1,多云,东北风 1级
天津,2018-03-19,13,2,多云,东北风 3级
天津,2018-03-20,8,1,阴,东风 3级
天津,2018-03-21,13,2,晴,西南风 2级
天津,2018-03-22,18,5,晴,西南风 2级
天津,2018-03-23,21,6,多云,南风 2级
天津,2018-03-24,23,7,晴,西风 2级
天津,2018-03-25,25,10,晴,西南风 3级
天津,2018-03-26,26,13,多云,西南风 3级
天津,2018-03-27,29,13,多云,西南风 3级
天津,2018-03-28,19,9,晴,东风 4级
天津,2018-03-29,17,9,晴,东风 4级
天津,2018-03-30,16,9,多云,东南风 3级
天津,2018-03-31,23,10,多云,南风 2级
天津,2018-04-01,27,14,多云,南风 2级
天津,2018-04-02,32,14,霾,东南风 3级
天津,2018-04-03,14,8,阴,东北风 5级
天津,2018-04-04,8,4,雨,东北风 3级
天津,2018-04-05,8,3,多云,西风 3级
天津,2018-04-06,10,4,多云,西北风 4级
天津,2018-04-07,13,3,晴,西北风 4级
天津,2018-04-08,19,0,多云,东风 3级
天津,2018-04-09,22,6,多云,东南风 2级
天津,2018-04-10,25,12,晴,西北风 3级
天津,2018-04-11,24,10,阴,西风 3级
天津,2018-04-12,19,9,多云,东风 4级
天津,2018-04-13,14,7,雨,南风 3级
天津,2018-04-14,18,8,晴,西北风 4级
天津,2018-04-15,23,6,多云,西北风 2级
天津,2018-04-16,24,10,晴,南风 3级
天津,2018-04-17,25,12,多云,西南风 3级
天津,2018-04-18,28,15,晴,西南风 3级
天津,2018-04-19,27,15,多云,东南风 3级
天津,2018-04-20,30,16,晴,南风 3级
天津,2018-04-21,20,12,雨,东北风 4级
天津,2018-04-22,14,10,阴,东北风 4级
天津,2018-04-23,17,11,晴,东北风 3级
天津,2018-04-24,23,10,阴,北风 3级
天津,2018-04-25,25,11,多云,西南风 2级
天津,2018-04-26,27,14,晴,西南风 3级
天津,2018-04-27,25,14,晴,东南风 3级
天津,2018-04-28,30,14,晴,西南风 3级
天津,2018-04-29,30,17,晴,西南风 3级
天津,2018-04-30,21,14,阴,东风 4级
天津,2018-05-01,21,14,雨,东风 3级
天津,2018-05-02,23,13,多云,北风 3级
天津,2018-05-03,23,12,晴,北风 3级
天津,2018-05-04,30,14,晴,西南风 3级
天津,2018-05-05,26,17,阴,东风 3级
天津,2018-05-06,28,16,多云,南风 2级
天津,2018-05-07,25,16,阴,东南风 3级
天津,2018-05-08,25,15,晴,东南风 2级
天津,2018-05-09,28,15,晴,南风 3级
天津,2018-05-10,28,18,阴,南风 3级
天津,2018-05-11,24,18,阴,南风 3级
天津,2018-05-12,23,15,雨,东南风 2级
天津,2018-05-13,29,17,晴,东南风 2级
天津,2018-05-14,35,20,多云,南风 3级
天津,2018-05-15,31,23,雨,南风 3级
天津,2018-05-16,29,17,雨,东风 2级
天津,2018-05-17,26,17,多云,东风 3级
天津,2018-05-18,27,14,晴,东南风 2级
天津,2018-05-19,28,18,雨,东风 2级
天津,2018-05-20,22,16,多云,东南风 3级
天津,2018-05-21,22,16,阴,东南风 2级
天津,2018-05-22,26,14,晴,西北风 3级
天津,2018-05-23,31,15,晴,西南风 4级
天津,2018-05-24,32,19,多云,西南风 3级
天津,2018-05-25,32,20,晴,南风 3级
天津,2018-05-26,30,18,阴,西南风 3级
天津,2018-05-27,34,17,多云,西风 3级
天津,2018-05-28,30,20,晴,北风 3级
天津,2018-05-29,31,18,晴,北风 3级
天津,2018-05-30,32,20,晴,东北风 2级
天津,2018-05-31,35,21,晴,南风 2级
天津,2018-06-01,36,22,多云,南风 3级
天津,2018-06-02,35,23,多云,南风 3级
天津,2018-06-03,32,24,阴,西南风 3级
天津,2018-06-04,35,22,晴,南风 3级
天津,2018-06-05,37,20,阴,西南风 2级
天津,2018-06-06,36,25,多云,西南风 3级
天津,2018-06-07,31,22,阴,东风 3级
天津,2018-06-08,32,23,阴,北风 2级
天津,2018-06-09,24,17,中雨,西北风 3级
天津,2018-06-10,22,18,多云,东风 2级
天津,2018-06-11,28,18,晴转小雨,南风 2级
天津,2018-06-12,30,21,小雨,南风 3级
天津,2018-06-13,25,21,小雨到中雨,东风 3级
天津,2018-06-14,26,16,多云转小雨,东南风 2级
天津,2018-06-15,28,21,多云,东南风 3级
天津,2018-06-16,31,21,阴,南风 3级
天津,2018-06-17,28,21,晴,南风 3级
天津,2018-06-18,31,22,多云,南风 2级
天津,2018-06-19,31,21,多云,东风 2级
天津,2018-06-20,36,22,晴,西北风 2级
天津,2018-06-21,34,21,阴,东南风 3级
天津,2018-06-22,32,24,阴,西南风 3级
天津,2018-06-23,36,25,晴,西南风 3级
天津,2018-06-24,36,27,多云,南风 3级
天津,2018-06-25,31,22,小雨,东南风 3级
天津,2018-06-26,33,24,多云,南风 2级
天津,2018-06-27,40,26,多云,西北风 3级
天津,2018-06-28,35,26,晴,北风 3级
天津,2018-06-29,38,26,多云,西南风 2级
天津,2018-06-30,34,27,晴,南风 3级
天津,2018-07-01,31,25,晴,东风 3级
天津,2018-07-02,31,24,多云,东南风 3级
天津,2018-07-03,32,23,阴,东南风 3级
天津,2018-07-04,34,22,阴,南风 2级
天津,2018-07-05,31,24,小雨到中雨,南风 2级
天津,2018-07-06,33,25,多云,东风 3级
天津,2018-07-07,30,25,多云转小雨,东南风 3级
天津,2018-07-08,30,23,多云转小雨,南风 2级
天津,2018-07-09,29,25,阴转小雨,东南风 3级
天津,2018-07-10,29,25,多云,东南风 3级
天津,2018-07-11,27,22,小雨,东南风 2级
天津,2018-07-12,32,25,多云,东北风 1级
天津,2018-07-13,29,25,小雨到中雨,东风 2级
天津,2018-07-14,30,25,多云,东南风 2级
天津,2018-07-15,35,23,多云转小雨,东南风 2级
天津,2018-07-16,37,26,多云,南风 3级
天津,2018-07-17,32,26,小雨到中雨,东南风 3级
天津,2018-07-18,35,27,多云,南风 2级
天津,2018-07-19,36,27,阴,东南风 3级
天津,2018-07-20,37,28,多云,南风 3级
天津,2018-07-21,38,28,多云,南风 3级
天津,2018-07-22,35,29,晴,东南风 3级
天津,2018-07-23,33,27,多云,东风 3级
天津,2018-07-24,32,25,多云转小雨,东北风 3级
天津,2018-07-25,32,25,小雨到中雨,北风 2级
天津,2018-07-26,34,25,晴,东北风 2级
天津,2018-07-27,33,25,晴,东风 2级
天津,2018-07-28,34,25,晴,东风 2级
天津,2018-07-29,34,26,晴,东风 2级
天津,2018-07-30,35,26,晴,东南风 2级
天津,2018-07-31,34,27,晴,东南风 2级
天津,2018-08-01,35,28,晴,东风 2级
天津,2018-08-02,37,29,晴,东南风 2级
天津,2018-08-03,37,29,晴,东南风 2级
天津,2018-08-04,36,28,晴,东南风 2级
天津,2018-08-05,34,26,阴转小雨,东风 3级
天津,2018-08-06,32,26,小雨到中雨,东风 3级
天津,2018-08-07,31,26,小雨到大雨,东风 2级
天津,2018-08-08,29,26,阴,东风 3级
天津,2018-08-09,33,25,多云,东北风 2级
天津,2018-08-10,33,26,多云,东南风 2级
天津,2018-08-11,33,24,小雨到中雨,东南风 2级
天津,2018-08-12,33,25,多云转小雨,东南风 2级
天津,2018-08-13,33,25,小雨,东南风 2级
天津,2018-08-14,29,24,小雨到大雨,东风 3级
天津,2018-08-15,31,26,晴,东北风 4级
天津,2018-08-16,32,26,晴,东北风 3级
天津,2018-08-17,32,24,晴,东风 2级
天津,2018-08-18,29,25,阴,东风 2级
天津,2018-08-19,26,23,小雨到中雨,东风 3级
天津,2018-08-20,31,24,晴,北风 3级
天津,2018-08-21,32,23,多云,东北风 3级
天津,2018-08-22,29,24,多云,北风 2级
天津,2018-08-23,29,25,晴,北风 2级
天津,2018-08-24,29,23,晴,北风 2级
天津,2018-08-25,31,24,多云,西南风 2级
天津,2018-08-26,32,25,多云,南风 2级
天津,2018-08-27,32,25,多云,东南风 2级
天津,2018-08-28,30,26,晴,东南风 2级
天津,2018-08-29,31,24,晴,东北风 3级
天津,2018-08-30,29,23,阴,东北风 2级
天津,2018-08-31,30,23,晴,东风 2级
天津,2018-09-01,29,22,阴,东南风 2级
天津,2018-09-02,26,22,多云,南风 2级
天津,2018-09-03,29,21,晴,西北风 3级
天津,2018-09-04,31,22,晴,西北风 3级
天津,2018-09-05,32,21,晴,西风 3级
天津,2018-09-06,30,22,晴,西北风 4级
天津,2018-09-07,28,19,晴,西北风 3级
天津,2018-09-08,27,18,晴,东风 3级
天津,2018-09-09,28,19,晴,西南风 2级
天津,2018-09-10,29,19,晴,南风 2级
天津,2018-09-11,28,20,阴,南风 3级
天津,2018-09-12,30,20,多云,南风 3级
天津,2018-09-13,30,21,多云,南风 2级
天津,2018-09-14,28,21,阴,西南风 2级
天津,2018-09-15,26,21,多云,北风 3级
天津,2018-09-16,26,19,晴,北风 2级
天津,2018-09-17,27,16,小雨,西北风 2级
天津,2018-09-18,26,19,阴,西南风 2级
天津,2018-09-19,25,18,多云,西南风 1级
天津,2018-09-20,28,17,晴,西南风 2级
天津,2018-09-21,26,16,晴,西北风 3级
天津,2018-09-22,26,15,晴,西北风 2级
天津,2018-09-23,25,15,晴,西北风 3级
天津,2018-09-24,25,14,晴,东北风 2级
天津,2018-09-25,24,14,晴,南风 2级
天津,2018-09-26,24,16,晴,南风 2级
天津,2018-09-27,24,17,小雨,南风 2级
天津,2018-09-28,24,16,多云,西南风 2级
天津,2018-09-29,23,15,晴,北风 3级
天津,2018-09-30,21,12,晴,西北风 4级
天津,2018-10-01,25,10,晴,西北风 3级
天津,2018-10-02,27,13,晴,北风 2级
天津,2018-10-03,26,16,晴,西北风 2级
天津,2018-10-04,28,15,晴,东南风 2级
天津,2018-10-05,27,16,阴,南风 2级
天津,2018-10-06,21,16,晴,北风 3级
天津,2018-10-07,21,10,晴,西风 2级
天津,2018-10-08,23,10,多云,北风 2级
天津,2018-10-09,16,10,晴,北风 4级
天津,2018-10-10,17,5,晴,西北风 2级
天津,2018-10-11,19,7,晴,西北风 2级
天津,2018-10-12,21,8,晴,南风 2级
天津,2018-10-13,22,11,晴,西南风 2级
天津,2018-10-14,22,13,多云,西南风 2级
天津,2018-10-15,20,12,大雨,南风 2级
天津,2018-10-16,15,10,晴,东北风 3级
天津,2018-10-17,18,9,晴,东北风 2级
天津,2018-10-18,20,8,阴,北风 1级
天津,2018-10-19,21,9,晴,西风 2级
天津,2018-10-20,20,9,多云,南风 2级
天津,2018-10-21,19,9,多云,西南风 2级
天津,2018-10-22,21,10,晴,西风 3级
天津,2018-10-23,19,11,晴,西风 3级
天津,2018-10-24,22,9,阴,南风 2级
天津,2018-10-25,19,11,阴,西南风 3级
天津,2018-10-26,15,7,晴,西北风 4级
天津,2018-10-27,16,6,晴,西风 3级
天津,2018-10-28,18,10,晴,西北风 4级
天津,2018-10-29,15,5,晴,北风 3级
天津,2018-10-30,15,5,晴,北风 2级
天津,2018-10-31,17,4,晴,北风 1级
天津,2018-11-01,18,6,晴,南风 2级
天津,2018-11-02,19,6,晴,南风 2级
天津,2018-11-03,21,8,阴,南风 3级
天津,2018-11-04,15,6,阴,东北风 3级
天津,2018-11-05,11,6,晴,东北风 2级
天津,2018-11-06,14,4,多云,北风 2级
天津,2018-11-07,12,4,阴,西风 1级
天津,2018-11-08,14,6,晴,西南风 2级
天津,2018-11-09,15,4,晴,西北风 3级
天津,2018-11-10,13,2,阴,东风 2级
天津,2018-11-11,15,6,晴,西南风 1级
天津,2018-11-12,15,5,晴,西南风 2级
天津,2018-11-13,16,6,霾,南风 2级
天津,2018-11-14,15,5,霾,西南风 2级
天津,2018-11-15,10,6,阴,东北风 2级
天津,2018-11-16,10,2,多云,北风 2级
天津,2018-11-17,11,0,晴,西南风 2级
天津,2018-11-18,10,1,晴,西风 2级
天津,2018-11-19,12,3,晴,南风 2级
天津,2018-11-20,11,3,阴,东北风 2级
天津,2018-11-21,9,2,晴,东北风 2级
天津,2018-11-22,10,0,晴,东南风 2级
天津,2018-11-23,10,1,阴,西北风 2级
天津,2018-11-24,10,1,晴,西风 2级
天津,2018-11-25,12,2,霾,西南风 2级
天津,2018-11-26,12,2,霾,西南风 2级
天津,2018-11-27,10,2,晴,北风 2级
天津,2018-11-28,11,1,晴,东北风 2级
天津,2018-11-29,9,0,晴,东风 2级
天津,2018-11-30,10,1,晴,西风 1级
天津,2018-12-01,10,1,阴,东风 2级
天津,2018-12-02,9,4,多云,北风 1级
天津,2018-12-03,8,3,多云,北风 3级
天津,2018-12-04,6,-1,多云,北风 2级
天津,2018-12-05,5,-1,多云,南风 2级
天津,2018-12-06,1,-5,晴,北风 3级
天津,2018-12-07,-5,-11,晴,西北风 3级
天津,2018-12-08,-2,-9,晴,西北风 3级
天津,2018-12-09,0,-8,晴,西南风 2级
天津,2018-12-10,2,-5,阴,东北风 2级
天津,2018-12-11,1,-3,晴,北风 3级
天津,2018-12-12,3,-7,晴,西风 3级
天津,2018-12-13,3,-5,晴,北风 3级
天津,2018-12-14,5,-5,多云,南风 2级
天津,2018-12-15,6,-3,多云,西南风 2级
天津,2018-12-16,6,-3,晴,西风 2级
天津,2018-12-17,9,-2,晴,西北风 3级
天津,2018-12-18,10,0,晴,西北风 2级
天津,2018-12-19,9,-2,晴,西北风 2级
天津,2018-12-20,7,-2,阴,东南风 2级
天津,2018-12-21,10,1,多云,西北风 2级
天津,2018-12-22,8,1,多云,西北风 2级
天津,2018-12-23,3,-3,晴,北风 3级
天津,2018-12-24,4,-6,晴,西南风 2级
天津,2018-12-25,3,-4,晴,北风 2级
天津,2018-12-26,-1,-5,多云,东北风 3级
天津,2018-12-27,-4,-9,晴,北风 3级
天津,2018-12-28,-5,-15,晴,西北风 3级
天津,2018-12-29,-2,-9,晴,西北风 3级
天津,2018-12-30,0,-8,晴,北风 1级
天津,2018-12-31,-1,-6,阴,东风 1级
天津,2019-01-01,1,-7,晴,西北风 2级
天津,2019-01-02,4,-6,多云,西风 2级
天津,2019-01-03,4,-4,霾,西南风 2级
天津,2019-01-04,2,-4,晴,北风 2级
天津,2019-01-05,1,-5,阴,北风 2级
天津,2019-01-06,3,-4,晴,西风 1级
天津,2019-01-07,3,-3,晴,西北风 2级
天津,2019-01-08,2,-5,晴,北风 3级
天津,2019-01-09,3,-5,多云,西南风 2级
天津,2019-01-10,5,-4,霾,西风 2级
天津,2019-01-11,6,-4,霾,西南风 1级
天津,2019-01-12,4,-3,霾,西南风 2级
天津,2019-01-13,5,-3,霾,西北风 2级
天津,2019-01-14,7,-4,晴,西风 2级
天津,2019-01-15,-2,-5,晴,北风 4级
天津,2019-01-16,3,-8,晴,西风 3级
天津,2019-01-17,5,-7,多云,西风 2级
天津,2019-01-18,7,-3,阴,西南风 1级
天津,2019-01-19,5,-2,多云,北风 2级
天津,2019-01-20,5,-4,晴,西北风 3级
天津,2019-01-21,8,-5,晴,西风 2级
天津,2019-01-22,11,-3,晴,西风 2级
天津,2019-01-23,11,-1,晴,东风 2级
天津,2019-01-24,8,0,晴,东风 2级
天津,2019-01-25,5,-2,晴,北风 3级
天津,2019-01-26,7,-4,阴,西南风 2级
天津,2019-01-27,6,0,晴,西风 2级
天津,2019-01-28,8,-2,晴,西北风 3级
天津,2019-01-29,10,0,霾,南风 2级
天津,2019-01-30,6,0,阴,北风 3级
天津,2019-01-31,3,-5,晴,西北风 3级
天津,2019-02-01,8,-5,阴,西南风 3级
天津,2019-02-02,5,-2,霾,南风 2级
天津,2019-02-03,7,-2,晴,西北风 3级
天津,2019-02-04,8,-2,晴,东风 2级
天津,2019-02-05,6,-2,多云,东风 3级
天津,2019-02-06,0,-3,多云,东风 3级
天津,2019-02-07,-2,-8,阴,北风 3级
天津,2019-02-08,0,-8,晴,西南风 1级
天津,2019-02-09,-1,-7,多云,北风 2级
天津,2019-02-10,0,-6,晴,西南风 2级
天津,2019-02-11,3,-5,阴,东南风 2级
天津,2019-02-12,-1,-4,多云,东风 3级
天津,2019-02-13,0,-6,阴,东风 2级
天津,2019-02-14,-2,-4,多云,东南风 2级
天津,2019-02-15,0,-5,晴,西北风 4级
天津,2019-02-16,1,-6,晴,西北风 3级
天津,2019-02-17,5,-5,多云,西北风 3级
天津,2019-02-18,5,-1,阴,西南风 2级
天津,2019-02-19,4,-2,霾,西风 2级
天津,2019-02-20,9,-1,晴,西北风 2级
天津,2019-02-21,10,0,霾,西风 2级
天津,2019-02-22,10,0,阴,西南风 2级
天津,2019-02-23,14,0,晴,西南风 2级
天津,2019-02-24,11,0,霾,东南风 2级
天津,2019-02-25,8,0,多云,东南风 2级
天津,2019-02-26,10,2,多云,东风 2级
天津,2019-02-27,12,2,晴,西北风 2级
天津,2019-02-28,15,1,晴,西南风 2级
天津,2019-03-01,15,3,晴,西南风 2级
天津,2019-03-02,16,4,多云,西南风 2级
天津,2019-03-03,17,4,晴,西南风 3级
天津,2019-03-04,15,3,霾,南风 2级
天津,2019-03-05,14,6,晴,北风 3级
天津,2019-03-06,13,3,晴,北风 3级
天津,2019-03-07,14,0,晴,西风 2级
天津,2019-03-08,12,1,多云,西南风 2级
天津,2019-03-09,13,5,多云,南风 2级
天津,2019-03-10,13,4,多云,东南风 2级
天津,2019-03-11,16,3,晴,西北风 3级
天津,2019-03-12,13,3,晴,西北风 3级
天津,2019-03-13,16,2,晴,西风 3级
天津,2019-03-14,18,4,晴,西北风 3级
天津,2019-03-15,7,0,晴,西北风 4级
天津,2019-03-16,17,3,晴,北风 2级
天津,2019-03-17,19,5,多云,南风 2级
天津,2019-03-18,21,9,晴,西南风 3级
天津,2019-03-19,26,11,阴,西南风 3级
天津,2019-03-20,17,8,多云,东南风 3级
天津,2019-03-21,14,5,晴,北风 4级
天津,2019-03-22,15,3,小雨,西北风 3级
天津,2019-03-23,13,5,晴,西北风 3级
天津,2019-03-24,19,4,晴,西南风 3级
天津,2019-03-25,22,7,晴,西北风 3级
天津,2019-03-26,20,8,晴,东风 3级
天津,2019-03-27,19,6,晴,东风 3级
天津,2019-03-28,13,4,阴,东南风 3级
天津,2019-03-29,12,4,晴,西风 3级
天津,2019-03-30,12,6,晴,西北风 4级
天津,2019-03-31,17,3,晴,西风 3级
天津,2019-04-01,17,5,晴,东南风 3级
天津,2019-04-02,17,7,晴,东风 3级
天津,2019-04-03,21,7,晴,西南风 2级
天津,2019-04-04,28,10,晴,西南风 4级
天津,2019-04-05,19,11,晴,东风 4级
天津,2019-04-06,18,9,晴,东风 3级
天津,2019-04-07,18,9,多云,东南风 3级
天津,2019-04-08,15,8,小雨,东风 4级
天津,2019-04-09,10,6,多云,东北风 3级
天津,2019-04-10,16,5,阴,西北风 2级
天津,2019-04-11,16,7,晴,南风 2级
天津,2019-04-12,22,7,多云,西南风 3级
天津,2019-04-13,21,10,晴,西南风 2级
天津,2019-04-14,22,10,晴,西风 3级
天津,2019-04-15,26,10,多云,西南风 4级
天津,2019-04-16,24,14,晴,南风 3级
天津,2019-04-17,30,15,晴,西南风 3级
天津,2019-04-18,23,12,多云,东风 4级
天津,2019-04-19,18,10,阴,东风 3级
天津,2019-04-20,16,12,阴,南风 1级
天津,2019-04-21,20,10,多云,东风 3级
天津,2019-04-22,26,12,霾转阴,南风 2级
天津,2019-04-23,25,15,多云,南风 3级
天津,2019-04-24,21,7,小雨转雨,东风 3级
天津,2019-04-25,17,10,阴转多云,东北风 3级
天津,2019-04-26,19,8,多云,西风 3级
天津,2019-04-27,17,8,阴转多云,西南风 2级
天津,2019-04-28,20,7,多云,西南风 2级
天津,2019-04-29,23,10,阴转多云,西南风 3级
天津,2019-04-30,24,13,晴,西北风 4级
天津,2019-05-01,28,13,晴,西北风 3级
天津,2019-05-02,32,17,晴,西风 3级
天津,2019-05-03,29,17,多云转阴,西南风 3级
天津,2019-05-04,28,18,晴转多云,南风 3级
天津,2019-05-05,22,14,晴,东北风 3级
天津,2019-05-06,25,11,晴,西北风 3级
天津,2019-05-07,29,16,多云,西风 3级
天津,2019-05-08,26,17,多云,西南风 2级
天津,2019-05-09,30,14,晴转多云,西南风 2级
天津,2019-05-10,30,17,晴转多云,南风 3级
天津,2019-05-11,28,19,晴转多云,东南风 2级
天津,2019-05-12,28,17,霾,北风 3级
天津,2019-05-13,26,13,晴,西风 3级
天津,2019-05-14,29,14,多云,南风 3级
天津,2019-05-15,33,18,阴转多云,西南风 3级
天津,2019-05-16,32,19,阴转多云,南风 3级
天津,2019-05-17,31,22,阴转多云,南风 3级
天津,2019-05-18,28,20,阴转多云,东南风 3级
天津,2019-05-19,28,17,晴,西北风 4级
天津,2019-05-20,26,16,晴,西北风 4级
天津,2019-05-21,31,15,晴,西风 3级
天津,2019-05-22,36,18,晴,西风 3级
天津,2019-05-23,38,21,晴转多云,东南风 2级
天津,2019-05-24,37,24,多云,西南风 4级
天津,2019-05-25,36,25,多云,东南风 3级
天津,2019-05-26,29,21,阴转雨,东北风 3级
天津,2019-05-27,28,18,晴转多云,北风 4级
天津,2019-05-28,32,18,晴,西风 3级
天津,2019-05-29,33,20,阴,西南风 2级
天津,2019-05-30,28,23,晴,西北风 3级
天津,2019-05-31,31,18,晴转多云,西北风 3级
天津,2019-06-01,30,19,晴转雨,南风 3级
天津,2019-06-02,32,20,多云,南风 2级
天津,2019-06-03,31,20,晴,东风 3级
天津,2019-06-04,26,21,小雨转多云,东风 3级
天津,2019-06-05,27,20,小雨转雨,南风 2级
天津,2019-06-06,24,20,晴转多云,东风 2级
天津,2019-06-07,32,18,多云转雨,西南风 2级
天津,2019-06-08,33,22,阴转多云,南风 2级
天津,2019-06-09,31,22,晴,北风 3级
天津,2019-06-10,32,20,晴,东南风 2级
天津,2019-06-11,29,21,晴转多云,东南风 3级
天津,2019-06-12,33,23,阴,东南风 2级
天津,2019-06-13,31,25,多云转雨,西风 3级
天津,2019-06-14,33,21,晴,东风 2级
天津,2019-06-15,30,22,阴转多云,东南风 3级
天津,2019-06-16,25,20,晴转多云,东风 3级
天津,2019-06-17,29,19,阴转多云,东南风 2级
天津,2019-06-18,33,22,阴转雨,东南风 2级
天津,2019-06-19,29,24,阴,东风 3级
天津,2019-06-20,33,23,多云,东南风 2级
天津,2019-06-21,29,24,晴转多云,东风 3级
天津,2019-06-22,35,22,晴,西南风 2级
天津,2019-06-23,35,24,晴转多云,南风 3级
天津,2019-06-24,36,25,晴,南风 3级
天津,2019-06-25,35,25,多云,南风 3级
天津,2019-06-26,33,26,多云,南风 3级
天津,2019-06-27,33,24,多云,南风 2级
天津,2019-06-28,31,24,阴转多云,南风 3级
天津,2019-06-29,33,24,晴,西风 3级
天津,2019-06-30,32,22,晴,北风 3级
天津,2019-07-01,34,23,晴转多云,东北风 2级
天津,2019-07-02,34,25,阴转雨,东南风 2级
天津,2019-07-03,37,25,晴,西南风 2级
天津,2019-07-04,38,23,多云,南风 2级
天津,2019-07-05,34,23,阴转雨,东南风 3级
天津,2019-07-06,27,21,多云转雨,东北风 3级
天津,2019-07-07,27,21,多云,东风 3级
天津,2019-07-08,31,23,阴,北风 1级
天津,2019-07-09,28,22,阴,西北风 2级
天津,2019-07-10,28,21,晴,东风 3级
天津,2019-07-11,25,15,多云,西南风 1级
天津,2019-07-12,32,23,晴,西南风 2级
天津,2019-07-13,35,23,多云,南风 2级
天津,2019-07-14,32,24,多云转晴,东南风 2级
天津,2019-07-15,35,23,阴,东南风 2级
天津,2019-07-16,32,25,阴,东南风 3级
天津,2019-07-17,30,25,阴转多云,东南风 2级
天津,2019-07-18,31,25,阴转多云,东南风 2级
天津,2019-07-19,34,25,多云,东南风 3级
天津,2019-07-20,31,25,晴转多云,南风 2级
天津,2019-07-21,36,24,晴转多云,西南风 2级
天津,2019-07-22,35,28,大雨转雨,西南风 2级
天津,2019-07-23,33,24,晴,西风 2级
天津,2019-07-24,37,26,多云,西南风 2级
天津,2019-07-25,34,26,晴,南风 3级
天津,2019-07-26,37,27,晴,南风 2级
天津,2019-07-27,36,28,多云转晴,东南风 3级
天津,2019-07-28,34,28,晴转多云,东南风 2级
天津,2019-07-29,30,24,多云转雨,东北风 3级
天津,2019-07-30,35,24,晴转雨,西南风 3级
天津,2019-07-31,35,26,晴转多云,西南风 2级
天津,2019-08-01,30,25,多云转雨,东南风 2级
天津,2019-08-02,31,24,多云,东北风 2级
天津,2019-08-03,30,24,阴,东风 2级
天津,2019-08-04,29,25,阴转雨,东风 2级
天津,2019-08-05,30,24,多云,东南风 2级
天津,2019-08-06,32,25,多云转雨,东南风 2级
天津,2019-08-07,30,24,多云,南风 2级
天津,2019-08-08,33,25,多云,南风 2级
天津,2019-08-09,33,24,多云转雨,东南风 2级
天津,2019-08-10,29,25,多云转雨,西北风 2级
天津,2019-08-11,26,22,中雨到大雨,东北风 4级
天津,2019-08-12,25,22,阴转多云,北风 4级
天津,2019-08-13,29,23,晴转多云,北风 3级
天津,2019-08-14,32,23,晴,西北风 2级
天津,2019-08-15,34,24,晴转雨,西南风 2级
天津,2019-08-16,30,23,晴,西北风 3级
天津,2019-08-17,32,23,晴,西北风 3级
天津,2019-08-18,33,23,晴转多云,西南风 2级
天津,2019-08-19,33,23,多云转阴,西南风 3级
天津,2019-08-20,29,23,阴转多云,南风 3级
天津,2019-08-21,31,21,晴转多云,北风 2级
天津,2019-08-22,32,22,晴转多云,西北风 2级
天津,2019-08-23,31,22,阴,北风 3级
天津,2019-08-24,32,22,晴,西南风 2级
天津,2019-08-25,31,22,多云,西南风 2级
天津,2019-08-26,29,23,阴转多云,西南风 2级
天津,2019-08-27,32,23,晴,西风 2级
天津,2019-08-28,32,22,晴,西北风 4级
天津,2019-08-29,30,20,晴,西北风 3级
天津,2019-08-30,30,21,晴,北风 3级
天津,2019-08-31,32,21,晴,西南风 2级
天津,2019-09-01,32,21,晴,南风 2级
天津,2019-09-02,33,22,晴,西南风 2级
天津,2019-09-03,33,23,晴,南风 2级
天津,2019-09-04,31,23,晴,南风 2级
天津,2019-09-05,33,23,晴,南风 2级
天津,2019-09-06,32,23,晴,西南风 2级
天津,2019-09-07,32,22,晴,西风 2级
天津,2019-09-08,35,23,晴,西南风 2级
天津,2019-09-09,31,23,多云,东风 3级
天津,2019-09-10,26,21,晴转多云,东北风 3级
天津,2019-09-11,26,21,多云转阴,东风 2级
天津,2019-09-12,26,20,阴转雨,南风 2级
天津,2019-09-13,25,20,多云,西北风 2级
天津,2019-09-14,28,19,多云,东南风 2级
天津,2019-09-15,30,20,晴转多云,西南风 3级
天津,2019-09-16,27,18,晴转多云,东风 3级
天津,2019-09-17,27,18,晴,西南风 2级
天津,2019-09-18,24,17,多云,东风 3级
天津,2019-09-19,25,18,阴,西南风 3级
天津,2019-09-20,25,18,阴,西南风 2级
天津,2019-09-21,26,17,晴,东风 2级
天津,2019-09-22,27,16,晴,东北风 2级
天津,2019-09-23,28,19,晴,西风 2级
天津,2019-09-24,30,20,晴,东南风 3级
天津,2019-09-25,30,19,晴,西南风 2级
天津,2019-09-26,29,19,晴,南风 2级
天津,2019-09-27,29,18,多云转晴,东南风 2级
天津,2019-09-28,30,19,晴,西南风 2级
天津,2019-09-29,30,20,晴,南风 2级
天津,2019-09-30,30,20,晴,西南风 3级
天津,2019-10-01,31,21,多云,南风 3级
天津,2019-10-02,31,21,晴,南风 2级
天津,2019-10-03,30,19,多云,东南风 3级
天津,2019-10-04,16,13,多云,东北风 4级
天津,2019-10-05,17,9,多云,北风 2级
天津,2019-10-06,20,10,阴,西南风 2级
天津,2019-10-07,22,13,晴,西南风 3级
天津,2019-10-08,20,12,晴转多云,北风 3级
天津,2019-10-09,23,11,阴,西南风 3级
天津,2019-10-10,21,13,阴转多云,南风 2级
天津,2019-10-11,20,14,阴,东风 3级
天津,2019-10-12,19,15,阴,东风 3级
天津,2019-10-13,15,9,阴转多云,东风 3级
天津,2019-10-14,15,7,晴转多云,北风 2级
天津,2019-10-15,18,6,晴转多云,西风 2级
天津,2019-10-16,15,8,多云转阴,西南风 2级
天津,2019-10-17,14,11,小雨转多云,西南风 2级
天津,2019-10-18,18,10,霾转晴,南风 1级
天津,2019-10-19,21,11,阴转多云,南风 2级
天津,2019-10-20,23,12,晴转多云,西北风 2级
天津,2019-10-21,20,9,晴,东风 2级
天津,2019-10-22,21,10,多云,南风 2级
天津,2019-10-23,22,12,霾,东南风 1级
天津,2019-10-24,19,11,晴,西北风 3级
天津,2019-10-25,13,5,晴转多云,北风 3级
天津,2019-10-26,17,4,晴,西南风 3级
天津,2019-10-27,18,6,晴,西南风 2级
天津,2019-10-28,16,9,晴,西北风 4级
天津,2019-10-29,19,5,晴,西南风 2级
天津,2019-10-30,21,7,晴,西南风 2级
天津,2019-10-31,21,10,晴,西北风 2级
天津,2019-11-01,19,8,阴,东风 3级
天津,2019-11-02,15,10,阴,东北风 2级
天津,2019-11-03,13,6,晴,东北风 3级
天津,2019-11-04,16,5,晴,西风 2级
天津,2019-11-05,15,7,晴转多云,东南风 3级
天津,2019-11-06,17,8,多云转晴,西南风 1级
天津,2019-11-07,13,6,晴,东风 3级
天津,2019-11-08,16,4,晴,西风 2级
天津,2019-11-09,15,5,小雨转雨,南风 2级
天津,2019-11-10,14,7,晴,西北风 4级
天津,2019-11-11,17,6,晴转多云,西北风 2级
天津,2019-11-12,18,8,小雨转多云,南风 2级
天津,2019-11-13,12,0,晴,北风 4级
天津,2019-11-14,12,1,晴,南风 2级
天津,2019-11-15,11,2,晴,东风 3级
天津,2019-11-16,11,4,阴,东风 3级
天津,2019-11-17,11,1,霾转多云,北风 3级
天津,2019-11-18,4,-1,晴,西北风 4级
天津,2019-11-19,7,-2,晴,西北风 2级
天津,2019-11-20,10,-1,阴,东南风 1级
天津,2019-11-21,9,2,霾转晴,南风 2级
天津,2019-11-22,14,4,多云转阴,南风 2级
天津,2019-11-23,11,6,阴,北风 2级
天津,2019-11-24,9,0,晴,北风 4级
天津,2019-11-25,5,-2,晴转多云,西北风 2级
天津,2019-11-26,7,-1,多云,西风 2级
天津,2019-11-27,4,-3,晴,东风 3级
天津,2019-11-28,5,-1,晴,西南风 2级
天津,2019-11-29,5,0,雪转阴,东南风 2级
天津,2019-11-30,5,-1,阴,西北风 3级
天津,2019-12-01,6,0,晴,西北风 3级
天津,2019-12-02,5,-2,晴,西风 3级
天津,2019-12-03,8,-1,晴,西风 2级
天津,2019-12-04,9,1,晴转多云,北风 2级
天津,2019-12-05,3,-2,晴,东风 3级
天津,2019-12-06,5,-2,晴,西南风 2级
天津,2019-12-07,6,-2,霾,西北风 1级
天津,2019-12-08,3,-2,多云转霾,西南风 2级
天津,2019-12-09,3,-2,霾,西风 2级
天津,2019-12-10,4,-2,晴,西北风 3级
天津,2019-12-11,3,-1,晴,北风 4级
天津,2019-12-12,6,-3,晴,西南风 2级
天津,2019-12-13,8,-1,晴,西北风 3级
天津,2019-12-14,7,-2,晴转多云,东风 2级
天津,2019-12-15,5,-1,雪,西南风 1级
天津,2019-12-16,3,-1,晴转多云,北风 2级
天津,2019-12-17,5,-1,晴,北风 4级
天津,2019-12-18,3,-3,晴转多云,西北风 2级
天津,2019-12-19,3,-2,晴,北风 3级
天津,2019-12-20,4,-4,晴,西风 1级
天津,2019-12-21,5,-4,阴转多云,北风 2级
天津,2019-12-22,4,-2,晴转多云,北风 2级
天津,2019-12-23,4,-2,阴,东风 2级
天津,2019-12-24,2,-1,阴,南风 2级
天津,2019-12-25,4,-2,阴,北风 2级
天津,2019-12-26,5,-2,晴,西北风 2级
天津,2019-12-27,5,-2,晴,西南风 2级
天津,2019-12-28,6,-3,霾转晴,东北风 2级
天津,2019-12-29,7,-2,晴转多云,北风 2级
天津,2019-12-30,0,-7,晴,北风 5级
天津,2019-12-31,-1,-9,晴,西风 3级
天津,2020-01-01,1,-6,晴转多云,东北风 1级
天津,2020-01-02,4,-4,多云,西北风 2级
天津,2020-01-03,5,-3,霾,西风 2级
天津,2020-01-04,7,-2,晴转多云,东北风 2级
天津,2020-01-05,3,-2,雪,东风 2级
天津,2020-01-06,4,-1,多云,北风 2级
天津,2020-01-07,3,0,多云,北风 3级
天津,2020-01-08,5,-3,晴,西北风 3级
天津,2020-01-09,5,-3,多云,西风 1级
天津,2020-01-10,6,-3,晴,西北风 2级
天津,2020-01-11,2,-2,阴,北风 2级
天津,2020-01-12,3,-3,多云转晴,西北风 2级
天津,2020-01-13,2,-4,晴,西北风 3级
天津,2020-01-14,3,-5,晴,北风 2级
天津,2020-01-15,3,-5,霾转多云,西风 2级
天津,2020-01-16,3,-4,霾,东北风 1级
天津,2020-01-17,4,-4,霾,西北风 1级
天津,2020-01-18,3,-3,霾,西风 2级
天津,2020-01-19,5,-3,晴,西北风 3级
天津,2020-01-20,5,-3,晴转多云,北风 3级
天津,2020-01-21,6,-3,晴转多云,南风 1级
天津,2020-01-22,7,-2,霾,西北风 1级
天津,2020-01-23,8,-1,晴转多云,东北风 2级
天津,2020-01-24,4,-1,晴转多云,东风 3级
天津,2020-01-25,6,-3,霾,西风 1级
天津,2020-01-26,5,-2,霾,东风 2级
天津,2020-01-27,5,-2,霾,西北风 1级
天津,2020-01-28,5,0,霾,东风 1级
天津,2020-01-29,5,0,晴,东北风 2级
天津,2020-01-30,6,-2,晴,南风 2级
天津,2020-01-31,8,-1,霾转晴,西南风 2级
天津,2020-02-01,5,-1,多云转雪,东风 2级
天津,2020-02-02,2,-1,晴,北风 2级
天津,2020-02-03,5,-4,晴转多云,西南风 3级
天津,2020-02-04,2,-4,晴,东风 3级
天津,2020-02-05,0,-4,多云,东南风 3级
天津,2020-02-06,1,-3,多云,南风 2级
天津,2020-02-07,5,-3,晴,西风 2级
天津,2020-02-08,8,-2,晴,西北风 2级
天津,2020-02-09,9,-1,霾,西风 2级
天津,2020-02-10,12,-2,霾,东南风 1级
天津,2020-02-11,14,0,多云,南风 2级
天津,2020-02-12,14,1,多云转晴,西南风 2级
天津,2020-02-13,12,1,霾转雨,南风 3级
天津,2020-02-14,7,-2,阴,东北风 4级
天津,2020-02-15,0,-5,晴,西北风 4级
天津,2020-02-16,2,-6,晴,北风 4级
天津,2020-02-17,6,-5,晴,西北风 3级
天津,2020-02-18,10,-3,晴,西风 1级
天津,2020-02-19,9,0,晴,东风 3级
天津,2020-02-20,7,0,多云转阴,东风 2级
天津,2020-02-21,10,2,晴,西北风 2级
天津,2020-02-22,10,1,晴,西北风 3级
天津,2020-02-23,14,1,晴转多云,西南风 3级
天津,2020-02-24,11,3,小雨转雨,东风 3级
天津,2020-02-25,8,3,晴,东风 3级
天津,2020-02-26,8,1,晴转多云,东南风 2级
天津,2020-02-27,7,1,阴,南风 2级
天津,2020-02-28,10,1,晴,西南风 2级
天津,2020-02-29,6,2,阴,东南风 2级
天津,2020-03-01,11,3,晴,北风 3级
天津,2020-03-02,11,1,阴转多云,东南风 3级
天津,2020-03-03,9,2,晴,西北风 4级
天津,2020-03-04,8,-1,晴,北风 3级
天津,2020-03-05,11,0,晴转多云,南风 3级
天津,2020-03-06,13,3,阴转雨,南风 3级
天津,2020-03-07,13,4,阴转多云,东北风 2级
天津,2020-03-08,12,3,小雨转雨,东风 2级
天津,2020-03-09,8,4,多云,东北风 3级
天津,2020-03-10,13,1,晴,西北风 3级
天津,2020-03-11,17,3,晴,西南风 3级
天津,2020-03-12,13,5,多云,东风 3级
天津,2020-03-13,11,2,晴,西风 2级
天津,2020-03-14,15,3,晴,西北风 3级
天津,2020-03-15,17,4,晴,东北风 3级
天津,2020-03-16,15,4,晴,南风 3级
天津,2020-03-17,21,4,晴,西北风 3级
天津,2020-03-18,26,9,晴,西风 4级
天津,2020-03-19,17,8,晴,西北风 4级
天津,2020-03-20,23,8,阴转多云,西南风 3级
天津,2020-03-21,16,8,晴,东风 4级
天津,2020-03-22,21,5,晴,西风 3级
天津,2020-03-23,21,9,阴转多云,东南风 3级
天津,2020-03-24,19,9,晴转多云,东南风 2级
天津,2020-03-25,22,11,多云,东南风 3级
天津,2020-03-26,13,4,阴,北风 4级
天津,2020-03-27,14,4,晴转多云,北风 3级
天津,2020-03-28,15,3,晴转多云,南风 2级
天津,2020-03-29,19,5,晴,南风 3级
天津,2020-03-30,20,8,多云转阴,西南风 3级
天津,2020-03-31,20,11,多云,南风 3级
天津,2020-04-01,15,9,晴转多云,北风 3级
天津,2020-04-02,19,8,晴,西风 3级
天津,2020-04-03,24,9,晴,西风 3级
天津,2020-04-04,17,9,晴,东风 4级
天津,2020-04-05,19,7,晴转多云,南风 2级
天津,2020-04-06,22,11,阴转多云,西南风 2级
天津,2020-04-07,17,10,多云,东风 3级
天津,2020-04-08,14,4,多云,东风 3级
天津,2020-04-09,12,7,多云,东南风 2级
天津,2020-04-10,16,6,晴转多云,西北风 2级
天津,2020-04-11,21,8,晴,西北风 3级
天津,2020-04-12,22,9,晴,东北风 3级
天津,2020-04-13,25,9,晴转多云,西南风 2级
天津,2020-04-14,27,12,晴,南风 3级
天津,2020-04-15,25,13,多云转雨,南风 3级
天津,2020-04-16,19,8,多云转晴,西北风 3级
天津,2020-04-17,21,10,晴转多云,北风 3级
天津,2020-04-18,22,12,阴,南风 2级
天津,2020-04-19,20,14,多云转雨,西南风 3级
天津,2020-04-20,17,10,晴,西北风 5级
天津,2020-04-21,15,6,晴,西北风 4级
天津,2020-04-22,16,6,晴,西北风 4级
天津,2020-04-23,17,6,晴,西北风 3级
天津,2020-04-24,25,10,晴,西风 4级
天津,2020-04-25,22,12,阴转多云,北风 3级
天津,2020-04-26,23,13,晴,北风 3级
天津,2020-04-27,24,11,晴,西南风 2级
天津,2020-04-28,30,12,晴,西南风 4级
天津,2020-04-29,32,18,晴,西南风 3级
天津,2020-04-30,32,20,晴,西南风 3级
天津,2020-05-01,36,21,晴,西南风 3级
天津,2020-05-02,32,22,晴,南风 3级
天津,2020-05-03,24,15,阴转雨,东风 3级
天津,2020-05-04,19,12,多云,东南风 3级
天津,2020-05-05,26,11,晴转多云,西南风 2级
天津,2020-05-06,25,14,阴,东南风 3级
天津,2020-05-07,19,15,小雨到大雨,东南风 2级
天津,2020-05-08,14,12,多云,东风 3级
天津,2020-05-09,22,10,多云,西风 2级
天津,2020-05-10,25,14,多云,西北风 4级
天津,2020-05-11,26,13,晴,西风 4级
天津,2020-05-12,27,14,晴,西北风 3级
天津,2020-05-13,30,17,多云,西南风 3级
天津,2020-05-14,28,18,晴,南风 4级
天津,2020-05-15,22,14,阴转雨,东南风 3级
天津,2020-05-16,23,16,阴转多云,东北风 2级
天津,2020-05-17,25,13,多云,北风 3级
天津,2020-05-18,25,14,晴,西北风 3级
天津,2020-05-19,28,16,晴,东北风 3级
天津,2020-05-20,29,17,阴转多云,南风 2级
天津,2020-05-21,27,16,多云转雨,东风 3级
天津,2020-05-22,29,16,阴转多云,西风 3级
天津,2020-05-23,22,18,阴转多云,东北风 3级
天津,2020-05-24,28,16,晴转多云,西北风 2级
天津,2020-05-25,25,17,阴转雨,东风 3级
天津,2020-05-26,26,17,晴转多云,西风 2级
天津,2020-05-27,29,16,晴,西北风 3级
天津,2020-05-28,33,18,晴转多云,西南风 3级
天津,2020-05-29,31,20,晴转多云,东南风 3级
天津,2020-05-30,30,22,阴,南风 4级
天津,2020-05-31,27,20,晴,西风 3级
天津,2020-06-01,31,18,晴转雨,西南风 3级
天津,2020-06-02,32,18,晴转晴,西南风 3级
天津,2020-06-03,34,22,晴,西风 3级
天津,2020-06-04,28,21,晴转多云,东风 3级
天津,2020-06-05,27,21,晴,东风 3级
天津,2020-06-06,27,21,晴,东风 3级
天津,2020-06-07,35,21,晴,南风 2级
天津,2020-06-08,37,26,多云,南风 3级
天津,2020-06-09,30,23,多云,东南风 3级
天津,2020-06-10,32,23,晴,西北风 2级
天津,2020-06-11,29,23,阴,东风 3级
天津,2020-06-12,31,24,晴,东南风 2级
天津,2020-06-13,35,24,阴,西南风 2级
天津,2020-06-14,34,22,晴,北风 3级
天津,2020-06-15,36,23,晴,西风 2级
天津,2020-06-16,35,25,多云,西南风 2级
天津,2020-06-17,33,23,多云,西南风 4级
天津,2020-06-18,30,23,多云,西南风 3级
天津,2020-06-19,33,22,晴,西南风 2级
天津,2020-06-20,33,24,晴,南风 3级
天津,2020-06-21,35,25,晴,南风 3级
天津,2020-06-22,33,26,阴,南风 3级
天津,2020-06-23,31,22,阴,南风 3级
天津,2020-06-24,30,23,晴,东南风 3级
天津,2020-06-25,27,20,多云,东南风 3级
天津,2020-06-26,27,22,晴,东风 2级
天津,2020-06-27,28,22,晴,东风 2级
天津,2020-06-28,28,23,阴,东南风 3级
天津,2020-06-29,27,23,多云,东风 2级
天津,2020-06-30,29,23,晴,西风 2级
天津,2020-07-01,34,24,多云,西南风 3级
天津,2020-07-02,28,23,小雨,东南风 3级
天津,2020-07-03,26,23,阴,东南风 3级
天津,2020-07-04,28,22,多云,西南风 2级
天津,2020-07-05,28,22,多云,南风 2级
天津,2020-07-06,31,22,阴,东风 2级
天津,2020-07-07,32,23,晴,东风 3级
天津,2020-07-08,32,25,多云,东南风 3级
天津,2020-07-09,29,20,阴,东南风 2级
天津,2020-07-10,27,24,阴,东风 2级
天津,2020-07-11,29,24,阴,东南风 2级
天津,2020-07-12,28,23,多云,东南风 2级
天津,2020-07-13,28,23,晴,南风 2级
天津,2020-07-14,32,22,晴,西风 2级
天津,2020-07-15,34,23,多云,西风 2级
天津,2020-07-16,35,24,多云,西南风 3级
天津,2020-07-17,32,26,阴,南风 3级
天津,2020-07-18,29,24,阴,东南风 2级
天津,2020-07-19,30,24,晴,东北风 3级
天津,2020-07-20,36,23,晴,西南风 3级
天津,2020-07-21,35,26,晴,南风 3级
天津,2020-07-22,33,25,多云,东南风 3级
天津,2020-07-23,32,24,晴,东风 3级
天津,2020-07-24,37,24,晴,西风 2级
天津,2020-07-25,37,27,阴,西风 3级
天津,2020-07-26,29,23,多云,西风 2级
天津,2020-07-27,27,24,阴,东南风 2级
天津,2020-07-28,30,24,多云,东南风 2级
天津,2020-07-29,32,24,晴,南风 2级
天津,2020-07-30,35,27,多云,南风 3级
天津,2020-07-31,30,24,多云,南风 3级
天津,2020-08-01,33,23,小雨,南风 3级
天津,2020-08-02,30,26,多云,西南风 3级
天津,2020-08-03,33,25,晴,西风 2级
天津,2020-08-04,35,27,阴,西南风 2级
天津,2020-08-05,30,26,多云,北风 2级
天津,2020-08-06,32,25,多云,东南风 2级
天津,2020-08-07,31,25,多云,东风 3级
天津,2020-08-08,30,24,多云,东南风 2级
天津,2020-08-09,32,24,小雨,西南风 2级
天津,2020-08-10,32,25,多云,西南风 2级
天津,2020-08-11,32,24,阴,西南风 2级
天津,2020-08-12,32,25,小雨到中雨,东南风 3级
天津,2020-08-13,30,25,晴,西南风 3级
天津,2020-08-14,33,25,阴,西南风 2级
天津,2020-08-15,29,24,阴,南风 2级
天津,2020-08-16,27,24,多云,东南风 1级
天津,2020-08-17,30,24,多云,西南风 2级
天津,2020-08-18,31,23,阴,西风 3级
天津,2020-08-19,26,21,阴,东北风 3级
天津,2020-08-20,26,20,晴,东北风 2级
天津,2020-08-21,28,20,晴,东风 2级
天津,2020-08-22,29,20,阴,西南风 2级
天津,2020-08-23,29,21,多云,南风 2级
天津,2020-08-24,26,21,晴,西北风 3级
天津,2020-08-25,32,21,多云,西南风 2级
天津,2020-08-26,29,24,阴,东风 2级
天津,2020-08-27,30,23,多云,北风 2级
天津,2020-08-28,32,22,晴,东南风 2级
天津,2020-08-29,32,23,晴,东南风 2级
天津,2020-08-30,31,24,阴,东南风 2级
天津,2020-08-31,29,24,阴,北风 2级
天津,2020-09-01,32,21,多云,西北风 2级
天津,2020-09-02,29,23,阴,北风 3级
天津,2020-09-03,27,19,晴,西北风 3级
天津,2020-09-04,30,20,阴,西南风 2级
天津,2020-09-05,31,19,晴,东南风 2级
天津,2020-09-06,31,22,阴,东风 2级
天津,2020-09-07,31,22,多云,北风 2级
天津,2020-09-08,31,22,晴,西北风 2级
天津,2020-09-09,32,21,多云,西北风 3级
天津,2020-09-10,28,19,阴,北风 3级
天津,2020-09-11,24,19,多云,北风 3级
天津,2020-09-12,25,19,阴,东北风 3级
天津,2020-09-13,26,20,阴,东南风 2级
天津,2020-09-14,25,19,阴转雨,西南风 2级
天津,2020-09-15,23,17,阴,西风 2级
天津,2020-09-16,25,17,晴,西北风 3级
天津,2020-09-17,26,16,晴,西北风 3级
天津,2020-09-18,27,15,晴,西北风 2级
天津,2020-09-19,29,16,晴,西风 2级
天津,2020-09-20,27,17,晴,东风 3级
天津,2020-09-21,26,18,晴,南风 2级
天津,2020-09-22,25,19,阴,东风 3级
天津,2020-09-23,18,16,阴,东北风 2级
天津,2020-09-24,23,17,晴,东北风 2级
天津,2020-09-25,25,17,晴,东风 2级
天津,2020-09-26,26,16,晴,南风 2级
天津,2020-09-27,26,17,晴,南风 2级
天津,2020-09-28,27,17,阴,西南风 2级
天津,2020-09-29,16,11,多云,东北风 3级
天津,2020-09-30,22,14,阴,南风 2级
天津,2020-10-01,17,13,晴,南风 2级
天津,2020-10-02,20,11,晴,西北风 3级
天津,2020-10-03,23,12,多云,西南风 3级
天津,2020-10-04,17,9,晴,西北风 4级
天津,2020-10-05,19,10,晴,西北风 3级
天津,2020-10-06,21,10,晴,西南风 2级
天津,2020-10-07,22,11,晴,南风 2级
天津,2020-10-08,22,13,阴,南风 2级
天津,2020-10-09,23,13,晴,南风 2级
天津,2020-10-10,24,14,阴,南风 2级
天津,2020-10-11,15,13,阴,西风 2级
天津,2020-10-12,19,9,晴,西北风 2级
天津,2020-10-13,21,11,阴,北风 3级
天津,2020-10-14,16,10,多云,东南风 3级
天津,2020-10-15,17,10,多云,西南风 2级
天津,2020-10-16,19,9,晴,西北风 3级
天津,2020-10-17,23,8,晴,西南风 3级
天津,2020-10-18,21,10,晴,西南风 1级
天津,2020-10-19,21,11,阴,西南风 2级
天津,2020-10-20,20,12,多云,南风 3级
天津,2020-10-21,16,6,晴,西北风 4级
天津,2020-10-22,15,6,晴,北风 3级
天津,2020-10-23,14,8,晴,北风 2级
天津,2020-10-24,18,9,多云,西南风 3级
天津,2020-10-25,19,10,多云,西南风 2级
天津,2020-10-26,21,9,霾,西风 2级
天津,2020-10-27,17,9,晴,北风 3级
天津,2020-10-28,18,8,晴,西风 2级
天津,2020-10-29,19,8,晴,西南风 2级
天津,2020-10-30,18,10,阴,南风 2级
天津,2020-10-31,20,11,晴,西风 2级
天津,2020-11-01,17,9,晴,北风 3级
天津,2020-11-02,13,3,晴,北风 4级
天津,2020-11-03,13,5,晴,西北风 2级
天津,2020-11-04,16,8,晴,西南风 2级
天津,2020-11-05,15,9,多云,西南风 2级
天津,2020-11-06,18,8,晴,西风 3级
天津,2020-11-07,19,4,晴,西北风 4级
天津,2020-11-08,14,5,晴,西北风 3级
天津,2020-11-09,15,7,晴,西风 2级
天津,2020-11-10,16,6,晴,西南风 2级
天津,2020-11-11,19,8,晴,西南风 2级
天津,2020-11-12,18,7,晴,西北风 3级
天津,2020-11-13,16,7,晴,东风 2级
天津,2020-11-14,15,9,阴,东南风 1级
天津,2020-11-15,16,10,多云,西北风 1级
天津,2020-11-16,15,9,晴转多云,东风 3级
天津,2020-11-17,12,9,阴,东风 2级
天津,2020-11-18,12,5,阴,东北风 4级
天津,2020-11-19,9,1,晴,东北风 2级
天津,2020-11-20,7,3,阴,东北风 2级
天津,2020-11-21,4,0,阴,东北风 2级
天津,2020-11-22,3,-2,晴,北风 3级
天津,2020-11-23,5,1,晴,西北风 3级
天津,2020-11-24,7,1,晴,西风 2级
天津,2020-11-25,8,2,多云,北风 2级
天津,2020-11-26,5,1,阴,东风 2级
天津,2020-11-27,4,-1,晴,北风 3级
天津,2020-11-28,1,-2,阴,北风 3级
天津,2020-11-29,4,-1,晴,西北风 2级
天津,2020-11-30,3,-1,晴,北风 2级
天津,2020-12-01,4,-1,阴,北风 1级
天津,2020-12-02,3,-2,晴,北风 2级
天津,2020-12-03,3,-3,晴,西北风 3级
天津,2020-12-04,4,-3,晴,西北风 3级
天津,2020-12-05,5,-1,阴,西风 2级
天津,2020-12-06,6,-2,晴,北风 2级
天津,2020-12-07,1,-6,晴,北风 4级
天津,2020-12-08,2,-3,阴,西风 2级
天津,2020-12-09,6,-3,晴,西南风 1级
天津,2020-12-10,7,-2,多云,西风 2级
天津,2020-12-11,8,-1,霾,北风 2级
天津,2020-12-12,1,-4,霾,北风 2级
天津,2020-12-13,-1,-7,晴,北风 4级
天津,2020-12-14,0,-7,晴,西北风 2级
天津,2020-12-15,0,-6,晴,西北风 2级
天津,2020-12-16,2,-4,晴,西北风 2级
天津,2020-12-17,5,-4,多云,西风 2级
天津,2020-12-18,0,-6,晴,北风 3级
天津,2020-12-19,3,-4,晴,西风 2级
天津,2020-12-20,4,-4,晴,西北风 2级
天津,2020-12-21,6,-3,晴,西风 2级
天津,2020-12-22,6,-2,多云,西南风 2级
天津,2020-12-23,8,-4,晴,西北风 3级
天津,2020-12-24,2,-3,晴,西北风 2级
天津,2020-12-25,3,-3,晴,西南风 2级
天津,2020-12-26,4,-2,晴,东北风 2级
天津,2020-12-27,5,-2,阴,东北风 2级
天津,2020-12-28,1,-6,多云,东风 3级
天津,2020-12-29,-8,-12,晴,北风 5级
天津,2020-12-30,-6,-11,晴,西北风 4级
天津,2020-12-31,1,-8,晴,西风 2级
天津,2021-01-01,2,-7,晴,东北风 1级
天津,2021-01-02,1,-6,晴,东北风 2级
天津,2021-01-03,0,-4,阴,东北风 2级
天津,2021-01-04,0,-8,晴,北风 3级
天津,2021-01-05,-1,-8,晴,西北风 3级
天津,2021-01-06,0,-17,晴,西北风 5级
天津,2021-01-07,-7,-14,晴,西北风 3级
天津,2021-01-08,-3,-9,晴,西北风 3级
天津,2021-01-09,0,-7,晴,西北风 3级
天津,2021-01-10,1,-6,阴,西北风 3级
天津,2021-01-11,2,-6,阴,西北风 3级
天津,2021-01-12,6,-5,霾,西南风 2级
天津,2021-01-13,8,-1,晴,北风 3级
天津,2021-01-14,5,-2,多云,东风 2级
天津,2021-01-15,3,-7,晴,北风 3级
天津,2021-01-16,1,-6,晴,西北风 3级
天津,2021-01-17,3,-4,晴,西风 3级
天津,2021-01-18,5,-3,晴,东北风 3级
天津,2021-01-19,-2,-6,晴,东北风 3级
天津,2021-01-20,1,-3,多云,北风 1级
天津,2021-01-21,11,1,霾,西风 2级
天津,2021-01-22,4,-4,阴,东风 2级
天津,2021-01-23,5,-3,晴,西南风 1级
天津,2021-01-24,4,-2,多云,南风 1级
天津,2021-01-25,5,-2,晴,北风 1级
天津,2021-01-26,8,-2,晴,西北风 2级
天津,2021-01-27,7,-4,霾,西风 3级
天津,2021-01-28,-2,-7,晴,西北风 4级
天津,2021-01-29,4,-4,晴,南风 1级
天津,2021-01-30,6,-3,晴,东风 3级
天津,2021-01-31,2,-4,晴,东北风 2级
天津,2021-02-01,3,-6,晴,北风 4级
天津,2021-02-02,0,-5,晴,西风 3级
天津,2021-02-03,8,-4,晴,北风 3级
天津,2021-02-04,11,0,多云,西南风 3级
天津,2021-02-05,14,1,晴,西风 2级
天津,2021-02-06,16,-1,晴,北风 3级
天津,2021-02-07,6,-3,晴,东北风 3级
天津,2021-02-08,8,-1,晴,西南风 2级
天津,2021-02-09,10,0,晴,西南风 2级
天津,2021-02-10,15,1,晴,西南风 2级
天津,2021-02-11,15,4,多云,南风 3级
天津,2021-02-12,14,3,霾,东南风 2级
天津,2021-02-13,7,1,阴,东南风 2级
天津,2021-02-14,12,0,晴,西北风 2级
天津,2021-02-15,6,-2,多云,西风 3级
天津,2021-02-16,0,-6,晴,北风 4级
天津,2021-02-17,1,-4,晴,北风 3级
天津,2021-02-18,10,0,晴,西南风 2级
天津,2021-02-19,19,4,多云,西风 2级
天津,2021-02-20,22,9,多云,西南风 2级
天津,2021-02-21,23,4,晴,西北风 2级
天津,2021-02-22,8,1,阴,东风 3级
天津,2021-02-23,12,3,晴,东风 5级
天津,2021-02-24,3,0,阴,东南风 2级
天津,2021-02-25,7,0,晴,东风 2级
天津,2021-02-26,11,0,晴,东南风 2级
天津,2021-02-27,14,3,阴,南风 2级
天津,2021-02-28,7,0,阴,东风 3级
天津,2021-03-01,3,-4,晴,东北风 3级
天津,2021-03-02,3,0,晴,南风 2级
天津,2021-03-03,8,3,晴,西南风 3级
天津,2021-03-04,13,5,阴,西南风 2级
天津,2021-03-05,7,-1,阴,东风 4级
天津,2021-03-06,3,-3,晴,东风 3级
天津,2021-03-07,7,1,晴,西南风 2级
天津,2021-03-08,11,2,多云,南风 2级
天津,2021-03-09,15,6,霾,西南风 2级
天津,2021-03-10,18,9,多云,西南风 3级
天津,2021-03-11,17,7,阴,南风 3级
天津,2021-03-12,13,6,阴,南风 3级
天津,2021-03-13,15,7,晴,南风 2级
天津,2021-03-14,15,10,多云,南风 3级
天津,2021-03-15,12,2,霾,北风 4级
天津,2021-03-16,13,5,阴,东北风 3级
天津,2021-03-17,12,6,阴,东南风 2级
天津,2021-03-18,5,3,阴,东风 4级
天津,2021-03-19,12,4,阴,西南风 2级
天津,2021-03-20,14,5,晴,西北风 4级
天津,2021-03-21,12,4,晴,西北风 4级
天津,2021-03-22,19,8,晴,西风 3级
天津,2021-03-23,22,10,晴,西南风 3级
天津,2021-03-24,19,8,晴,东南风 3级
天津,2021-03-25,22,11,多云,西南风 2级
天津,2021-03-26,19,11,阴,南风 3级
天津,2021-03-27,15,10,晴,东南风 2级
天津,2021-03-28,17,9,阴,西北风 4级
天津,2021-03-29,19,9,阴,西北风 3级
天津,2021-03-30,22,11,晴,南风 3级
天津,2021-03-31,24,12,晴,东南风 2级
天津,2021-04-01,19,13,阴,东风 3级
天津,2021-04-02,15,11,小雨,东风 2级
天津,2021-04-03,17,7,阴,东北风 3级
天津,2021-04-04,19,10,晴,西风 2级
天津,2021-04-05,18,12,阴,西南风 3级
天津,2021-04-06,20,12,晴,西南风 2级
天津,2021-04-07,16,8,晴,东南风 3级
天津,2021-04-08,19,12,阴,东南风 2级
天津,2021-04-09,17,9,阴,东南风 3级
天津,2021-04-10,23,14,阴,南风 3级
天津,2021-04-11,19,11,阴,南风 3级
天津,2021-04-12,19,10,晴,北风 3级
天津,2021-04-13,15,9,晴,西北风 3级
天津,2021-04-14,22,12,晴,西南风 3级
天津,2021-04-15,23,11,晴,西南风 4级
天津,2021-04-16,18,9,晴,西北风 3级
天津,2021-04-17,19,9,晴,西北风 4级
天津,2021-04-18,25,14,晴,西南风 3级
天津,2021-04-19,27,16,阴,西南风 3级
天津,2021-04-20,25,14,多云,南风 3级
天津,2021-04-21,21,12,阴,南风 2级
天津,2021-04-22,11,10,多云,东风 3级
天津,2021-04-23,13,12,多云,东北风 4级
天津,2021-04-24,14,12,多云,东风 3级
天津,2021-04-25,20,11,多云,东南风 2级
天津,2021-04-26,19,12,多云,南风 2级
天津,2021-04-27,23,11,多云,西北风 3级
天津,2021-04-28,22,13,多云,西风 3级
天津,2021-04-29,19,12,晴,西北风 4级
天津,2021-04-30,17,11,晴,南风 3级
天津,2021-05-01,20,9,晴,西北风 3级
天津,2021-05-02,21,14,阴,南风 3级
天津,2021-05-03,23,15,多云,南风 4级
天津,2021-05-04,24,14,晴,西北风 4级
天津,2021-05-05,27,16,晴,西南风 4级
天津,2021-05-06,29,15,晴,西风 5级
天津,2021-05-07,25,12,晴,西风 4级
天津,2021-05-08,23,14,多云,西北风 4级
天津,2021-05-09,26,14,阴,东风 3级
天津,2021-05-10,22,12,多云,东风 3级
天津,2021-05-11,21,13,阴,东南风 3级
天津,2021-05-12,26,15,晴,东南风 2级
天津,2021-05-13,24,17,晴,东风 3级
天津,2021-05-14,26,18,多云,东南风 3级
天津,2021-05-15,21,14,阴转小雨,东北风 3级
天津,2021-05-16,25,15,阴,西北风 3级
天津,2021-05-17,32,18,多云,西风 3级
天津,2021-05-18,32,20,多云,西南风 3级
天津,2021-05-19,32,20,阴,西南风 4级
天津,2021-05-20,27,15,多云,西风 2级
天津,2021-05-21,30,21,晴,西南风 3级
天津,2021-05-22,34,21,阴,南风 3级
天津,2021-05-23,26,16,霾,北风 3级
天津,2021-05-24,26,16,多云,西北风 3级
天津,2021-05-25,26,16,阴,南风 3级
天津,2021-05-26,26,16,多云,西北风 3级
天津,2021-05-27,31,18,多云转小雨,西风 4级
天津,2021-05-28,29,18,多云,西北风 4级
天津,2021-05-29,30,20,多云,西南风 2级
天津,2021-05-30,24,16,多云,东南风 3级
天津,2021-05-31,23,16,阴,东风 2级
天津,2021-06-01,28,17,多云,东南风 3级
天津,2021-06-02,27,17,小雨到中雨,东北风 3级
天津,2021-06-03,27,19,晴,西北风 3级
天津,2021-06-04,30,18,晴,西北风 4级
天津,2021-06-05,33,20,阴,西风 3级
天津,2021-06-06,32,21,阴,东风 3级
天津,2021-06-07,26,18,阴,东风 4级
天津,2021-06-08,27,20,多云,东风 3级
天津,2021-06-09,27,19,多云,东北风 3级
天津,2021-06-10,27,18,晴,东北风 2级
天津,2021-06-11,36,23,阴,西南风 3级
天津,2021-06-12,34,24,多云,南风 3级
天津,2021-06-13,36,24,小雨到大雨,东南风 2级
天津,2021-06-14,30,23,小雨,东风 2级
天津,2021-06-15,27,21,阴,东风 2级
天津,2021-06-16,23,17,阴,东风 3级
天津,2021-06-17,31,21,多云,西北风 3级
天津,2021-06-18,33,22,晴,西北风 3级
天津,2021-06-19,31,17,阴,西风 2级
天津,2021-06-20,34,21,多云,南风 2级
天津,2021-06-21,35,22,阴转多云,东南风 1级
天津,2021-06-22,36,22,晴,东风 3级
天津,2021-06-23,27,21,小雨,东南风 3级
天津,2021-06-24,27,22,阴转小雨,东风 2级
天津,2021-06-25,30,21,阴转雨,东南风 2级
天津,2021-06-26,30,21,晴,东南风 2级
天津,2021-06-27,31,22,多云,东风 2级
天津,2021-06-28,38,22,多云,东南风 2级
天津,2021-06-29,29,22,多云,南风 2级
天津,2021-06-30,38,23,小雨,东南风 2级
天津,2021-07-01,29,21,多云,东风 2级
天津,2021-07-02,30,20,阴,东南风 2级
天津,2021-07-03,30,17,阴,西南风 1级
天津,2021-07-04,33,21,多云,东南风 2级
天津,2021-07-05,32,21,阴,东风 3级
天津,2021-07-06,28,18,多云,西风 2级
天津,2021-07-07,32,21,多云,西南风 2级
天津,2021-07-08,31,24,小雨到中雨,南风 2级
天津,2021-07-09,33,25,多云,东风 2级
天津,2021-07-10,36,25,小雨到中雨,东南风 3级
天津,2021-07-11,26,20,小雨到大雨,东风 2级
天津,2021-07-12,34,21,小雨到中雨,西南风 2级
天津,2021-07-13,31,24,阴,南风 2级
天津,2021-07-14,29,23,阴,东南风 2级
天津,2021-07-15,31,25,多云,东风 2级
天津,2021-07-16,29,24,多云转小雨,东风 3级
天津,2021-07-17,28,24,多云,东风 3级
天津,2021-07-18,30,24,阴转多云,东南风 2级
天津,2021-07-19,30,24,阴到小雨,东南风 2级
天津,2021-07-20,31,25,阴,东风 2级
天津,2021-07-21,27,20,小雨,东风 2级
天津,2021-07-22,30,25,阴,东风 2级
天津,2021-07-23,25,20,小雨到中雨,东风 3级
天津,2021-07-24,29,20,多云转小雨,东风 3级
天津,2021-07-25,34,27,晴,南风 3级
天津,2021-07-26,35,26,多云,南风 3级
天津,2021-07-27,29,22,阴,东风 2级
天津,2021-07-28,30,25,阴,东北风 2级
天津,2021-07-29,26,20,小雨,东北风 2级
天津,2021-07-30,23,20,多云,北风 3级
天津,2021-07-31,33,24,小雨到大雨,西南风 2级
天津,2021-08-01,31,21,多云,北风 2级
天津,2021-08-02,31,24,晴,东北风 2级
天津,2021-08-03,31,25,多云转阴,东南风 2级
天津,2021-08-04,32,24,阴,南风 2级
天津,2021-08-05,28,21,晴,东南风 2级
天津,2021-08-06,32,24,晴,西风 2级
天津,2021-08-07,30,21,多云,东北风 2级
天津,2021-08-08,31,21,阴到小雨,东南风 2级
天津,2021-08-09,33,19,多云,西风 2级
天津,2021-08-10,31,22,阴,东风 2级
天津,2021-08-11,32,24,多云,东风 2级
天津,2021-08-12,32,23,多云转雨,东风 3级
天津,2021-08-13,30,23,多云转小雨,东南风 2级
天津,2021-08-14,29,24,晴,东南风 2级
天津,2021-08-15,29,23,多云,南风 2级
天津,2021-08-16,29,23,多云转雨,东南风 2级
天津,2021-08-17,31,23,多云,东北风 2级
天津,2021-08-18,28,22,多云,东风 3级
天津,2021-08-19,25,20,小雨到中雨,东风 2级
天津,2021-08-20,27,21,多云转小雨,东北风 3级
天津,2021-08-21,31,22,晴,西风 2级
天津,2021-08-22,32,24,多云,西南风 3级
天津,2021-08-23,30,20,阴,西南风 2级
天津,2021-08-24,29,21,多云,西风 3级
天津,2021-08-25,29,18,阴,西风 2级
天津,2021-08-26,30,21,多云,西风 2级
天津,2021-08-27,28,15,多云,东风 2级
天津,2021-08-28,23,16,阴,东风 3级
天津,2021-08-29,18,16,阴,东风 2级
天津,2021-08-30,29,22,小雨转阴,东风 2级
天津,2021-08-31,26,19,多云,东北风 2级
天津,2021-09-01,29,21,晴,西风 2级
天津,2021-09-02,31,22,晴,西南风 2级
天津,2021-09-03,24,19,小雨,东风 2级
天津,2021-09-04,23,21,多云,东北风 1级
天津,2021-09-05,23,20,多云,北风 2级
天津,2021-09-06,21,16,阴,西风 1级
天津,2021-09-07,25,15,晴,西风 2级
天津,2021-09-08,27,16,晴,西南风 2级
天津,2021-09-09,28,20,多云,东南风 3级
天津,2021-09-10,29,21,晴,东风 2级
天津,2021-09-11,31,23,多云,东北风 1级
天津,2021-09-12,28,23,阴,东风 3级
天津,2021-09-13,28,18,晴,东风 2级
天津,2021-09-14,24,16,多云,东南风 1级
天津,2021-09-15,25,17,多云,西北风 1级
天津,2021-09-16,24,19,小雨,北风 0级
天津,2021-09-17,27,19,晴转阴,北风 2级
天津,2021-09-18,24,18,多云,西南风 2级
天津,2021-09-19,19,13,小雨,东北风 2级
天津,2021-09-20,20,16,多云,西北风 2级
天津,2021-09-21,26,17,晴,西北风 1级
天津,2021-09-22,29,17,晴,北风 1级
天津,2021-09-23,22,19,中雨到大雨,东风 2级
天津,2021-09-24,19,17,中雨到大雨,东风 3级
天津,2021-09-25,23,16,阴,东南风 1级
天津,2021-09-26,23,17,小雨到中雨,东北风 1级
天津,2021-09-27,27,18,多云,东风 1级
天津,2021-09-28,18,14,小雨到中雨,东风 1级
天津,2021-09-29,25,13,晴转多云,东南风 1级
天津,2021-09-30,24,17,多云,东风 2级
天津,2021-10-01,24,17,晴,西北风 1级
天津,2021-10-02,24,20,多云,东南风 2级
天津,2021-10-03,23,16,小雨,北风 2级
天津,2021-10-04,21,12,小雨,北风 2级
天津,2021-10-05,16,12,小雨,北风 2级
天津,2021-10-06,11,7,多云,北风 2级
天津,2021-10-07,18,9,晴,西风 1级
天津,2021-10-08,19,8,多云,西风 1级
天津,2021-10-09,15,10,小雨,西北风 1级
天津,2021-10-10,17,7,多云,西北风 2级
天津,2021-10-11,19,5,多云,西南风 1级
天津,2021-10-12,13,6,晴,东风 4级
天津,2021-10-13,21,11,多云,北风 0级
天津,2021-10-14,17,11,阴,西北风 2级
天津,2021-10-15,16,7,阴转多云,北风 3级
天津,2021-10-16,12,1,晴,北风 2级
天津,2021-10-17,14,4,多云,东风 4级
天津,2021-10-18,15,3,多云,西南风 3级
天津,2021-10-19,13,4,晴,东南风 3级
天津,2021-10-20,14,-3,晴,西北风 1级
天津,2021-10-21,18,6,晴,西南风 2级
天津,2021-10-22,17,5,晴,北风 1级
天津,2021-10-23,18,4,晴,西南风 2级
天津,2021-10-24,19,5,晴,南风 1级
天津,2021-10-25,18,8,阴,西南风 1级
天津,2021-10-26,19,4,晴,西南风 2级
天津,2021-10-27,21,5,多云,西南风 1级
天津,2021-10-28,17,10,多云,南风 1级
天津,2021-10-29,17,4,晴,西南风 2级
天津,2021-10-30,19,6,晴,南风 1级
天津,2021-10-31,17,5,晴,东风 1级
天津,2021-11-01,16,7,晴转阴,东南风 2级
天津,2021-11-02,14,1,多云,东风 1级
天津,2021-11-03,17,5,晴,西南风 2级
天津,2021-11-04,15,7,晴,东风 1级
天津,2021-11-05,17,11,多云,东风 4级
天津,2021-11-06,13,0,小雨,东北风 1级
天津,2021-11-07,0,-4,中雨到大雨,北风 4级
天津,2021-11-08,1,-4,多云转晴,西北风 3级
天津,2021-11-09,8,2,晴,西风 2级
天津,2021-11-10,14,-3,晴,西南风 2级
天津,2021-11-11,12,1,晴,西北风 3级
天津,2021-11-12,15,3,晴,西南风 1级
天津,2021-11-13,15,0,晴,西南风 1级
天津,2021-11-14,14,4,多云,南风 1级
天津,2021-11-15,12,-3,晴,西北风 1级
天津,2021-11-16,13,-2,晴,西北风 1级
天津,2021-11-17,10,2,晴,西南风 3级
天津,2021-11-18,19,7,晴,西北风 3级
天津,2021-11-19,14,7,多云,东风 4级
天津,2021-11-20,9,1,小雨,东北风 1级
天津,2021-11-21,7,-4,晴,西北风 3级
天津,2021-11-22,4,-4,晴,西北风 4级
天津,2021-11-23,7,-6,晴,东北风 1级
天津,2021-11-24,10,0,晴,南风 1级
天津,2021-11-25,10,-3,晴,东南风 1级
天津,2021-11-26,12,-2,晴,东风 2级
天津,2021-11-27,14,2,多云,东南风 1级
天津,2021-11-28,12,4,多云,西南风 2级
天津,2021-11-29,8,0,小雨转多云,北风 2级
天津,2021-11-30,5,0,多云,西风 3级
天津,2021-12-01,8,-4,多云,西南风 2级
天津,2021-12-02,11,-3,晴,东北风 1级
天津,2021-12-03,11,2,晴,西风 3级
天津,2021-12-04,14,-1,多云,东风 1级
天津,2021-12-05,10,-2,多云,西南风 2级
天津,2021-12-06,12,-2,多云,北风 1级
天津,2021-12-07,9,-2,晴转阴,西北风 2级
天津,2021-12-08,8,-1,阴,南风 2级
天津,2021-12-09,5,-2,晴,西南风 1级
天津,2021-12-10,8,2,小雨,东南风 0级
天津,2021-12-11,8,2,阴,西风 2级
天津,2021-12-12,4,-7,晴,西南风 3级
天津,2021-12-13,5,-4,晴,西南风 1级
天津,2021-12-14,8,-3,晴,南风 1级
天津,2021-12-15,8,-3,多云,东南风 1级
天津,2021-12-16,6,-6,晴,北风 4级
天津,2021-12-17,-1,-5,晴,西北风 3级
天津,2021-12-18,7,-4,多云,北风 1级
天津,2021-12-19,6,-6,晴,西南风 3级
天津,2021-12-20,11,0,晴,南风 2级
天津,2021-12-21,8,-1,晴,东北风 1级
天津,2021-12-22,4,-4,多云,东风 2级
天津,2021-12-23,1,-7,多云,东南风 2级
天津,2021-12-24,-3,-9,多云,东风 2级
天津,2021-12-25,-5,-10,晴,西北风 3级
天津,2021-12-26,-1,-7,晴,西北风 3级
天津,2021-12-27,4,-5,晴,南风 1级
天津,2021-12-28,4,-3,晴,西南风 2级
天津,2021-12-29,4,-4,晴,北风 3级
天津,2021-12-30,7,-4,晴转多云,西北风 3级
天津,2021-12-31,3,-1,多云,南风 2级
天津,2022-01-01,7,-3,晴,南风 1级
天津,2022-01-02,3,-5,多云,西北风 1级
天津,2022-01-03,6,-12,晴,西南风 1级
天津,2022-01-04,6,-2,多云,东南风 2级
天津,2022-01-05,4,-6,晴,南风 1级
天津,2022-01-06,3,-9,晴,西风 1级
天津,2022-01-07,7,-5,多云,南风 1级
天津,2022-01-08,9,-4,晴,北风 4级
天津,2022-01-09,4,0,多云,东南风 1级
天津,2022-01-10,0,-12,晴,北风 3级
天津,2022-01-11,1,-5,多云,东风 1级
天津,2022-01-12,1,-6,晴,北风 4级
天津,2022-01-13,4,-3,多云,北风 2级
天津,2022-01-14,5,-2,多云,西北风 1级
天津,2022-01-15,2,-11,多云转晴,北风 3级
天津,2022-01-16,1,-5,晴,南风 2级
天津,2022-01-17,2,-13,晴,西南风 1级
天津,2022-01-18,5,-4,晴,北风 1级
天津,2022-01-19,7,0,霾,东风 5级
天津,2022-01-20,1,-6,多云,东北风 2级
天津,2022-01-21,0,-3,阴,东南风 2级
天津,2022-01-22,2,-2,小雪,南风 1级
天津,2022-01-23,2,-3,多云,东北风 1级
天津,2022-01-24,4,-2,阴,东风 2级
天津,2022-01-25,3,-3,多云,西南风 1级
天津,2022-01-26,3,-1,阴,东风 3级
天津,2022-01-27,4,-6,多云,北风 1级
天津,2022-01-28,4,-4,多云,西北风 2级
天津,2022-01-29,5,-10,晴,东北风 1级
天津,2022-01-30,4,-3,多云,东风 2级
天津,2022-01-31,0,-9,晴,北风 3级
天津,2022-02-01,1,-3,晴,西南风 1级
天津,2022-02-02,4,-4,晴,北风 1级
天津,2022-02-03,3,-3,晴,北风 2级
天津,2022-02-04,0,-4,晴,西北风 2级
天津,2022-02-05,3,-3,晴,西北风 3级
天津,2022-02-06,5,-2,多云,东风 4级
天津,2022-02-07,5,-2,多云,东南风 2级
天津,2022-02-08,8,-1,晴,西风 1级
天津,2022-02-09,9,-1,多云,西风 2级
天津,2022-02-10,9,0,晴,西南风 2级
天津,2022-02-11,7,0,多云,东风 3级
天津,2022-02-12,1,-2,雨夹雪,东风 2级
天津,2022-02-13,-3,-6,小雪,东风 2级
天津,2022-02-14,-2,-6,多云,北风 2级
天津,2022-02-15,-2,-7,多云,北风 1级
天津,2022-02-16,-1,-6,晴,北风 2级
天津,2022-02-17,0,-4,多云,东南风 2级
天津,2022-02-18,2,-4,多云,北风 1级
天津,2022-02-19,1,-6,晴,西北风 3级
天津,2022-02-20,5,-4,晴,西北风 3级
天津,2022-02-21,4,-4,晴,西北风 3级
天津,2022-02-22,3,-5,晴,北风 4级
天津,2022-02-23,7,-2,晴,东风 4级
天津,2022-02-24,11,0,晴,东风 2级
天津,2022-02-25,12,2,多云,西北风 3级
天津,2022-02-26,11,2,晴,北风 3级
天津,2022-02-27,16,6,晴,东南风 2级
天津,2022-02-28,14,3,阴,北风 4级
天津,2022-03-01,9,3,多云,北风 2级
天津,2022-03-02,13,3,晴,西南风 2级
天津,2022-03-03,13,3,多云,东风 3级
天津,2022-03-04,12,2,晴,西北风 4级
天津,2022-03-05,17,6,阴,东风 3级
天津,2022-03-06,16,0,多云,东南风 2级
天津,2022-03-07,19,6,晴,西风 2级
天津,2022-03-08,16,1,晴,东北风 1级
天津,2022-03-09,22,7,多云,东南风 2级
天津,2022-03-10,12,6,多云,东南风 2级
天津,2022-03-11,12,4,多云,东风 4级
天津,2022-03-12,11,1,多云,西风 2级
天津,2022-03-13,10,3,阴,东风 2级
天津,2022-03-14,17,2,多云,东南风 1级
天津,2022-03-15,19,6,多云,东南风 3级
天津,2022-03-16,10,4,阴,东风 2级
天津,2022-03-17,5,-2,阴,西风 2级
天津,2022-03-18,2,-1,阴,西北风 1级
天津,2022-03-19,7,-1,多云,东风 2级
天津,2022-03-20,11,0,多云,西南风 1级
天津,2022-03-21,8,3,阴到小雨,东风 3级
天津,2022-03-22,10,4,多云,南风 3级
天津,2022-03-23,18,2,多云,西南风 1级
天津,2022-03-24,15,0,多云,东北风 1级
天津,2022-03-25,15,5,多云,东北风 3级
天津,2022-03-26,18,3,多云,西风 2级
天津,2022-03-27,15,5,晴,西北风 2级
天津,2022-03-28,18,10,晴,南风 3级
天津,2022-03-29,20,8,多云,西风 2级
天津,2022-03-30,14,4,多云,南风 2级
天津,2022-03-31,15,1,晴,西北风 1级
天津,2022-04-01,18,7,多云,东风 3级
天津,2022-04-02,17,3,晴,南风 1级
天津,2022-04-03,22,4,晴,西南风 1级
天津,2022-04-04,22,13,多云,西南风 3级
天津,2022-04-05,24,13,晴,西南风 2级
天津,2022-04-06,11,7,晴,东南风 3级
天津,2022-04-07,23,4,多云,西南风 1级
天津,2022-04-08,29,12,晴,东北风 1级
天津,2022-04-09,25,12,多云,东南风 2级
天津,2022-04-10,31,16,晴,西南风 3级
天津,2022-04-11,29,16,小雨,西风 1级
天津,2022-04-12,20,6,多云,东北风 2级
天津,2022-04-13,19,8,多云,东南风 2级
天津,2022-04-14,14,8,多云,东南风 3级
天津,2022-04-15,11,7,阴,东南风 3级
天津,2022-04-16,22,7,晴,西北风 2级
天津,2022-04-17,20,12,阴,西南风 2级
天津,2022-04-18,22,10,多云,西南风 1级
天津,2022-04-19,27,15,晴,西南风 2级
天津,2022-04-20,29,17,多云,西南风 3级
天津,2022-04-21,29,12,多云,西风 3级
天津,2022-04-22,24,10,晴,东风 1级
天津,2022-04-23,29,16,晴,西南风 3级
天津,2022-04-24,26,11,多云,东风 2级
天津,2022-04-25,27,17,晴,南风 2级
天津,2022-04-26,24,18,晴,南风 1级
天津,2022-04-27,15,11,多云,东北风 1级
天津,2022-04-28,14,10,小雨,北风 3级
天津,2022-04-29,16,5,阴,西南风 2级
天津,2022-04-30,21,9,晴,西风 2级
天津,2022-05-01,21,7,晴,西风 3级
天津,2022-05-02,25,9,晴,西风 2级
天津,2022-05-03,32,20,多云,西南风 3级
天津,2022-05-04,29,14,晴,南风 4级
天津,2022-05-05,31,15,多云,南风 2级
天津,2022-05-06,19,9,多云,东风 3级
天津,2022-05-07,23,11,多云,东风 5级
天津,2022-05-08,15,10,阴,西南风 2级
天津,2022-05-09,12,7,晴,东风 2级
天津,2022-05-10,15,8,多云,西南风 1级
天津,2022-05-11,22,11,阴,北风 1级
天津,2022-05-12,16,11,阴,东风 1级
天津,2022-05-13,22,12,多云,北风 2级
天津,2022-05-14,18,9,阴,西南风 2级
天津,2022-05-15,23,7,多云,西南风 3级
天津,2022-05-16,29,16,晴,南风 3级
天津,2022-05-17,30,14,多云,西风 3级
天津,2022-05-18,30,13,多云,东风 1级
天津,2022-05-19,30,17,多云,东南风 2级
天津,2022-05-20,31,18,晴,西风 2级
天津,2022-05-21,32,18,晴,西南风 3级
天津,2022-05-22,30,16,晴,东南风 3级
天津,2022-05-23,34,23,阴,西南风 2级
天津,2022-05-24,34,18,晴,北风 1级
天津,2022-05-25,29,18,多云转晴,东北风 4级
天津,2022-05-26,31,14,晴,西北风 3级
天津,2022-05-27,29,16,阴,东南风 2级
天津,2022-05-28,35,23,多云,南风 2级
天津,2022-05-29,34,18,多云,北风 2级
天津,2022-05-30,30,17,晴,西南风 4级
天津,2022-05-31,32,17,多云,西南风 2级
天津,2022-06-01,35,16,晴转多云,东风 2级
天津,2022-06-02,35,21,多云,东南风 4级
天津,2022-06-03,34,22,多云,西南风 2级
天津,2022-06-04,30,19,多云,北风 2级
天津,2022-06-05,33,19,多云,西北风 1级
天津,2022-06-06,28,14,晴,东北风 2级
天津,2022-06-07,26,14,多云,东风 2级
天津,2022-06-08,25,18,晴,东风 3级
天津,2022-06-09,26,19,多云转阴,东风 3级
天津,2022-06-10,26,20,小雨,东南风 3级
天津,2022-06-11,29,19,阴,东南风 4级
天津,2022-06-12,27,19,多云,南风 2级
天津,2022-06-13,24,17,多云,南风 3级
天津,2022-06-14,27,17,多云,东风 3级
天津,2022-06-15,26,17,多云,东南风 1级
天津,2022-06-16,29,22,多云,东风 2级
天津,2022-06-17,32,22,小雨到中雨,东南风 2级
天津,2022-06-18,29,22,多云,东风 2级
天津,2022-06-19,29,21,多云,东风 2级
天津,2022-06-20,34,23,多云,南风 2级
天津,2022-06-21,37,23,多云,东南风 2级
天津,2022-06-22,38,24,阴转雨,西北风 2级
天津,2022-06-23,35,25,晴,北风 2级
天津,2022-06-24,36,26,晴,西南风 1级
天津,2022-06-25,40,24,多云,东南风 2级
天津,2022-06-26,31,22,阴,东风 3级
天津,2022-06-27,31,20,多云,西风 3级
天津,2022-06-28,31,23,多云,西北风 1级
天津,2022-06-29,28,23,多云,东北风 1级
天津,2022-06-30,30,23,小雨,北风 1级
天津,2022-07-01,30,23,小雨,东南风 2级
天津,2022-07-02,29,22,小雨,东南风 4级
天津,2022-07-03,26,21,小雨到大雨,北风 2级
天津,2022-07-04,30,23,小雨,北风 1级
天津,2022-07-05,33,25,阴,东南风 3级
天津,2022-07-06,29,23,小雨到大雨,东北风 2级
天津,2022-07-07,35,23,晴,东风 2级
天津,2022-07-08,39,22,晴,东风 3级
天津,2022-07-09,35,26,多云,东北风 2级
天津,2022-07-10,27,21,晴,东北风 1级
天津,2022-07-11,29,21,小雨,东南风 2级
天津,2022-07-12,29,22,阴,东北风 2级
天津,2022-07-13,34,22,晴,西南风 3级
天津,2022-07-14,34,25,多云,西风 2级
天津,2022-07-15,27,24,小雨到大雨,东风 2级
天津,2022-07-16,34,23,晴,西南风 2级
天津,2022-07-17,35,25,多云,南风 2级
天津,2022-07-18,34,25,晴,南风 2级
天津,2022-07-19,34,26,多云,西南风 2级
天津,2022-07-20,32,23,晴,南风 2级
天津,2022-07-21,33,23,多云,南风 1级
天津,2022-07-22,33,25,多云,东南风 2级
天津,2022-07-23,33,25,晴,南风 2级
天津,2022-07-24,36,26,晴,南风 1级
天津,2022-07-25,35,26,多云,南风 2级
天津,2022-07-26,32,25,多云,东风 2级
天津,2022-07-27,31,25,多云,北风 1级
天津,2022-07-28,27,23,多云,东北风 2级
天津,2022-07-29,31,22,晴,东风 2级
天津,2022-07-30,31,25,晴,东南风 2级
天津,2022-07-31,33,24,晴,东南风 3级
天津,2022-08-01,34,27,晴,南风 2级
天津,2022-08-02,35,28,多云,南风 2级
天津,2022-08-03,36,28,多云,西南风 2级
天津,2022-08-04,36,27,多云,西南风 3级
天津,2022-08-05,36,29,多云,东风 2级
天津,2022-08-06,33,26,多云,东风 3级
天津,2022-08-07,31,25,多云,东风 1级
天津,2022-08-08,29,22,多云,东风 1级
天津,2022-08-09,22,21,小雨,西风 1级
天津,2022-08-10,30,22,多云,西南风 2级
天津,2022-08-11,32,24,晴,东风 3级
天津,2022-08-12,31,26,多云,东风 1级
天津,2022-08-13,31,25,多云,东南风 3级
天津,2022-08-14,29,25,中雨,西南风 1级
天津,2022-08-15,34,23,多云,西北风 2级
天津,2022-08-16,30,23,多云,东南风 2级
天津,2022-08-17,31,25,多云,东风 4级
天津,2022-08-18,29,23,小雨,西南风 3级
天津,2022-08-19,32,23,多云,东风 2级
天津,2022-08-20,31,25,晴,南风 2级
天津,2022-08-21,31,24,多云,南风 1级
天津,2022-08-22,32,21,多云,东北风 3级
天津,2022-08-23,29,22,晴,西南风 1级
天津,2022-08-24,27,21,多云,西南风 2级
天津,2022-08-25,31,20,多云,北风 3级
天津,2022-08-26,29,18,多云,北风 3级
天津,2022-08-27,28,19,晴,南风 2级
天津,2022-08-28,24,18,多云,西南风 2级
天津,2022-08-29,21,18,多云,南风 1级
天津,2022-08-30,27,20,多云,西南风 2级
天津,2022-08-31,30,19,晴,西风 1级
天津,2022-09-01,26,18,晴,东南风 2级
天津,2022-09-02,29,19,晴,东南风 1级
天津,2022-09-03,27,21,多云,东风 1级
天津,2022-09-04,29,21,晴,西南风 2级
天津,2022-09-05,28,19,阴,北风 3级
天津,2022-09-06,30,19,晴,北风 2级
天津,2022-09-07,32,20,晴,西南风 1级
天津,2022-09-08,33,21,晴,西南风 1级
天津,2022-09-09,33,22,多云,西南风 1级
天津,2022-09-10,30,21,多云,东风 1级
天津,2022-09-11,29,21,多云,东南风 2级
天津,2022-09-12,31,21,晴,东北风 1级
天津,2022-09-13,30,23,多云,东风 3级
天津,2022-09-14,29,22,多云,东北风 1级
天津,2022-09-15,28,20,多云,东风 1级
天津,2022-09-16,30,21,晴,南风 1级
天津,2022-09-17,31,22,多云,西南风 1级
天津,2022-09-18,31,20,晴,东风 1级
天津,2022-09-19,26,17,多云,北风 2级
天津,2022-09-20,25,17,晴,西风 2级
天津,2022-09-21,27,17,晴,西南风 3级
天津,2022-09-22,27,14,多云,西风 1级
天津,2022-09-23,24,13,晴,西风 2级
天津,2022-09-24,27,16,多云,西风 2级
天津,2022-09-25,27,16,晴,西南风 1级
天津,2022-09-26,29,18,晴,南风 2级
天津,2022-09-27,29,19,多云,东南风 1级
天津,2022-09-28,29,19,多云,南风 1级
天津,2022-09-29,31,20,晴,北风 1级
天津,2022-09-30,31,21,晴,西南风 3级
天津,2022-10-01,25,20,多云,东风 2级
天津,2022-10-02,19,17,小雨,东北风 1级
天津,2022-10-03,19,11,暴雨,北风 4级
天津,2022-10-04,15,7,多云,北风 1级
天津,2022-10-05,16,9,多云,西风 1级
天津,2022-10-06,17,9,多云,西风 2级
天津,2022-10-07,20,11,晴,西南风 2级
天津,2022-10-08,20,11,多云,东风 1级
天津,2022-10-09,16,8,多云,北风 3级
天津,2022-10-10,17,7,晴,北风 1级
天津,2022-10-11,21,9,晴,西北风 2级
天津,2022-10-12,21,11,晴,西南风 1级
天津,2022-10-13,18,14,多云,西南风 2级
天津,2022-10-14,22,12,多云,西南风 1级
天津,2022-10-15,24,13,多云,北风 1级
天津,2022-10-16,19,8,多云,北风 3级
天津,2022-10-17,15,6,晴,北风 4级
天津,2022-10-18,19,7,晴,西南风 1级
天津,2022-10-19,21,11,晴,西南风 2级
天津,2022-10-20,21,12,多云,东南风 2级
天津,2022-10-21,22,12,晴,西北风 2级
天津,2022-10-22,21,9,晴,东风 1级
天津,2022-10-23,21,10,晴,北风 2级
天津,2022-10-24,21,10,晴,南风 2级
天津,2022-10-25,23,16,多云,南风 1级
天津,2022-10-26,22,12,多云,南风 3级
天津,2022-10-27,13,12,多云,东风 1级
天津,2022-10-28,13,11,多云,东风 3级
天津,2022-10-29,15,12,多云,南风 2级
天津,2022-10-30,17,11,多云,南风 1级
天津,2022-10-31,17,7,晴,西北风 3级
天津,2022-11-01,16,9,晴,北风 2级
天津,2022-11-02,16,5,多云,北风 1级
天津,2022-11-03,13,4,晴,北风 3级
天津,2022-11-04,14,5,晴,北风 2级
天津,2022-11-05,16,7,晴,南风 1级
天津,2022-11-06,15,7,多云,西南风 2级
天津,2022-11-07,17,6,晴,西北风 2级
天津,2022-11-08,17,8,晴,南风 2级
天津,2022-11-09,16,10,多云,东风 3级
天津,2022-11-10,14,12,多云,东风 1级
天津,2022-11-11,14,11,多云,东风 1级
天津,2022-11-12,11,2,多云,东北风 3级
天津,2022-11-13,8,3,多云,西南风 2级
天津,2022-11-14,13,3,多云,西北风 1级
天津,2022-11-15,17,5,晴,北风 1级
天津,2022-11-16,16,7,多云,西南风 2级
天津,2022-11-17,15,7,晴,东风 3级
天津,2022-11-18,13,8,多云,东北风 1级
天津,2022-11-19,13,6,晴,东南风 1级
天津,2022-11-20,11,7,多云,东风 1级
天津,2022-11-21,13,5,多云,南风 1级
天津,2022-11-22,12,5,多云,南风 2级
天津,2022-11-23,14,6,晴,西南风 2级
天津,2022-11-24,12,6,多云,南风 2级
天津,2022-11-25,13,2,多云,北风 3级
天津,2022-11-26,5,1,多云,东北风 3级
天津,2022-11-27,8,4,多云,东北风 2级
天津,2022-11-28,8,-3,多云,西风 4级
天津,2022-11-29,-3,-8,晴,北风 2级
天津,2022-11-30,-1,-7,晴,西南风 2级
天津,2022-12-01,0,-6,晴,西北风 1级
天津,2022-12-02,3,-4,晴,西南风 3级
天津,2022-12-03,0,-6,多云,北风 1级
天津,2022-12-04,2,-4,多云,西北风 1级
天津,2022-12-05,4,-4,多云,西风 2级
天津,2022-12-06,6,-3,晴,西风 2级
天津,2022-12-07,9,-3,晴,东北风 1级
天津,2022-12-08,8,-3,晴,北风 1级
天津,2022-12-09,10,-1,多云,东北风 2级
天津,2022-12-10,3,-5,晴,北风 2级
天津,2022-12-11,5,-2,多云,东风 3级
天津,2022-12-12,4,-3,晴,西南风 2级
天津,2022-12-13,-2,-7,晴,西北风 5级
天津,2022-12-14,1,-5,晴,北风 2级
天津,2022-12-15,0,-8,晴,北风 2级
天津,2022-12-16,-1,-10,多云,北风 2级
天津,2022-12-17,-3,-10,晴,东风 1级
天津,2022-12-18,1,-6,多云,南风 2级
天津,2022-12-19,4,-5,晴,东风 2级
天津,2022-12-20,4,-5,多云,西北风 2级
天津,2022-12-21,1,-5,多云,东北风 2级
天津,2022-12-22,-2,-7,晴,西北风 1级
天津,2022-12-23,0,-6,晴,北风 3级
天津,2022-12-24,3,-6,晴,北风 1级
天津,2022-12-25,3,-4,多云,西北风 1级
天津,2022-12-26,4,-5,晴,西风 1级
天津,2022-12-27,0,-6,晴,西北风 4级
天津,2022-12-28,3,-4,晴,西南风 1级
天津,2022-12-29,2,-5,晴,西北风 2级
天津,2022-12-30,4,-4,晴,西北风 1级
天津,2022-12-31,6,-8,霾,西南风 1级
