乌鲁木齐,2018-01-01,-6,-14,晴,北风 1级
乌鲁木齐,2018-01-02,-12,-17,晴,东北风 1级
乌鲁木齐,2018-01-03,-16,-20,晴,东风 2级
乌鲁木齐,2018-01-04,-14,-19,晴,西北风 1级
乌鲁木齐,2018-01-05,-13,-20,晴,北风 1级
乌鲁木齐,2018-01-06,-13,-20,晴,北风 1级
乌鲁木齐,2018-01-07,-15,-21,晴,东风 1级
乌鲁木齐,2018-01-08,-11,-19,晴,东风 2级
乌鲁木齐,2018-01-09,-9,-17,霾,东南风 2级
乌鲁木齐,2018-01-10,-9,-16,霾,东南风 3级
乌鲁木齐,2018-01-11,-6,-16,晴,东南风 3级
乌鲁木齐,2018-01-12,-7,-15,阴,西北风 2级
乌鲁木齐,2018-01-13,-8,-15,多云,东风 2级
乌鲁木齐,2018-01-14,-7,-17,多云,北风 2级
乌鲁木齐,2018-01-15,-9,-16,阴,东风 2级
乌鲁木齐,2018-01-16,-8,-13,多云,北风 2级
乌鲁木齐,2018-01-17,-12,-17,霾,北风 2级
乌鲁木齐,2018-01-18,-10,-16,多云,北风 2级
乌鲁木齐,2018-01-19,-11,-17,霾,东北风 1级
乌鲁木齐,2018-01-20,-8,-17,霾,东北风 1级
乌鲁木齐,2018-01-21,-9,-15,霾,东北风 2级
乌鲁木齐,2018-01-22,-11,-18,霾,北风 2级
乌鲁木齐,2018-01-23,-13,-18,多云,西北风 2级
乌鲁木齐,2018-01-24,-17,-22,多云,西北风 2级
乌鲁木齐,2018-01-25,-19,-22,多云,西北风 2级
乌鲁木齐,2018-01-26,-19,-25,多云,西北风 2级
乌鲁木齐,2018-01-27,-22,-27,多云,西北风 2级
乌鲁木齐,2018-01-28,-22,-28,霾,西北风 2级
乌鲁木齐,2018-01-29,-19,-26,晴,北风 2级
乌鲁木齐,2018-01-30,-17,-25,霾,东风 2级
乌鲁木齐,2018-01-31,-13,-23,多云,东北风 2级
乌鲁木齐,2018-02-01,-11,-21,阴,东北风 2级
乌鲁木齐,2018-02-02,-11,-18,霾,东南风 2级
乌鲁木齐,2018-02-03,-11,-21,多云,东风 2级
乌鲁木齐,2018-02-04,-9,-17,阴,南风 1级
乌鲁木齐,2018-02-05,-5,-16,多云,东北风 1级
乌鲁木齐,2018-02-06,-11,-18,霾,北风 2级
乌鲁木齐,2018-02-07,-6,-15,多云,北风 1级
乌鲁木齐,2018-02-08,-3,-16,晴,北风 2级
乌鲁木齐,2018-02-09,-6,-15,晴,北风 1级
乌鲁木齐,2018-02-10,-9,-14,霾,东风 1级
乌鲁木齐,2018-02-11,-5,-16,晴,东风 2级
乌鲁木齐,2018-02-12,-5,-13,多云,东风 2级
乌鲁木齐,2018-02-13,-4,-14,阴,北风 1级
乌鲁木齐,2018-02-14,-5,-11,霾,东风 1级
乌鲁木齐,2018-02-15,-4,-11,霾,东风 2级
乌鲁木齐,2018-02-16,-2,-9,阴,西北风 2级
乌鲁木齐,2018-02-17,-4,-13,多云,北风 1级
乌鲁木齐,2018-02-18,-6,-14,多云,西北风 1级
乌鲁木齐,2018-02-19,-8,-15,阴,西北风 2级
乌鲁木齐,2018-02-20,-3,-15,晴,北风 1级
乌鲁木齐,2018-02-21,-8,-13,霾,东风 2级
乌鲁木齐,2018-02-22,2,-12,阴,北风 1级
乌鲁木齐,2018-02-23,3,-9,晴,东风 1级
乌鲁木齐,2018-02-24,0,-7,霾,东南风 3级
乌鲁木齐,2018-02-25,1,-7,霾,西北风 1级
乌鲁木齐,2018-02-26,2,-6,霾,西北风 1级
乌鲁木齐,2018-02-27,-1,-6,阴,北风 2级
乌鲁木齐,2018-02-28,9,-3,阴,南风 1级
乌鲁木齐,2018-03-01,8,-3,多云,东南风 1级
乌鲁木齐,2018-03-02,3,-3,阴,西北风 2级
乌鲁木齐,2018-03-03,1,-4,多云,西北风 2级
乌鲁木齐,2018-03-04,1,-8,晴,北风 2级
乌鲁木齐,2018-03-05,6,-6,晴,北风 2级
乌鲁木齐,2018-03-06,7,-4,晴,北风 1级
乌鲁木齐,2018-03-07,8,-1,多云,东南风 3级
乌鲁木齐,2018-03-08,8,-2,晴,西北风 2级
乌鲁木齐,2018-03-09,9,-1,多云,东风 1级
乌鲁木齐,2018-03-10,18,0,多云,东南风 2级
乌鲁木齐,2018-03-11,13,4,多云,东南风 4级
乌鲁木齐,2018-03-12,14,4,阴,西北风 2级
乌鲁木齐,2018-03-13,6,2,阴,西北风 2级
乌鲁木齐,2018-03-14,7,1,阴,西北风 2级
乌鲁木齐,2018-03-15,8,1,阴,西北风 2级
乌鲁木齐,2018-03-16,7,1,阴,西北风 2级
乌鲁木齐,2018-03-17,8,1,雨,西北风 2级
乌鲁木齐,2018-03-18,1,-2,雪,西北风 2级
乌鲁木齐,2018-03-19,8,-3,多云,东风 2级
乌鲁木齐,2018-03-20,12,1,阴,东北风 1级
乌鲁木齐,2018-03-21,13,4,阴,东南风 2级
乌鲁木齐,2018-03-22,18,4,阴,东风 1级
乌鲁木齐,2018-03-23,22,7,多云,东南风 4级
乌鲁木齐,2018-03-24,17,6,阴,东风 2级
乌鲁木齐,2018-03-25,16,6,多云,东北风 3级
乌鲁木齐,2018-03-26,21,13,阴,东南风 4级
乌鲁木齐,2018-03-27,13,8,阴,西北风 3级
乌鲁木齐,2018-03-28,11,6,阴,西北风 3级
乌鲁木齐,2018-03-29,14,4,阴,西北风 2级
乌鲁木齐,2018-03-30,18,7,多云,东南风 3级
乌鲁木齐,2018-03-31,26,13,风,东南风 7级
乌鲁木齐,2018-04-01,14,0,雪,北风 3级
乌鲁木齐,2018-04-02,5,1,多云,西北风 3级
乌鲁木齐,2018-04-03,8,-2,雪,北风 3级
乌鲁木齐,2018-04-04,5,-1,晴,北风 4级
乌鲁木齐,2018-04-05,11,-2,晴,东风 3级
乌鲁木齐,2018-04-06,14,5,风,东南风 6级
乌鲁木齐,2018-04-07,19,8,阴,东南风 4级
乌鲁木齐,2018-04-08,15,4,雨,西北风 3级
乌鲁木齐,2018-04-09,14,5,多云,西北风 2级
乌鲁木齐,2018-04-10,15,4,阴,北风 2级
乌鲁木齐,2018-04-11,9,0,雨,西北风 4级
乌鲁木齐,2018-04-12,10,-1,晴,北风 2级
乌鲁木齐,2018-04-13,18,0,晴,东南风 5级
乌鲁木齐,2018-04-14,20,7,风,东南风 5级
乌鲁木齐,2018-04-15,24,14,阴,东南风 4级
乌鲁木齐,2018-04-16,24,11,阴,东南风 2级
乌鲁木齐,2018-04-17,19,10,多云,北风 3级
乌鲁木齐,2018-04-18,19,8,雨,西北风 3级
乌鲁木齐,2018-04-19,12,4,雨,西北风 4级
乌鲁木齐,2018-04-20,13,4,多云,西北风 3级
乌鲁木齐,2018-04-21,16,6,多云,西北风 3级
乌鲁木齐,2018-04-22,19,7,晴,东北风 1级
乌鲁木齐,2018-04-23,25,11,晴,东南风 4级
乌鲁木齐,2018-04-24,27,12,晴,东南风 4级
乌鲁木齐,2018-04-25,27,17,多云,西南风 3级
乌鲁木齐,2018-04-26,19,12,多云,西北风 3级
乌鲁木齐,2018-04-27,14,9,阴,西北风 3级
乌鲁木齐,2018-04-28,21,9,晴,北风 2级
乌鲁木齐,2018-04-29,19,10,晴,北风 3级
乌鲁木齐,2018-04-30,23,11,多云,东风 2级
乌鲁木齐,2018-05-01,27,14,风,东南风 5级
乌鲁木齐,2018-05-02,18,10,阴,西北风 3级
乌鲁木齐,2018-05-03,17,8,多云,北风 3级
乌鲁木齐,2018-05-04,16,8,晴,北风 3级
乌鲁木齐,2018-05-05,22,9,阴,东风 3级
乌鲁木齐,2018-05-06,23,12,多云,西风 3级
乌鲁木齐,2018-05-07,18,2,雨,西北风 4级
乌鲁木齐,2018-05-08,15,2,晴,北风 2级
乌鲁木齐,2018-05-09,22,7,晴,东南风 3级
乌鲁木齐,2018-05-10,23,12,多云,东南风 3级
乌鲁木齐,2018-05-11,27,14,多云,东南风 2级
乌鲁木齐,2018-05-12,29,18,阴,东南风 4级
乌鲁木齐,2018-05-13,23,15,阴,西北风 3级
乌鲁木齐,2018-05-14,15,11,雨,西北风 3级
乌鲁木齐,2018-05-15,16,10,阴,西北风 3级
乌鲁木齐,2018-05-16,19,10,多云,北风 2级
乌鲁木齐,2018-05-17,21,10,阴,北风 2级
乌鲁木齐,2018-05-18,21,12,阴,西北风 2级
乌鲁木齐,2018-05-19,20,13,多云,西北风 3级
乌鲁木齐,2018-05-20,19,8,多云,北风 4级
乌鲁木齐,2018-05-21,19,7,晴,北风 2级
乌鲁木齐,2018-05-22,25,11,晴,东风 2级
乌鲁木齐,2018-05-23,25,13,多云,西风 2级
乌鲁木齐,2018-05-24,23,5,雨,西北风 4级
乌鲁木齐,2018-05-25,18,6,晴,东北风 2级
乌鲁木齐,2018-05-26,25,11,晴,东南风 3级
乌鲁木齐,2018-05-27,30,16,多云,东南风 4级
乌鲁木齐,2018-05-28,32,19,晴,东南风 4级
乌鲁木齐,2018-05-29,27,12,阴,西北风 3级
乌鲁木齐,2018-05-30,23,12,多云,东北风 2级
乌鲁木齐,2018-05-31,20,10,雨,西北风 4级
乌鲁木齐,2018-06-01,23,10,晴,北风 2级
乌鲁木齐,2018-06-02,29,12,晴,东南风 3级
乌鲁木齐,2018-06-03,30,15,阴,东南风 3级
乌鲁木齐,2018-06-04,25,14,阴,西北风 3级
乌鲁木齐,2018-06-05,24,15,多云,西北风 3级
乌鲁木齐,2018-06-06,27,16,晴,西北风 2级
乌鲁木齐,2018-06-07,30,17,多云,东南风 3级
乌鲁木齐,2018-06-08,31,18,阴,南风 2级
乌鲁木齐,2018-06-09,31,22,晴,西北风 3级
乌鲁木齐,2018-06-10,31,21,阴,西北风 2级
乌鲁木齐,2018-06-11,29,22,阴,南风 2级
乌鲁木齐,2018-06-12,28,21,多云,西北风 3级
乌鲁木齐,2018-06-13,24,20,多云,西北风 3级
乌鲁木齐,2018-06-14,30,17,多云,西北风 2级
乌鲁木齐,2018-06-15,27,20,阴,西北风 3级
乌鲁木齐,2018-06-16,24,18,阴,西北风 3级
乌鲁木齐,2018-06-17,28,17,阴,西北风 2级
乌鲁木齐,2018-06-18,25,16,小雨,西北风 2级
乌鲁木齐,2018-06-19,29,17,晴,西北风 3级
乌鲁木齐,2018-06-20,31,19,阴,北风 2级
乌鲁木齐,2018-06-21,24,15,阴,西北风 3级
乌鲁木齐,2018-06-22,26,18,多云,西北风 3级
乌鲁木齐,2018-06-23,29,18,晴,西北风 2级
乌鲁木齐,2018-06-24,32,19,阴,南风 2级
乌鲁木齐,2018-06-25,29,21,阴,西风 3级
乌鲁木齐,2018-06-26,27,19,晴,西北风 2级
乌鲁木齐,2018-06-27,30,20,晴,西北风 2级
乌鲁木齐,2018-06-28,31,23,多云,西北风 3级
乌鲁木齐,2018-06-29,31,23,阴,西北风 3级
乌鲁木齐,2018-06-30,29,22,阴,西北风 3级
乌鲁木齐,2018-07-01,28,21,多云,西风 3级
乌鲁木齐,2018-07-02,30,21,多云,西北风 2级
乌鲁木齐,2018-07-03,27,21,阴,西北风 3级
乌鲁木齐,2018-07-04,26,20,多云,西北风 3级
乌鲁木齐,2018-07-05,27,21,多云,西北风 3级
乌鲁木齐,2018-07-06,29,19,晴,北风 2级
乌鲁木齐,2018-07-07,32,20,晴,东北风 1级
乌鲁木齐,2018-07-08,33,22,多云,西北风 2级
乌鲁木齐,2018-07-09,30,24,多云,西北风 4级
乌鲁木齐,2018-07-10,34,24,晴,西北风 3级
乌鲁木齐,2018-07-11,34,25,多云,南风 3级
乌鲁木齐,2018-07-12,31,23,晴转小雨,西风 2级
乌鲁木齐,2018-07-13,27,20,多云,西北风 2级
乌鲁木齐,2018-07-14,31,20,多云,西风 2级
乌鲁木齐,2018-07-15,30,22,多云,西南风 2级
乌鲁木齐,2018-07-16,31,20,多云,西北风 2级
乌鲁木齐,2018-07-17,29,21,多云,西北风 3级
乌鲁木齐,2018-07-18,26,20,阴转小雨,西风 3级
乌鲁木齐,2018-07-19,25,19,晴,西北风 3级
乌鲁木齐,2018-07-20,28,19,晴,北风 2级
乌鲁木齐,2018-07-21,31,18,晴,北风 2级
乌鲁木齐,2018-07-22,33,20,晴,东南风 2级
乌鲁木齐,2018-07-23,36,23,小雨,东南风 3级
乌鲁木齐,2018-07-24,34,24,小雨,西南风 2级
乌鲁木齐,2018-07-25,24,18,晴,西北风 3级
乌鲁木齐,2018-07-26,24,15,阴,西北风 3级
乌鲁木齐,2018-07-27,25,16,多云,西北风 3级
乌鲁木齐,2018-07-28,29,18,多云,西北风 2级
乌鲁木齐,2018-07-29,30,20,晴,西北风 2级
乌鲁木齐,2018-07-30,30,21,多云,西北风 3级
乌鲁木齐,2018-07-31,27,20,晴,西北风 3级
乌鲁木齐,2018-08-01,30,20,多云,西北风 2级
乌鲁木齐,2018-08-02,31,21,晴,南风 2级
乌鲁木齐,2018-08-03,31,22,多云转小雨,西风 2级
乌鲁木齐,2018-08-04,30,21,晴,西风 2级
乌鲁木齐,2018-08-05,29,20,多云,西北风 2级
乌鲁木齐,2018-08-06,33,21,晴,东南风 2级
乌鲁木齐,2018-08-07,36,22,多云,东南风 3级
乌鲁木齐,2018-08-08,30,24,多云,西风 2级
乌鲁木齐,2018-08-09,33,23,多云,西北风 3级
乌鲁木齐,2018-08-10,33,24,晴,西北风 2级
乌鲁木齐,2018-08-11,35,23,晴,西北风 2级
乌鲁木齐,2018-08-12,33,16,雨,西风 4级
乌鲁木齐,2018-08-13,22,16,多云,西北风 3级
乌鲁木齐,2018-08-14,24,16,晴,北风 2级
乌鲁木齐,2018-08-15,27,16,晴,东风 2级
乌鲁木齐,2018-08-16,33,19,晴,东南风 3级
乌鲁木齐,2018-08-17,32,24,晴,东南风 4级
乌鲁木齐,2018-08-18,32,21,多云,北风 2级
乌鲁木齐,2018-08-19,28,21,多云,西北风 2级
乌鲁木齐,2018-08-20,32,21,晴,西北风 2级
乌鲁木齐,2018-08-21,33,22,晴,东风 3级
乌鲁木齐,2018-08-22,23,16,小雨,西北风 3级
乌鲁木齐,2018-08-23,23,17,晴,西北风 3级
乌鲁木齐,2018-08-24,28,17,多云,西北风 2级
乌鲁木齐,2018-08-25,24,17,多云,西风 2级
乌鲁木齐,2018-08-26,30,16,多云,东风 2级
乌鲁木齐,2018-08-27,27,18,阴,西北风 2级
乌鲁木齐,2018-08-28,24,16,多云,西北风 2级
乌鲁木齐,2018-08-29,25,17,阴,西北风 2级
乌鲁木齐,2018-08-30,22,15,多云,西北风 3级
乌鲁木齐,2018-08-31,20,12,晴,西北风 3级
乌鲁木齐,2018-09-01,22,10,晴,北风 2级
乌鲁木齐,2018-09-02,22,13,晴,西北风 2级
乌鲁木齐,2018-09-03,21,10,多云,西北风 3级
乌鲁木齐,2018-09-04,19,9,晴,西北风 3级
乌鲁木齐,2018-09-05,21,11,晴,西北风 3级
乌鲁木齐,2018-09-06,22,12,晴,东南风 2级
乌鲁木齐,2018-09-07,27,16,晴,东南风 3级
乌鲁木齐,2018-09-08,25,17,晴,西风 2级
乌鲁木齐,2018-09-09,24,14,晴,西北风 3级
乌鲁木齐,2018-09-10,23,12,晴,西北风 3级
乌鲁木齐,2018-09-11,23,13,晴,北风 2级
乌鲁木齐,2018-09-12,18,6,阴,西北风 3级
乌鲁木齐,2018-09-13,11,7,晴,西北风 3级
乌鲁木齐,2018-09-14,17,5,晴,北风 2级
乌鲁木齐,2018-09-15,19,7,晴,东风 2级
乌鲁木齐,2018-09-16,19,9,晴,北风 2级
乌鲁木齐,2018-09-17,24,10,晴,东南风 2级
乌鲁木齐,2018-09-18,18,12,阴,北风 3级
乌鲁木齐,2018-09-19,20,9,晴,北风 2级
乌鲁木齐,2018-09-20,19,10,晴,北风 2级
乌鲁木齐,2018-09-21,23,11,晴,东风 2级
乌鲁木齐,2018-09-22,21,12,晴,西北风 2级
乌鲁木齐,2018-09-23,22,11,阴,西北风 2级
乌鲁木齐,2018-09-24,19,12,多云,西北风 3级
乌鲁木齐,2018-09-25,14,7,阴转小雨,西风 3级
乌鲁木齐,2018-09-26,15,7,晴,西北风 2级
乌鲁木齐,2018-09-27,17,7,晴,北风 2级
乌鲁木齐,2018-09-28,18,8,晴,北风 2级
乌鲁木齐,2018-09-29,21,10,晴,西北风 2级
乌鲁木齐,2018-09-30,23,12,晴,东南风 2级
乌鲁木齐,2018-10-01,25,14,晴,东南风 5级
乌鲁木齐,2018-10-02,22,12,多云,东南风 3级
乌鲁木齐,2018-10-03,20,11,晴,北风 3级
乌鲁木齐,2018-10-04,14,8,晴,北风 2级
乌鲁木齐,2018-10-05,16,6,晴,东北风 2级
乌鲁木齐,2018-10-06,16,6,晴,东风 2级
乌鲁木齐,2018-10-07,18,7,晴,东北风 1级
乌鲁木齐,2018-10-08,18,10,晴,西北风 2级
乌鲁木齐,2018-10-09,18,8,晴,东北风 2级
乌鲁木齐,2018-10-10,17,7,晴,西北风 1级
乌鲁木齐,2018-10-11,18,8,晴,西北风 2级
乌鲁木齐,2018-10-12,18,8,晴,北风 1级
乌鲁木齐,2018-10-13,20,10,晴,东南风 3级
乌鲁木齐,2018-10-14,13,8,多云,西北风 2级
乌鲁木齐,2018-10-15,12,5,晴,北风 2级
乌鲁木齐,2018-10-16,13,5,晴,东北风 2级
乌鲁木齐,2018-10-17,7,0,阴,西北风 3级
乌鲁木齐,2018-10-18,0,-5,阴,西北风 3级
乌鲁木齐,2018-10-19,3,-6,多云,东北风 2级
乌鲁木齐,2018-10-20,4,-2,多云,北风 2级
乌鲁木齐,2018-10-21,9,-1,晴,东北风 2级
乌鲁木齐,2018-10-22,13,4,多云,东南风 2级
乌鲁木齐,2018-10-23,13,4,多云,东北风 2级
乌鲁木齐,2018-10-24,9,3,晴,北风 2级
乌鲁木齐,2018-10-25,13,1,晴,东北风 2级
乌鲁木齐,2018-10-26,10,3,晴,东风 2级
乌鲁木齐,2018-10-27,11,2,晴,东南风 3级
乌鲁木齐,2018-10-28,14,3,晴,东南风 3级
乌鲁木齐,2018-10-29,9,3,晴,西北风 3级
乌鲁木齐,2018-10-30,13,1,晴,东风 2级
乌鲁木齐,2018-10-31,10,2,多云,东北风 1级
乌鲁木齐,2018-11-01,6,-3,多云,西北风 3级
乌鲁木齐,2018-11-02,-2,-6,晴,西北风 3级
乌鲁木齐,2018-11-03,0,-7,晴,北风 2级
乌鲁木齐,2018-11-04,2,-5,晴,西北风 2级
乌鲁木齐,2018-11-05,3,-5,晴,北风 2级
乌鲁木齐,2018-11-06,8,-3,晴,东南风 3级
乌鲁木齐,2018-11-07,5,-2,多云,东风 2级
乌鲁木齐,2018-11-08,5,-2,阴,北风 2级
乌鲁木齐,2018-11-09,6,0,晴,东南风 2级
乌鲁木齐,2018-11-10,7,0,晴,东南风 3级
乌鲁木齐,2018-11-11,8,0,晴,东南风 2级
乌鲁木齐,2018-11-12,4,-7,多云,北风 3级
乌鲁木齐,2018-11-13,-7,-14,多云,北风 3级
乌鲁木齐,2018-11-14,-8,-13,晴,北风 2级
乌鲁木齐,2018-11-15,-9,-14,晴,北风 2级
乌鲁木齐,2018-11-16,-6,-14,晴,西北风 1级
乌鲁木齐,2018-11-17,-3,-12,晴,东风 1级
乌鲁木齐,2018-11-18,-4,-12,霾,东风 2级
乌鲁木齐,2018-11-19,-2,-9,霾,西北风 2级
乌鲁木齐,2018-11-20,-2,-9,晴,东风 2级
乌鲁木齐,2018-11-21,-2,-11,晴,东风 1级
乌鲁木齐,2018-11-22,-1,-9,多云,东风 2级
乌鲁木齐,2018-11-23,0,-8,晴,东风 2级
乌鲁木齐,2018-11-24,7,-9,霾,东南风 6级
乌鲁木齐,2018-11-25,-4,-10,霾,北风 4级
乌鲁木齐,2018-11-26,-3,-11,晴,东北风 2级
乌鲁木齐,2018-11-27,-1,-15,多云,东北风 2级
乌鲁木齐,2018-11-28,0,-7,晴,北风 1级
乌鲁木齐,2018-11-29,1,-5,霾,西北风 1级
乌鲁木齐,2018-11-30,7,-4,阴,东南风 5级
乌鲁木齐,2018-12-01,2,-13,多云,北风 4级
乌鲁木齐,2018-12-02,-10,-15,多云,北风 2级
乌鲁木齐,2018-12-03,-10,-15,多云,北风 2级
乌鲁木齐,2018-12-04,-9,-14,多云,北风 2级
乌鲁木齐,2018-12-05,-6,-16,晴,北风 2级
乌鲁木齐,2018-12-06,-12,-18,晴,北风 2级
乌鲁木齐,2018-12-07,-13,-18,晴,东风 2级
乌鲁木齐,2018-12-08,-14,-19,晴,东风 2级
乌鲁木齐,2018-12-09,-13,-19,晴,北风 2级
乌鲁木齐,2018-12-10,-13,-18,晴,东风 2级
乌鲁木齐,2018-12-11,-11,-18,晴,东风 2级
乌鲁木齐,2018-12-12,-9,-14,晴,东风 2级
乌鲁木齐,2018-12-13,-7,-14,霾,东风 1级
乌鲁木齐,2018-12-14,-5,-13,晴,东风 1级
乌鲁木齐,2018-12-15,-4,-14,晴,东风 2级
乌鲁木齐,2018-12-16,-2,-13,霾,东风 2级
乌鲁木齐,2018-12-17,-1,-11,多云,西北风 1级
乌鲁木齐,2018-12-18,-4,-8,霾,东北风 1级
乌鲁木齐,2018-12-19,-3,-9,多云,西北风 1级
乌鲁木齐,2018-12-20,-4,-10,多云,北风 1级
乌鲁木齐,2018-12-21,-8,-13,晴,北风 2级
乌鲁木齐,2018-12-22,-13,-19,晴,东南风 2级
乌鲁木齐,2018-12-23,-14,-20,晴,东风 2级
乌鲁木齐,2018-12-24,-10,-19,晴,东北风 1级
乌鲁木齐,2018-12-25,-9,-17,霾,东北风 1级
乌鲁木齐,2018-12-26,-13,-18,多云,西北风 2级
乌鲁木齐,2018-12-27,-13,-18,霾,东北风 1级
乌鲁木齐,2018-12-28,-14,-19,晴,东南风 2级
乌鲁木齐,2018-12-29,-14,-18,晴,东风 2级
乌鲁木齐,2018-12-30,-14,-19,多云,东北风 2级
乌鲁木齐,2018-12-31,-12,-19,霾,东北风 1级
乌鲁木齐,2019-01-01,-10,-17,晴,东北风 1级
乌鲁木齐,2019-01-02,-9,-16,霾,北风 2级
乌鲁木齐,2019-01-03,-8,-17,霾,西南风 2级
乌鲁木齐,2019-01-04,-11,-20,霾,东南风 3级
乌鲁木齐,2019-01-05,-8,-19,多云,北风 1级
乌鲁木齐,2019-01-06,-8,-12,晴,西北风 1级
乌鲁木齐,2019-01-07,-13,-17,霾,东南风 2级
乌鲁木齐,2019-01-08,-12,-19,晴,东南风 4级
乌鲁木齐,2019-01-09,-7,-16,多云,东风 1级
乌鲁木齐,2019-01-10,-8,-14,霾,东南风 2级
乌鲁木齐,2019-01-11,-7,-14,霾,东风 1级
乌鲁木齐,2019-01-12,-3,-9,霾,东北风 1级
乌鲁木齐,2019-01-13,-4,-11,晴,西风 1级
乌鲁木齐,2019-01-14,-8,-14,晴,东南风 3级
乌鲁木齐,2019-01-15,-11,-17,晴,东南风 4级
乌鲁木齐,2019-01-16,-8,-16,阴,东风 2级
乌鲁木齐,2019-01-17,-3,-10,霾,北风 1级
乌鲁木齐,2019-01-18,-6,-10,多云,东北风 1级
乌鲁木齐,2019-01-19,-8,-12,晴,东南风 1级
乌鲁木齐,2019-01-20,-6,-10,风,东南风 6级
乌鲁木齐,2019-01-21,-2,-12,晴,东南风 4级
乌鲁木齐,2019-01-22,-2,-8,晴,西北风 1级
乌鲁木齐,2019-01-23,-4,-10,霾,西北风 2级
乌鲁木齐,2019-01-24,-4,-10,霾,西北风 1级
乌鲁木齐,2019-01-25,-3,-10,霾,北风 1级
乌鲁木齐,2019-01-26,-8,-12,霾,东风 1级
乌鲁木齐,2019-01-27,-5,-15,阴,东南风 3级
乌鲁木齐,2019-01-28,-8,-13,多云,西北风 3级
乌鲁木齐,2019-01-29,-13,-19,晴,北风 2级
乌鲁木齐,2019-01-30,-15,-23,晴,东南风 3级
乌鲁木齐,2019-01-31,-10,-19,多云,东南风 3级
乌鲁木齐,2019-02-01,-7,-20,多云,北风 2级
乌鲁木齐,2019-02-02,-8,-14,晴,东北风 2级
乌鲁木齐,2019-02-03,-11,-16,晴,东北风 2级
乌鲁木齐,2019-02-04,-8,-15,霾,东北风 1级
乌鲁木齐,2019-02-05,-6,-16,霾,北风 1级
乌鲁木齐,2019-02-06,-7,-14,多云,南风 3级
乌鲁木齐,2019-02-07,-12,-15,多云,北风 2级
乌鲁木齐,2019-02-08,-13,-18,晴,西北风 2级
乌鲁木齐,2019-02-09,-12,-18,霾,北风 1级
乌鲁木齐,2019-02-10,-10,-23,多云,东风 2级
乌鲁木齐,2019-02-11,-5,-16,霾,北风 2级
乌鲁木齐,2019-02-12,11,7,阴,东南风 2级
乌鲁木齐,2019-02-13,-4,-11,晴,北风 2级
乌鲁木齐,2019-02-14,-10,-14,晴,北风 2级
乌鲁木齐,2019-02-15,-11,-15,多云,北风 2级
乌鲁木齐,2019-02-16,-9,-13,多云,西北风 1级
乌鲁木齐,2019-02-17,-6,-15,晴,东南风 3级
乌鲁木齐,2019-02-18,-7,-13,晴,东北风 2级
乌鲁木齐,2019-02-19,-5,-12,霾,西北风 1级
乌鲁木齐,2019-02-20,-5,-11,霾,东风 2级
乌鲁木齐,2019-02-21,-3,-13,阴,北风 2级
乌鲁木齐,2019-02-22,-5,-8,多云,西北风 2级
乌鲁木齐,2019-02-23,-4,-8,多云,西北风 2级
乌鲁木齐,2019-02-24,-6,-9,晴,北风 1级
乌鲁木齐,2019-02-25,-5,-10,晴,西北风 1级
乌鲁木齐,2019-02-26,-5,-10,晴,东北风 1级
乌鲁木齐,2019-02-27,-9,-11,霾,东北风 1级
乌鲁木齐,2019-02-28,-7,-13,霾,东风 1级
乌鲁木齐,2019-03-01,-3,-10,霾,东南风 2级
乌鲁木齐,2019-03-02,-1,-7,晴,东风 2级
乌鲁木齐,2019-03-03,1,-10,阴,北风 2级
乌鲁木齐,2019-03-04,6,-7,晴,北风 1级
乌鲁木齐,2019-03-05,3,-4,晴,西北风 1级
乌鲁木齐,2019-03-06,6,-3,晴,西北风 1级
乌鲁木齐,2019-03-07,3,-4,霾,西北风 2级
乌鲁木齐,2019-03-08,2,-4,晴,西北风 2级
乌鲁木齐,2019-03-09,2,-5,晴,西北风 1级
乌鲁木齐,2019-03-10,0,-5,多云,北风 1级
乌鲁木齐,2019-03-11,8,-5,多云,北风 2级
乌鲁木齐,2019-03-12,2,-5,晴,西北风 2级
乌鲁木齐,2019-03-13,3,-4,晴,北风 1级
乌鲁木齐,2019-03-14,11,-5,晴,东风 2级
乌鲁木齐,2019-03-15,7,-5,多云,东南风 2级
乌鲁木齐,2019-03-16,10,-3,霾,东风 1级
乌鲁木齐,2019-03-17,10,-3,霾,东南风 2级
乌鲁木齐,2019-03-18,11,1,多云,北风 2级
乌鲁木齐,2019-03-19,4,-5,晴,北风 3级
乌鲁木齐,2019-03-20,11,-4,晴,北风 2级
乌鲁木齐,2019-03-21,6,-4,晴,北风 2级
乌鲁木齐,2019-03-22,7,-2,晴,东北风 2级
乌鲁木齐,2019-03-23,10,0,晴,东风 2级
乌鲁木齐,2019-03-24,11,0,多云,东北风 2级
乌鲁木齐,2019-03-25,9,3,多云,西北风 1级
乌鲁木齐,2019-03-26,13,3,晴,北风 2级
乌鲁木齐,2019-03-27,15,4,晴,东北风 2级
乌鲁木齐,2019-03-28,15,6,晴,北风 2级
乌鲁木齐,2019-03-29,17,5,晴,东北风 2级
乌鲁木齐,2019-03-30,17,7,晴,东风 2级
乌鲁木齐,2019-03-31,17,7,晴,西北风 2级
乌鲁木齐,2019-04-01,18,8,晴,西北风 2级
乌鲁木齐,2019-04-02,18,8,晴,西北风 2级
乌鲁木齐,2019-04-03,18,8,晴,西风 2级
乌鲁木齐,2019-04-04,24,10,晴,东南风 3级
乌鲁木齐,2019-04-05,19,10,晴,西北风 2级
乌鲁木齐,2019-04-06,18,10,多云,西北风 2级
乌鲁木齐,2019-04-07,13,5,多云,西北风 3级
乌鲁木齐,2019-04-08,12,2,晴,西北风 3级
乌鲁木齐,2019-04-09,17,3,晴,东风 2级
乌鲁木齐,2019-04-10,19,8,晴,东南风 4级
乌鲁木齐,2019-04-11,17,8,多云,北风 2级
乌鲁木齐,2019-04-12,18,10,晴,北风 2级
乌鲁木齐,2019-04-13,22,9,晴,东南风 4级
乌鲁木齐,2019-04-14,20,10,晴,北风 2级
乌鲁木齐,2019-04-15,26,11,晴,东南风 4级
乌鲁木齐,2019-04-16,22,16,多云,北风 4级
乌鲁木齐,2019-04-17,17,11,多云,西北风 3级
乌鲁木齐,2019-04-18,21,9,晴,北风 2级
乌鲁木齐,2019-04-19,22,9,晴转多云,北风 2级
乌鲁木齐,2019-04-20,20,9,晴转多云,北风 2级
乌鲁木齐,2019-04-21,21,10,多云,西北风 3级
乌鲁木齐,2019-04-22,18,8,阴转雨,西北风 3级
乌鲁木齐,2019-04-23,16,9,晴,西北风 3级
乌鲁木齐,2019-04-24,19,8,多云,北风 2级
乌鲁木齐,2019-04-25,16,8,多云转雨,西北风 3级
乌鲁木齐,2019-04-26,12,7,多云,西北风 4级
乌鲁木齐,2019-04-27,15,7,多云转晴,西北风 2级
乌鲁木齐,2019-04-28,17,8,晴,北风 2级
乌鲁木齐,2019-04-29,20,9,晴转多云,东南风 2级
乌鲁木齐,2019-04-30,24,11,晴转多云,东风 3级
乌鲁木齐,2019-05-01,15,11,阴,西北风 3级
乌鲁木齐,2019-05-02,21,11,晴,西北风 2级
乌鲁木齐,2019-05-03,20,11,阴转雨,西北风 3级
乌鲁木齐,2019-05-04,19,9,阴,西北风 4级
乌鲁木齐,2019-05-05,12,7,多云,西北风 3级
乌鲁木齐,2019-05-06,16,8,晴转多云,西北风 2级
乌鲁木齐,2019-05-07,17,10,多云,西北风 2级
乌鲁木齐,2019-05-08,20,10,晴转多云,西北风 2级
乌鲁木齐,2019-05-09,23,12,晴,西北风 2级
乌鲁木齐,2019-05-10,25,14,晴,西风 3级
乌鲁木齐,2019-05-11,20,11,晴,西北风 3级
乌鲁木齐,2019-05-12,23,12,晴转多云,东南风 4级
乌鲁木齐,2019-05-13,21,13,多云转雨,西北风 3级
乌鲁木齐,2019-05-14,18,8,晴转多云,北风 3级
乌鲁木齐,2019-05-15,20,10,晴,东北风 3级
乌鲁木齐,2019-05-16,20,7,多云,北风 3级
乌鲁木齐,2019-05-17,11,6,晴,西北风 4级
乌鲁木齐,2019-05-18,17,6,晴,北风 3级
乌鲁木齐,2019-05-19,21,8,晴,东南风 3级
乌鲁木齐,2019-05-20,24,12,晴,北风 2级
乌鲁木齐,2019-05-21,30,15,晴,东南风 4级
乌鲁木齐,2019-05-22,30,18,小雨转雨,北风 2级
乌鲁木齐,2019-05-23,24,8,多云转雨,西北风 4级
乌鲁木齐,2019-05-24,18,8,晴转多云,北风 2级
乌鲁木齐,2019-05-25,22,9,晴转多云,西北风 2级
乌鲁木齐,2019-05-26,21,13,多云,北风 2级
乌鲁木齐,2019-05-27,24,13,阴,西北风 2级
乌鲁木齐,2019-05-28,15,11,晴转多云,西北风 3级
乌鲁木齐,2019-05-29,21,10,晴,西北风 3级
乌鲁木齐,2019-05-30,26,12,晴,北风 2级
乌鲁木齐,2019-05-31,29,18,晴转多云,北风 3级
乌鲁木齐,2019-06-01,29,17,晴转多云,西北风 2级
乌鲁木齐,2019-06-02,26,18,多云转阴,西北风 3级
乌鲁木齐,2019-06-03,26,19,晴转多云,西北风 3级
乌鲁木齐,2019-06-04,28,18,晴转多云,西北风 3级
乌鲁木齐,2019-06-05,27,19,晴转多云,西北风 3级
乌鲁木齐,2019-06-06,29,19,晴转多云,西北风 2级
乌鲁木齐,2019-06-07,23,18,多云,西风 2级
乌鲁木齐,2019-06-08,29,16,晴,西北风 2级
乌鲁木齐,2019-06-09,24,14,多云,西北风 3级
乌鲁木齐,2019-06-10,24,15,小雨转雨,北风 3级
乌鲁木齐,2019-06-11,21,16,多云转阴,西北风 3级
乌鲁木齐,2019-06-12,19,13,小雨转雨,西北风 3级
乌鲁木齐,2019-06-13,19,13,晴,西北风 3级
乌鲁木齐,2019-06-14,25,13,晴,西北风 2级
乌鲁木齐,2019-06-15,29,16,晴,北风 2级
乌鲁木齐,2019-06-16,29,18,多云转雨,西北风 3级
乌鲁木齐,2019-06-17,26,15,晴,北风 3级
乌鲁木齐,2019-06-18,28,16,晴转多云,北风 3级
乌鲁木齐,2019-06-19,30,20,阴转多云,北风 3级
乌鲁木齐,2019-06-20,25,17,阴转雨,西北风 3级
乌鲁木齐,2019-06-21,28,18,晴转雨,北风 2级
乌鲁木齐,2019-06-22,31,20,阴,北风 2级
乌鲁木齐,2019-06-23,27,17,多云转阴,西北风 3级
乌鲁木齐,2019-06-24,28,19,晴,北风 3级
乌鲁木齐,2019-06-25,26,18,晴转多云,北风 3级
乌鲁木齐,2019-06-26,28,19,晴,北风 3级
乌鲁木齐,2019-06-27,31,20,晴转多云,北风 3级
乌鲁木齐,2019-06-28,32,22,晴,北风 2级
乌鲁木齐,2019-06-29,34,23,晴转多云,西北风 2级
乌鲁木齐,2019-06-30,35,23,晴转多云,西北风 2级
乌鲁木齐,2019-07-01,33,24,晴转多云,西北风 3级
乌鲁木齐,2019-07-02,34,24,晴,西北风 3级
乌鲁木齐,2019-07-03,35,24,晴,北风 3级
乌鲁木齐,2019-07-04,31,20,多云转雨,西北风 4级
乌鲁木齐,2019-07-05,26,18,晴,北风 3级
乌鲁木齐,2019-07-06,30,19,晴,北风 3级
乌鲁木齐,2019-07-07,34,22,晴转多云,东北风 2级
乌鲁木齐,2019-07-08,29,23,阴,西北风 2级
乌鲁木齐,2019-07-09,31,23,晴转多云,南风 2级
乌鲁木齐,2019-07-10,32,22,小雨转雨,北风 3级
乌鲁木齐,2019-07-11,26,19,晴,西北风 3级
乌鲁木齐,2019-07-12,31,19,晴,北风 2级
乌鲁木齐,2019-07-13,31,21,晴,北风 2级
乌鲁木齐,2019-07-14,33,22,阴,西北风 3级
乌鲁木齐,2019-07-15,30,23,晴转多云,西北风 3级
乌鲁木齐,2019-07-16,33,23,晴,西北风 2级
乌鲁木齐,2019-07-17,34,24,晴转多云,北风 2级
乌鲁木齐,2019-07-18,34,24,多云,西北风 2级
乌鲁木齐,2019-07-19,32,24,多云转阴,西风 2级
乌鲁木齐,2019-07-20,33,24,阴,西风 3级
乌鲁木齐,2019-07-21,29,23,阴,西北风 3级
乌鲁木齐,2019-07-22,30,21,多云,西北风 3级
乌鲁木齐,2019-07-23,32,21,晴转多云,北风 3级
乌鲁木齐,2019-07-24,32,22,晴转多云,北风 3级
乌鲁木齐,2019-07-25,25,18,多云转雨,北风 3级
乌鲁木齐,2019-07-26,28,18,晴,北风 3级
乌鲁木齐,2019-07-27,28,19,多云,西北风 3级
乌鲁木齐,2019-07-28,28,17,晴,北风 3级
乌鲁木齐,2019-07-29,32,20,晴转多云,北风 2级
乌鲁木齐,2019-07-30,36,21,晴转多云,北风 2级
乌鲁木齐,2019-07-31,31,23,晴,西北风 3级
乌鲁木齐,2019-08-01,30,22,小雨转多云,北风 2级
乌鲁木齐,2019-08-02,33,22,晴,西北风 3级
乌鲁木齐,2019-08-03,36,25,晴转多云,北风 2级
乌鲁木齐,2019-08-04,35,25,晴转多云,西风 2级
乌鲁木齐,2019-08-05,33,25,多云,西北风 3级
乌鲁木齐,2019-08-06,31,24,晴转多云,北风 2级
乌鲁木齐,2019-08-07,34,24,晴,西北风 2级
乌鲁木齐,2019-08-08,36,25,晴,北风 2级
乌鲁木齐,2019-08-09,35,24,晴转多云,北风 2级
乌鲁木齐,2019-08-10,28,16,多云,西北风 4级
乌鲁木齐,2019-08-11,26,16,晴,北风 3级
乌鲁木齐,2019-08-12,29,19,晴,北风 2级
乌鲁木齐,2019-08-13,33,21,晴,北风 2级
乌鲁木齐,2019-08-14,37,22,晴转多云,北风 3级
乌鲁木齐,2019-08-15,29,21,多云,西北风 3级
乌鲁木齐,2019-08-16,27,19,晴,北风 3级
乌鲁木齐,2019-08-17,24,17,多云,西北风 4级
乌鲁木齐,2019-08-18,21,15,多云,北风 4级
乌鲁木齐,2019-08-19,25,16,晴转多云,北风 3级
乌鲁木齐,2019-08-20,23,17,多云,西北风 3级
乌鲁木齐,2019-08-21,25,18,阴,北风 2级
乌鲁木齐,2019-08-22,27,19,多云,东南风 3级
乌鲁木齐,2019-08-23,31,20,晴,西北风 3级
乌鲁木齐,2019-08-24,25,17,小雨到中雨,北风 3级
乌鲁木齐,2019-08-25,25,16,晴转多云,北风 3级
乌鲁木齐,2019-08-26,28,17,晴,北风 2级
乌鲁木齐,2019-08-27,32,18,晴转多云,北风 2级
乌鲁木齐,2019-08-28,33,21,小雨转多云,北风 2级
乌鲁木齐,2019-08-29,34,22,晴,西北风 2级
乌鲁木齐,2019-08-30,35,23,小雨转多云,北风 2级
乌鲁木齐,2019-08-31,29,23,多云,西北风 3级
乌鲁木齐,2019-09-01,27,21,多云转晴,西北风 3级
乌鲁木齐,2019-09-02,25,19,多云,西北风 3级
乌鲁木齐,2019-09-03,23,17,晴,北风 3级
乌鲁木齐,2019-09-04,27,17,多云转雨,西北风 2级
乌鲁木齐,2019-09-05,24,17,多云,西北风 3级
乌鲁木齐,2019-09-06,24,15,多云,北风 3级
乌鲁木齐,2019-09-07,18,13,晴转多云,北风 3级
乌鲁木齐,2019-09-08,23,14,晴转多云,北风 2级
乌鲁木齐,2019-09-09,25,15,多云,西北风 2级
乌鲁木齐,2019-09-10,23,9,多云转雨,西北风 4级
乌鲁木齐,2019-09-11,16,9,多云转晴,北风 3级
乌鲁木齐,2019-09-12,18,9,晴,北风 2级
乌鲁木齐,2019-09-13,21,10,晴,东北风 2级
乌鲁木齐,2019-09-14,22,10,晴,北风 2级
乌鲁木齐,2019-09-15,22,12,晴,北风 2级
乌鲁木齐,2019-09-16,22,12,多云,北风 3级
乌鲁木齐,2019-09-17,19,11,多云,北风 3级
乌鲁木齐,2019-09-18,22,12,晴,北风 2级
乌鲁木齐,2019-09-19,25,15,晴转多云,东风 3级
乌鲁木齐,2019-09-20,27,15,晴,东北风 2级
乌鲁木齐,2019-09-21,28,18,晴,东北风 2级
乌鲁木齐,2019-09-22,30,18,晴,东南风 3级
乌鲁木齐,2019-09-23,31,21,晴,东南风 4级
乌鲁木齐,2019-09-24,30,20,晴,东南风 3级
乌鲁木齐,2019-09-25,26,18,晴,北风 2级
乌鲁木齐,2019-09-26,24,16,晴转多云,北风 3级
乌鲁木齐,2019-09-27,26,15,晴转多云,北风 2级
乌鲁木齐,2019-09-28,21,16,晴转多云,北风 2级
乌鲁木齐,2019-09-29,25,14,晴转多云,西北风 2级
乌鲁木齐,2019-09-30,20,8,多云转雨,北风 4级
乌鲁木齐,2019-10-01,13,6,多云,北风 3级
乌鲁木齐,2019-10-02,10,6,多云,北风 4级
乌鲁木齐,2019-10-03,11,5,晴转多云,北风 2级
乌鲁木齐,2019-10-04,14,6,晴转多云,北风 2级
乌鲁木齐,2019-10-05,15,6,阴转多云,西北风 2级
乌鲁木齐,2019-10-06,18,8,晴,东风 2级
乌鲁木齐,2019-10-07,19,9,晴转多云,东风 3级
乌鲁木齐,2019-10-08,19,10,晴转多云,北风 2级
乌鲁木齐,2019-10-09,19,11,晴转多云,北风 2级
乌鲁木齐,2019-10-10,19,12,晴转多云,西北风 2级
乌鲁木齐,2019-10-11,19,11,多云,北风 2级
乌鲁木齐,2019-10-12,17,11,晴转多云,西北风 2级
乌鲁木齐,2019-10-13,15,8,晴,西北风 3级
乌鲁木齐,2019-10-14,19,8,晴,东南风 4级
乌鲁木齐,2019-10-15,17,10,多云转阴,东南风 4级
乌鲁木齐,2019-10-16,15,8,晴转多云,北风 2级
乌鲁木齐,2019-10-17,19,9,晴转多云,东南风 2级
乌鲁木齐,2019-10-18,11,3,晴,西北风 3级
乌鲁木齐,2019-10-19,12,2,晴,北风 2级
乌鲁木齐,2019-10-20,15,5,晴,东南风 2级
乌鲁木齐,2019-10-21,12,4,阴,北风 3级
乌鲁木齐,2019-10-22,3,-2,晴,北风 3级
乌鲁木齐,2019-10-23,8,-1,晴,北风 1级
乌鲁木齐,2019-10-24,9,-1,晴,东风 2级
乌鲁木齐,2019-10-25,12,2,晴转多云,东南风 3级
乌鲁木齐,2019-10-26,13,3,霾转晴,东风 2级
乌鲁木齐,2019-10-27,14,5,晴,北风 1级
乌鲁木齐,2019-10-28,14,4,晴转多云,东北风 1级
乌鲁木齐,2019-10-29,14,5,晴,西北风 2级
乌鲁木齐,2019-10-30,17,7,晴,东南风 4级
乌鲁木齐,2019-10-31,16,6,晴,东南风 2级
乌鲁木齐,2019-11-01,15,6,霾转晴,东风 1级
乌鲁木齐,2019-11-02,15,6,晴转多云,东北风 2级
乌鲁木齐,2019-11-03,12,6,晴转多云,北风 2级
乌鲁木齐,2019-11-04,12,5,晴转多云,西北风 1级
乌鲁木齐,2019-11-05,12,5,多云,西北风 2级
乌鲁木齐,2019-11-06,6,3,阴,西北风 3级
乌鲁木齐,2019-11-07,3,0,阴转雪,北风 3级
乌鲁木齐,2019-11-08,1,-2,晴,北风 3级
乌鲁木齐,2019-11-09,6,-2,晴,东南风 1级
乌鲁木齐,2019-11-10,5,1,多云,北风 2级
乌鲁木齐,2019-11-11,3,0,阴转雪,北风 3级
乌鲁木齐,2019-11-12,5,-3,晴,北风 1级
乌鲁木齐,2019-11-13,4,-2,晴,东风 2级
乌鲁木齐,2019-11-14,5,-3,晴,北风 1级
乌鲁木齐,2019-11-15,6,-1,雪,北风 2级
乌鲁木齐,2019-11-16,7,-6,晴,北风 3级
乌鲁木齐,2019-11-17,-4,-10,晴,东南风 2级
乌鲁木齐,2019-11-18,-3,-9,霾转晴,北风 1级
乌鲁木齐,2019-11-19,4,-6,晴,东南风 3级
乌鲁木齐,2019-11-20,4,-3,晴转多云,东南风 4级
乌鲁木齐,2019-11-21,-1,-5,阴转雪,西北风 3级
乌鲁木齐,2019-11-22,-5,-10,晴转多云,西北风 3级
乌鲁木齐,2019-11-23,-9,-12,晴,北风 2级
乌鲁木齐,2019-11-24,-8,-14,晴转多云,东北风 2级
乌鲁木齐,2019-11-25,-6,-12,多云,西北风 1级
乌鲁木齐,2019-11-26,-7,-11,霾,北风 1级
乌鲁木齐,2019-11-27,-8,-12,晴转多云,西北风 1级
乌鲁木齐,2019-11-28,-5,-10,晴转多云,北风 2级
乌鲁木齐,2019-11-29,-6,-12,霾,北风 1级
乌鲁木齐,2019-11-30,-7,-13,霾,北风 1级
乌鲁木齐,2019-12-01,-10,-16,霾,东北风 1级
乌鲁木齐,2019-12-02,-9,-15,晴,东风 2级
乌鲁木齐,2019-12-03,-7,-12,霾,东南风 2级
乌鲁木齐,2019-12-04,-3,-12,霾,东南风 2级
乌鲁木齐,2019-12-05,-1,-10,霾转多云,东南风 3级
乌鲁木齐,2019-12-06,-3,-9,多云,东南风 2级
乌鲁木齐,2019-12-07,0,-6,晴,西北风 1级
乌鲁木齐,2019-12-08,1,-5,霾转晴,东南风 1级
乌鲁木齐,2019-12-09,2,-5,晴转霾,东北风 1级
乌鲁木齐,2019-12-10,-1,-9,霾,东风 1级
乌鲁木齐,2019-12-11,1,-7,霾,东南风 1级
乌鲁木齐,2019-12-12,0,-10,多云,东风 1级
乌鲁木齐,2019-12-13,0,-10,霾,东南风 2级
乌鲁木齐,2019-12-14,1,-8,阴,北风 1级
乌鲁木齐,2019-12-15,-2,-6,阴转雪,北风 2级
乌鲁木齐,2019-12-16,-1,-6,多云,北风 2级
乌鲁木齐,2019-12-17,-5,-9,多云,北风 1级
乌鲁木齐,2019-12-18,-5,-12,多云,东北风 1级
乌鲁木齐,2019-12-19,-6,-14,晴转多云,东南风 2级
乌鲁木齐,2019-12-20,-3,-13,多云,东南风 2级
乌鲁木齐,2019-12-21,-4,-10,多云,东南风 3级
乌鲁木齐,2019-12-22,-4,-9,阴转雪,北风 1级
乌鲁木齐,2019-12-23,-5,-9,阴转雪,北风 2级
乌鲁木齐,2019-12-24,-6,-11,晴转多云,西北风 2级
乌鲁木齐,2019-12-25,-5,-14,晴,南风 1级
乌鲁木齐,2019-12-26,-7,-12,霾转晴,东南风 1级
乌鲁木齐,2019-12-27,-7,-12,晴转多云,东南风 2级
乌鲁木齐,2019-12-28,-4,-10,霾,北风 1级
乌鲁木齐,2019-12-29,-6,-12,霾,东北风 1级
乌鲁木齐,2019-12-30,-10,-14,霾转晴,东风 2级
乌鲁木齐,2019-12-31,-4,-13,晴转多云,北风 1级
乌鲁木齐,2020-01-01,-5,-11,多云,南风 1级
乌鲁木齐,2020-01-02,-5,-11,晴,东风 2级
乌鲁木齐,2020-01-03,-9,-13,晴,东南风 1级
乌鲁木齐,2020-01-04,-6,-11,阴,西北风 1级
乌鲁木齐,2020-01-05,-6,-13,阴,东北风 1级
乌鲁木齐,2020-01-06,-9,-14,霾转晴,东风 3级
乌鲁木齐,2020-01-07,-7,-14,霾,东南风 2级
乌鲁木齐,2020-01-08,-8,-12,霾,西北风 1级
乌鲁木齐,2020-01-09,-8,-14,霾,西风 1级
乌鲁木齐,2020-01-10,-8,-13,多云,东北风 1级
乌鲁木齐,2020-01-11,-10,-17,多云转霾,北风 1级
乌鲁木齐,2020-01-12,-12,-16,霾,东风 2级
乌鲁木齐,2020-01-13,-8,-16,霾,东风 1级
乌鲁木齐,2020-01-14,-6,-11,雪,北风 2级
乌鲁木齐,2020-01-15,-6,-11,晴转多云,北风 1级
乌鲁木齐,2020-01-16,-5,-12,阴,西北风 1级
乌鲁木齐,2020-01-17,-5,-10,晴,西北风 2级
乌鲁木齐,2020-01-18,-6,-12,晴,东南风 2级
乌鲁木齐,2020-01-19,-5,-11,霾转晴,东南风 3级
乌鲁木齐,2020-01-20,-3,-10,晴转多云,东南风 3级
乌鲁木齐,2020-01-21,-2,-10,霾,东风 1级
乌鲁木齐,2020-01-22,-4,-11,霾,东南风 1级
乌鲁木齐,2020-01-23,-3,-10,晴,东南风 1级
乌鲁木齐,2020-01-24,-3,-13,风,东南风 6级
乌鲁木齐,2020-01-25,-2,-10,霾,东南风 3级
乌鲁木齐,2020-01-26,-2,-10,晴转多云,东南风 2级
乌鲁木齐,2020-01-27,-3,-10,晴,东南风 2级
乌鲁木齐,2020-01-28,-2,-11,多云,东南风 2级
乌鲁木齐,2020-01-29,-4,-10,晴,东南风 2级
乌鲁木齐,2020-01-30,-5,-10,霾转多云,西北风 1级
乌鲁木齐,2020-01-31,12,-14,晴,西北风 1级
乌鲁木齐,2020-02-01,-9,-15,霾,东北风 1级
乌鲁木齐,2020-02-02,-10,-15,晴,东南风 3级
乌鲁木齐,2020-02-03,-5,-12,晴转多云,东南风 2级
乌鲁木齐,2020-02-04,-4,-11,霾,东南风 1级
乌鲁木齐,2020-02-05,-3,-13,霾,东风 1级
乌鲁木齐,2020-02-06,-2,-9,霾,东南风 2级
乌鲁木齐,2020-02-07,4,-8,霾,东南风 1级
乌鲁木齐,2020-02-08,8,-4,风,东南风 6级
乌鲁木齐,2020-02-09,8,-3,风,东南风 6级
乌鲁木齐,2020-02-10,4,-5,晴转多云,东南风 4级
乌鲁木齐,2020-02-11,4,-5,多云,东南风 3级
乌鲁木齐,2020-02-12,-3,-10,晴,北风 3级
乌鲁木齐,2020-02-13,-6,-13,晴,西北风 2级
乌鲁木齐,2020-02-14,-4,-14,阴转多云,东北风 1级
乌鲁木齐,2020-02-15,-2,-11,晴转多云,东风 3级
乌鲁木齐,2020-02-16,-4,-11,多云转阴,东北风 1级
乌鲁木齐,2020-02-17,0,-7,晴转多云,东北风 1级
乌鲁木齐,2020-02-18,-2,-8,多云转雪,北风 1级
乌鲁木齐,2020-02-19,-1,-6,晴转多云,北风 2级
乌鲁木齐,2020-02-20,0,-7,晴,西北风 1级
乌鲁木齐,2020-02-21,-1,-7,晴转多云,东风 2级
乌鲁木齐,2020-02-22,-1,-8,晴转多云,东南风 2级
乌鲁木齐,2020-02-23,5,-4,晴转多云,北风 2级
乌鲁木齐,2020-02-24,5,-4,多云,西北风 2级
乌鲁木齐,2020-02-25,1,-4,晴转多云,北风 1级
乌鲁木齐,2020-02-26,8,-4,晴,东北风 1级
乌鲁木齐,2020-02-27,1,-3,多云转雪,东风 2级
乌鲁木齐,2020-02-28,0,-3,晴,北风 3级
乌鲁木齐,2020-02-29,3,-6,晴转多云,北风 2级
乌鲁木齐,2020-03-01,4,-6,晴,北风 1级
乌鲁木齐,2020-03-02,5,-3,晴,东风 2级
乌鲁木齐,2020-03-03,9,-2,晴转多云,东南风 3级
乌鲁木齐,2020-03-04,4,-2,多云,北风 2级
乌鲁木齐,2020-03-05,7,-2,晴转多云,西北风 2级
乌鲁木齐,2020-03-06,5,-2,多云,北风 2级
乌鲁木齐,2020-03-07,0,-6,阴转雪,北风 3级
乌鲁木齐,2020-03-08,-4,-10,晴,西北风 3级
乌鲁木齐,2020-03-09,-2,-9,晴,北风 1级
乌鲁木齐,2020-03-10,2,-8,晴,西北风 1级
乌鲁木齐,2020-03-11,2,-6,晴,西北风 2级
乌鲁木齐,2020-03-12,4,-5,晴,北风 1级
乌鲁木齐,2020-03-13,6,-4,晴转多云,东风 3级
乌鲁木齐,2020-03-14,9,-2,晴,东南风 2级
乌鲁木齐,2020-03-15,11,-1,晴,西北风 1级
乌鲁木齐,2020-03-16,13,1,晴转多云,东南风 2级
乌鲁木齐,2020-03-17,14,3,晴转多云,东南风 3级
乌鲁木齐,2020-03-18,16,4,晴转多云,西北风 1级
乌鲁木齐,2020-03-19,14,5,晴转多云,北风 2级
乌鲁木齐,2020-03-20,9,2,多云转阴,西北风 2级
乌鲁木齐,2020-03-21,10,0,晴,北风 2级
乌鲁木齐,2020-03-22,12,2,晴转多云,北风 2级
乌鲁木齐,2020-03-23,16,4,阴,西北风 2级
乌鲁木齐,2020-03-24,9,0,多云,北风 3级
乌鲁木齐,2020-03-25,5,-4,晴,北风 3级
乌鲁木齐,2020-03-26,5,-4,晴转多云,北风 2级
乌鲁木齐,2020-03-27,9,-3,晴,北风 2级
乌鲁木齐,2020-03-28,11,1,晴转多云,东北风 2级
乌鲁木齐,2020-03-29,9,2,多云,北风 2级
乌鲁木齐,2020-03-30,7,-3,晴转多云,北风 3级
乌鲁木齐,2020-03-31,12,-1,晴转风,东南风 3级
乌鲁木齐,2020-04-01,15,3,风转晴,东南风 5级
乌鲁木齐,2020-04-02,16,5,晴转多云,东南风 3级
乌鲁木齐,2020-04-03,17,7,晴转多云,东南风 3级
乌鲁木齐,2020-04-04,18,7,晴转多云,东南风 3级
乌鲁木齐,2020-04-05,19,8,晴转多云,北风 2级
乌鲁木齐,2020-04-06,22,9,晴转多云,北风 2级
乌鲁木齐,2020-04-07,23,11,晴,北风 2级
乌鲁木齐,2020-04-08,24,11,晴,北风 2级
乌鲁木齐,2020-04-09,25,12,霾,西北风 3级
乌鲁木齐,2020-04-10,15,6,多云转阴,西北风 3级
乌鲁木齐,2020-04-11,14,3,晴转多云,北风 2级
乌鲁木齐,2020-04-12,20,8,晴转多云,北风 2级
乌鲁木齐,2020-04-13,23,10,晴转多云,北风 2级
乌鲁木齐,2020-04-14,21,11,多云,西北风 3级
乌鲁木齐,2020-04-15,17,10,阴转雨,北风 3级
乌鲁木齐,2020-04-16,17,8,小雨到中雨,北风 3级
乌鲁木齐,2020-04-17,15,8,多云,北风 3级
乌鲁木齐,2020-04-18,16,9,晴转多云,北风 3级
乌鲁木齐,2020-04-19,20,10,晴,北风 2级
乌鲁木齐,2020-04-20,21,10,晴转多云,西北风 2级
乌鲁木齐,2020-04-21,22,13,晴,东南风 2级
乌鲁木齐,2020-04-22,22,13,晴,东风 2级
乌鲁木齐,2020-04-23,25,14,晴,东南风 4级
乌鲁木齐,2020-04-24,26,16,风,东南风 5级
乌鲁木齐,2020-04-25,27,18,晴,东南风 4级
乌鲁木齐,2020-04-26,30,21,风转晴,东南风 6级
乌鲁木齐,2020-04-27,30,20,晴转多云,东南风 4级
乌鲁木齐,2020-04-28,31,19,晴,北风 2级
乌鲁木齐,2020-04-29,30,18,晴,北风 2级
乌鲁木齐,2020-04-30,27,18,多云,西北风 3级
乌鲁木齐,2020-05-01,21,14,晴转多云,西北风 4级
乌鲁木齐,2020-05-02,22,13,晴转多云,北风 3级
乌鲁木齐,2020-05-03,26,14,晴转多云,北风 2级
乌鲁木齐,2020-05-04,22,14,小雨转风,西北风 5级
乌鲁木齐,2020-05-05,20,8,阴转雨,北风 3级
乌鲁木齐,2020-05-06,11,8,多云,北风 3级
乌鲁木齐,2020-05-07,16,6,晴,北风 3级
乌鲁木齐,2020-05-08,24,8,晴,东风 3级
乌鲁木齐,2020-05-09,25,12,晴转多云,北风 2级
乌鲁木齐,2020-05-10,26,14,晴转多云,东南风 5级
乌鲁木齐,2020-05-11,28,17,风转多云,东南风 5级
乌鲁木齐,2020-05-12,29,19,多云,东南风 3级
乌鲁木齐,2020-05-13,26,16,晴转多云,西北风 2级
乌鲁木齐,2020-05-14,27,17,晴,西北风 3级
乌鲁木齐,2020-05-15,28,17,晴,北风 3级
乌鲁木齐,2020-05-16,23,14,多云转阴,北风 3级
乌鲁木齐,2020-05-17,25,17,多云,北风 3级
乌鲁木齐,2020-05-18,27,17,多云,西北风 3级
乌鲁木齐,2020-05-19,29,18,多云,西北风 3级
乌鲁木齐,2020-05-20,25,19,多云转阴,西北风 4级
乌鲁木齐,2020-05-21,20,15,多云,西北风 3级
乌鲁木齐,2020-05-22,24,14,晴,西北风 3级
乌鲁木齐,2020-05-23,26,16,晴转多云,西北风 3级
乌鲁木齐,2020-05-24,23,17,多云,北风 3级
乌鲁木齐,2020-05-25,26,13,晴,北风 3级
乌鲁木齐,2020-05-26,27,17,晴,东风 2级
乌鲁木齐,2020-05-27,30,19,晴转雨,西南风 3级
乌鲁木齐,2020-05-28,27,17,晴,北风 4级
乌鲁木齐,2020-05-29,27,14,晴,北风 3级
乌鲁木齐,2020-05-30,30,16,晴转多云,北风 2级
乌鲁木齐,2020-05-31,30,18,晴,西北风 4级
乌鲁木齐,2020-06-01,32,20,晴,北风 2级
乌鲁木齐,2020-06-02,33,21,晴,北风 2级
乌鲁木齐,2020-06-03,33,21,多云转多云,西北风 3级
乌鲁木齐,2020-06-04,31,22,多云转多云,西北风 3级
乌鲁木齐,2020-06-05,32,12,小雨,西北风 3级
乌鲁木齐,2020-06-06,19,13,多云,西北风 4级
乌鲁木齐,2020-06-07,21,14,晴,北风 3级
乌鲁木齐,2020-06-08,24,14,晴,北风 2级
乌鲁木齐,2020-06-09,27,15,晴,北风 2级
乌鲁木齐,2020-06-10,27,19,多云,西北风 3级
乌鲁木齐,2020-06-11,27,20,晴,西北风 3级
乌鲁木齐,2020-06-12,28,18,晴,北风 3级
乌鲁木齐,2020-06-13,29,19,多云,东南风 3级
乌鲁木齐,2020-06-14,28,20,晴,西北风 3级
乌鲁木齐,2020-06-15,30,20,晴,西北风 3级
乌鲁木齐,2020-06-16,32,21,晴,北风 2级
乌鲁木齐,2020-06-17,31,21,多云,西北风 2级
乌鲁木齐,2020-06-18,27,20,多云,北风 3级
乌鲁木齐,2020-06-19,23,18,阴,西北风 3级
乌鲁木齐,2020-06-20,27,17,多云,北风 3级
乌鲁木齐,2020-06-21,22,13,晴,北风 4级
乌鲁木齐,2020-06-22,24,14,晴,北风 3级
乌鲁木齐,2020-06-23,29,15,多云,北风 2级
乌鲁木齐,2020-06-24,27,19,多云,西北风 2级
乌鲁木齐,2020-06-25,28,19,晴,西北风 3级
乌鲁木齐,2020-06-26,30,20,晴,北风 2级
乌鲁木齐,2020-06-27,29,21,晴,东南风 4级
乌鲁木齐,2020-06-28,26,15,多云,西北风 4级
乌鲁木齐,2020-06-29,15,10,阴,西北风 3级
乌鲁木齐,2020-06-30,22,13,晴,北风 2级
乌鲁木齐,2020-07-01,26,15,晴,北风 2级
乌鲁木齐,2020-07-02,29,19,晴,北风 2级
乌鲁木齐,2020-07-03,31,22,晴,西北风 3级
乌鲁木齐,2020-07-04,30,22,多云,北风 3级
乌鲁木齐,2020-07-05,27,20,多云,西北风 3级
乌鲁木齐,2020-07-06,24,18,晴,北风 3级
乌鲁木齐,2020-07-07,22,18,多云,北风 3级
乌鲁木齐,2020-07-08,30,19,晴,北风 3级
乌鲁木齐,2020-07-09,26,20,多云,北风 3级
乌鲁木齐,2020-07-10,29,21,晴,西北风 3级
乌鲁木齐,2020-07-11,22,15,阴,东北风 3级
乌鲁木齐,2020-07-12,24,19,阴,西北风 3级
乌鲁木齐,2020-07-13,25,18,晴,北风 3级
乌鲁木齐,2020-07-14,28,20,多云,北风 3级
乌鲁木齐,2020-07-15,28,20,晴,北风 3级
乌鲁木齐,2020-07-16,30,21,晴,北风 3级
乌鲁木齐,2020-07-17,32,22,晴,北风 2级
乌鲁木齐,2020-07-18,36,25,晴,东风 3级
乌鲁木齐,2020-07-19,33,25,多云,西风 3级
乌鲁木齐,2020-07-20,30,24,多云,西风 3级
乌鲁木齐,2020-07-21,27,19,晴,西北风 3级
乌鲁木齐,2020-07-22,29,21,阴,西北风 2级
乌鲁木齐,2020-07-23,25,21,多云,西风 2级
乌鲁木齐,2020-07-24,31,21,晴,北风 2级
乌鲁木齐,2020-07-25,31,21,晴,西北风 3级
乌鲁木齐,2020-07-26,32,22,晴,北风 3级
乌鲁木齐,2020-07-27,31,18,多云,西北风 3级
乌鲁木齐,2020-07-28,24,16,晴,西北风 3级
乌鲁木齐,2020-07-29,27,19,多云,北风 2级
乌鲁木齐,2020-07-30,25,18,晴,西北风 3级
乌鲁木齐,2020-07-31,27,18,晴,北风 2级
乌鲁木齐,2020-08-01,28,20,晴,北风 3级
乌鲁木齐,2020-08-02,29,20,晴,北风 2级
乌鲁木齐,2020-08-03,28,22,晴转雨,西北风 3级
乌鲁木齐,2020-08-04,29,23,晴,西北风 2级
乌鲁木齐,2020-08-05,29,21,晴,北风 3级
乌鲁木齐,2020-08-06,32,22,晴,西北风 2级
乌鲁木齐,2020-08-07,34,23,晴,北风 2级
乌鲁木齐,2020-08-08,33,24,晴,北风 2级
乌鲁木齐,2020-08-09,32,24,阴,北风 3级
乌鲁木齐,2020-08-10,29,22,晴,西风 3级
乌鲁木齐,2020-08-11,30,21,晴,西风 2级
乌鲁木齐,2020-08-12,30,22,多云,西北风 2级
乌鲁木齐,2020-08-13,28,21,晴,北风 2级
乌鲁木齐,2020-08-14,24,16,阴,西北风 3级
乌鲁木齐,2020-08-15,25,16,晴,北风 2级
乌鲁木齐,2020-08-16,29,18,晴,东北风 2级
乌鲁木齐,2020-08-17,30,19,晴,东北风 2级
乌鲁木齐,2020-08-18,33,21,阴,东南风 3级
乌鲁木齐,2020-08-19,26,18,多云,西北风 4级
乌鲁木齐,2020-08-20,27,18,晴,北风 3级
乌鲁木齐,2020-08-21,29,18,晴,北风 2级
乌鲁木齐,2020-08-22,27,19,晴,北风 3级
乌鲁木齐,2020-08-23,30,19,阴,东北风 3级
乌鲁木齐,2020-08-24,31,19,晴,东北风 2级
乌鲁木齐,2020-08-25,32,21,多云,东北风 3级
乌鲁木齐,2020-08-26,26,17,多云,北风 4级
乌鲁木齐,2020-08-27,22,13,小雨,北风 3级
乌鲁木齐,2020-08-28,20,12,晴,西北风 3级
乌鲁木齐,2020-08-29,21,12,晴,北风 2级
乌鲁木齐,2020-08-30,24,14,晴,北风 2级
乌鲁木齐,2020-08-31,26,14,晴,北风 2级
乌鲁木齐,2020-09-01,28,17,晴,东北风 2级
乌鲁木齐,2020-09-02,28,18,晴,北风 2级
乌鲁木齐,2020-09-03,31,16,阴,北风 2级
乌鲁木齐,2020-09-04,25,17,晴,西北风 3级
乌鲁木齐,2020-09-05,26,16,晴,北风 2级
乌鲁木齐,2020-09-06,28,16,多云,东南风 4级
乌鲁木齐,2020-09-07,24,14,小雨,西北风 3级
乌鲁木齐,2020-09-08,21,12,晴,西北风 3级
乌鲁木齐,2020-09-09,22,12,晴,北风 2级
乌鲁木齐,2020-09-10,20,11,多云,北风 3级
乌鲁木齐,2020-09-11,16,9,晴,北风 3级
乌鲁木齐,2020-09-12,18,10,晴,北风 2级
乌鲁木齐,2020-09-13,17,12,多云,北风 2级
乌鲁木齐,2020-09-14,20,11,晴,北风 2级
乌鲁木齐,2020-09-15,22,12,阴,北风 2级
乌鲁木齐,2020-09-16,23,13,晴,西北风 2级
乌鲁木齐,2020-09-17,25,17,晴,东南风 5级
乌鲁木齐,2020-09-18,19,12,阴,西北风 3级
乌鲁木齐,2020-09-19,15,10,多云,北风 4级
乌鲁木齐,2020-09-20,14,9,阴,北风 3级
乌鲁木齐,2020-09-21,23,10,晴,西北风 2级
乌鲁木齐,2020-09-22,22,12,晴,北风 2级
乌鲁木齐,2020-09-23,20,13,晴,西北风 2级
乌鲁木齐,2020-09-24,24,13,多云,东风 3级
乌鲁木齐,2020-09-25,13,8,晴,北风 4级
乌鲁木齐,2020-09-26,11,6,晴,西北风 3级
乌鲁木齐,2020-09-27,16,7,晴,北风 3级
乌鲁木齐,2020-09-28,13,6,多云,北风 3级
乌鲁木齐,2020-09-29,10,5,晴,西北风 3级
乌鲁木齐,2020-09-30,11,4,晴,北风 2级
乌鲁木齐,2020-10-01,10,3,晴转多云,北风 3级
乌鲁木齐,2020-10-02,17,4,晴,北风 2级
乌鲁木齐,2020-10-03,17,4,晴,北风 2级
乌鲁木齐,2020-10-04,19,6,晴,北风 2级
乌鲁木齐,2020-10-05,15,7,晴,北风 2级
乌鲁木齐,2020-10-06,18,9,霾,东南风 4级
乌鲁木齐,2020-10-07,7,0,晴,西北风 3级
乌鲁木齐,2020-10-08,10,3,晴,北风 2级
乌鲁木齐,2020-10-09,13,3,阴,北风 3级
乌鲁木齐,2020-10-10,12,2,晴,西北风 3级
乌鲁木齐,2020-10-11,14,2,晴,北风 2级
乌鲁木齐,2020-10-12,15,4,多云,北风 2级
乌鲁木齐,2020-10-13,16,3,晴,北风 2级
乌鲁木齐,2020-10-14,16,3,晴,北风 2级
乌鲁木齐,2020-10-15,15,4,晴,东北风 2级
乌鲁木齐,2020-10-16,16,4,晴,东北风 2级
乌鲁木齐,2020-10-17,17,5,晴,东北风 1级
乌鲁木齐,2020-10-18,16,6,晴,东南风 2级
乌鲁木齐,2020-10-19,20,7,晴,北风 2级
乌鲁木齐,2020-10-20,20,7,晴,东风 2级
乌鲁木齐,2020-10-21,16,5,晴,北风 1级
乌鲁木齐,2020-10-22,17,5,霾,东风 2级
乌鲁木齐,2020-10-23,17,3,晴,北风 2级
乌鲁木齐,2020-10-24,9,1,多云,西北风 3级
乌鲁木齐,2020-10-25,11,1,晴,西北风 3级
乌鲁木齐,2020-10-26,13,2,晴,东北风 1级
乌鲁木齐,2020-10-27,13,5,晴,东南风 4级
乌鲁木齐,2020-10-28,11,1,多云,东南风 5级
乌鲁木齐,2020-10-29,9,0,小雪,西北风 3级
乌鲁木齐,2020-10-30,9,1,晴,北风 2级
乌鲁木齐,2020-10-31,10,1,晴,北风 2级
乌鲁木齐,2020-11-01,12,0,晴,东北风 1级
乌鲁木齐,2020-11-02,10,1,晴,东风 2级
乌鲁木齐,2020-11-03,11,0,晴,西北风 1级
乌鲁木齐,2020-11-04,10,0,阴,北风 2级
乌鲁木齐,2020-11-05,9,0,晴,西北风 2级
乌鲁木齐,2020-11-06,9,0,晴,北风 1级
乌鲁木齐,2020-11-07,9,2,晴,东风 2级
乌鲁木齐,2020-11-08,11,3,晴,东南风 3级
乌鲁木齐,2020-11-09,8,0,晴,东南风 4级
乌鲁木齐,2020-11-10,9,1,晴,西北风 2级
乌鲁木齐,2020-11-11,7,1,晴,东风 2级
乌鲁木齐,2020-11-12,7,0,多云,东风 3级
乌鲁木齐,2020-11-13,10,0,多云,西北风 2级
乌鲁木齐,2020-11-14,5,0,多云,西北风 2级
乌鲁木齐,2020-11-15,3,-1,阴,西北风 3级
乌鲁木齐,2020-11-16,3,-3,阴,西北风 3级
乌鲁木齐,2020-11-17,0,-6,阴,西北风 3级
乌鲁木齐,2020-11-18,-3,-7,阴,北风 2级
乌鲁木齐,2020-11-19,-3,-8,晴,北风 3级
乌鲁木齐,2020-11-20,-2,-10,晴,北风 2级
乌鲁木齐,2020-11-21,-3,-12,晴,东风 1级
乌鲁木齐,2020-11-22,-3,-10,晴,东风 3级
乌鲁木齐,2020-11-23,-2,-8,多云,东风 2级
乌鲁木齐,2020-11-24,0,-8,晴,北风 1级
乌鲁木齐,2020-11-25,-2,-9,晴,北风 1级
乌鲁木齐,2020-11-26,-5,-8,多云,北风 2级
乌鲁木齐,2020-11-27,0,-7,晴,东南风 2级
乌鲁木齐,2020-11-28,-3,-7,霾,东风 2级
乌鲁木齐,2020-11-29,0,-5,阴,西北风 2级
乌鲁木齐,2020-11-30,-5,-8,多云,西北风 2级
乌鲁木齐,2020-12-01,-10,-14,晴,西风 2级
乌鲁木齐,2020-12-02,-8,-12,多云,东风 1级
乌鲁木齐,2020-12-03,-9,-14,阴,东南风 2级
乌鲁木齐,2020-12-04,-10,-12,霾,东南风 2级
乌鲁木齐,2020-12-05,-8,-12,霾,西北风 2级
乌鲁木齐,2020-12-06,-8,-13,霾,西北风 1级
乌鲁木齐,2020-12-07,-10,-13,霾,东风 1级
乌鲁木齐,2020-12-08,-9,-13,多云,北风 1级
乌鲁木齐,2020-12-09,-9,-13,霾,北风 1级
乌鲁木齐,2020-12-10,-9,-13,霾,西北风 1级
乌鲁木齐,2020-12-11,-10,-12,晴,西北风 2级
乌鲁木齐,2020-12-12,-4,-7,阴,东北风 1级
乌鲁木齐,2020-12-13,-13,-17,霾,西风 1级
乌鲁木齐,2020-12-14,-16,-17,霾,西北风 1级
乌鲁木齐,2020-12-15,-15,-17,霾,东北风 1级
乌鲁木齐,2020-12-16,-9,-17,霾,东北风 1级
乌鲁木齐,2020-12-17,-11,-16,霾,东南风 1级
乌鲁木齐,2020-12-18,-11,-17,霾,东南风 2级
乌鲁木齐,2020-12-19,-10,-17,霾,东南风 3级
乌鲁木齐,2020-12-20,-5,-15,多云,东南风 4级
乌鲁木齐,2020-12-21,-8,-15,多云,西北风 3级
乌鲁木齐,2020-12-22,-11,-15,晴,西风 1级
乌鲁木齐,2020-12-23,-13,-17,晴,东北风 1级
乌鲁木齐,2020-12-24,-8,-15,霾,东风 1级
乌鲁木齐,2020-12-25,-5,-12,霾,东南风 2级
乌鲁木齐,2020-12-26,-7,-13,霾,东北风 1级
乌鲁木齐,2020-12-27,-7,-12,晴,北风 2级
乌鲁木齐,2020-12-28,-10,-18,霾,北风 1级
乌鲁木齐,2020-12-29,-16,-21,多云,东风 2级
乌鲁木齐,2020-12-30,-12,-18,晴,东南风 3级
乌鲁木齐,2020-12-31,-11,-17,晴,东南风 2级
乌鲁木齐,2021-01-01,-10,-17,霾,西北风 1级
乌鲁木齐,2021-01-02,-11,-18,多云,北风 2级
乌鲁木齐,2021-01-03,-13,-21,多云,西北风 2级
乌鲁木齐,2021-01-04,-16,-22,晴,西北风 2级
乌鲁木齐,2021-01-05,-20,-24,霾,东北风 1级
乌鲁木齐,2021-01-06,0,-23,多云,北风 1级
乌鲁木齐,2021-01-07,-14,-19,多云,东风 2级
乌鲁木齐,2021-01-08,-13,-19,阴,东北风 1级
乌鲁木齐,2021-01-09,-11,-14,晴,北风 1级
乌鲁木齐,2021-01-10,-12,-20,霾,东南风 2级
乌鲁木齐,2021-01-11,-4,-15,晴,东南风 4级
乌鲁木齐,2021-01-12,-8,-15,晴,东南风 4级
乌鲁木齐,2021-01-13,-8,-13,晴,东南风 3级
乌鲁木齐,2021-01-14,-5,-15,晴,西北风 2级
乌鲁木齐,2021-01-15,-11,-19,晴,西北风 2级
乌鲁木齐,2021-01-16,-14,-18,霾,东南风 4级
乌鲁木齐,2021-01-17,-13,-16,风,东南风 5级
乌鲁木齐,2021-01-18,-10,-15,晴,东南风 3级
乌鲁木齐,2021-01-19,-9,-11,霾,东南风 2级
乌鲁木齐,2021-01-20,-4,-8,霾,东南风 2级
乌鲁木齐,2021-01-21,-1,-9,多云,东南风 4级
乌鲁木齐,2021-01-22,-8,-11,霾,东南风 4级
乌鲁木齐,2021-01-23,-3,-14,阴,北风 3级
乌鲁木齐,2021-01-24,-3,-16,阴,西风 2级
乌鲁木齐,2021-01-25,-5,-15,多云,西北风 2级
乌鲁木齐,2021-01-26,-7,-12,晴,西北风 1级
乌鲁木齐,2021-01-27,-8,-15,阴,北风 1级
乌鲁木齐,2021-01-28,-11,-13,霾,北风 1级
乌鲁木齐,2021-01-29,-9,-13,霾,北风 1级
乌鲁木齐,2021-01-30,-11,-14,霾,东风 1级
乌鲁木齐,2021-01-31,-13,-17,霾,东风 1级
乌鲁木齐,2021-02-01,-7,-12,晴,东风 2级
乌鲁木齐,2021-02-02,-2,-6,多云,东风 1级
乌鲁木齐,2021-02-03,1,-6,霾,北风 1级
乌鲁木齐,2021-02-04,12,1,多云,南风 3级
乌鲁木齐,2021-02-05,-3,-9,晴,东南风 2级
乌鲁木齐,2021-02-06,-7,-10,霾,东风 1级
乌鲁木齐,2021-02-07,7,-1,多云,南风 2级
乌鲁木齐,2021-02-08,-5,-8,霾,东南风 4级
乌鲁木齐,2021-02-09,6,0,阴,东风 1级
乌鲁木齐,2021-02-10,-2,-10,多云,西北风 2级
乌鲁木齐,2021-02-11,-4,-8,小雪,西北风 2级
乌鲁木齐,2021-02-12,-1,-7,晴,北风 2级
乌鲁木齐,2021-02-13,-4,-8,多云,北风 2级
乌鲁木齐,2021-02-14,-6,-11,多云,西北风 1级
乌鲁木齐,2021-02-15,-5,-11,晴,东北风 1级
乌鲁木齐,2021-02-16,-7,-10,晴,东风 1级
乌鲁木齐,2021-02-17,-6,-10,霾,东南风 2级
乌鲁木齐,2021-02-18,-3,-6,霾,东南风 3级
乌鲁木齐,2021-02-19,5,-6,风,东南风 7级
乌鲁木齐,2021-02-20,25,9,晴,西南风 3级
乌鲁木齐,2021-02-21,2,-5,阴,西北风 2级
乌鲁木齐,2021-02-22,0,-3,晴,西北风 2级
乌鲁木齐,2021-02-23,0,-5,多云,北风 2级
乌鲁木齐,2021-02-24,0,-4,晴,东风 3级
乌鲁木齐,2021-02-25,10,-2,晴,东北风 2级
乌鲁木齐,2021-02-26,-6,-15,多云,西北风 4级
乌鲁木齐,2021-02-27,-8,-16,晴,西北风 2级
乌鲁木齐,2021-02-28,-5,-15,晴,西北风 1级
乌鲁木齐,2021-03-01,-5,-11,晴,东风 2级
乌鲁木齐,2021-03-02,1,-5,晴,东南风 3级
乌鲁木齐,2021-03-03,1,-5,多云,东南风 3级
乌鲁木齐,2021-03-04,0,-7,多云,西北风 2级
乌鲁木齐,2021-03-05,0,-4,阴,东风 3级
乌鲁木齐,2021-03-06,2,-5,阴,北风 2级
乌鲁木齐,2021-03-07,0,-4,阴,北风 2级
乌鲁木齐,2021-03-08,-1,-3,多云,北风 1级
乌鲁木齐,2021-03-09,5,-2,晴,北风 1级
乌鲁木齐,2021-03-10,1,-2,多云,北风 1级
乌鲁木齐,2021-03-11,1,-2,多云,北风 2级
乌鲁木齐,2021-03-12,3,-2,阴,北风 1级
乌鲁木齐,2021-03-13,2,-3,多云,东风 2级
乌鲁木齐,2021-03-14,0,-5,多云,西北风 2级
乌鲁木齐,2021-03-15,0,-4,阴,北风 3级
乌鲁木齐,2021-03-16,-1,-5,阴,北风 3级
乌鲁木齐,2021-03-17,-2,-7,阴,北风 3级
乌鲁木齐,2021-03-18,0,-9,晴,北风 3级
乌鲁木齐,2021-03-19,3,-9,晴,西北风 2级
乌鲁木齐,2021-03-20,4,-2,晴,东风 3级
乌鲁木齐,2021-03-21,0,-1,风,东南风 7级
乌鲁木齐,2021-03-22,9,0,多云,北风 2级
乌鲁木齐,2021-03-23,8,0,多云,东风 2级
乌鲁木齐,2021-03-24,12,1,阴,北风 3级
乌鲁木齐,2021-03-25,14,4,晴,北风 2级
乌鲁木齐,2021-03-26,14,3,多云,东南风 4级
乌鲁木齐,2021-03-27,17,4,多云,西北风 2级
乌鲁木齐,2021-03-28,20,4,阴,东北风 3级
乌鲁木齐,2021-03-29,14,0,阴,北风 3级
乌鲁木齐,2021-03-30,6,-4,阴,西北风 3级
乌鲁木齐,2021-03-31,3,0,阴,东北风 2级
乌鲁木齐,2021-04-01,11,1,晴,北风 2级
乌鲁木齐,2021-04-02,12,3,晴,西北风 2级
乌鲁木齐,2021-04-03,11,3,晴,西北风 2级
乌鲁木齐,2021-04-04,11,3,晴,东风 2级
乌鲁木齐,2021-04-05,17,4,晴,北风 2级
乌鲁木齐,2021-04-06,18,6,晴,北风 2级
乌鲁木齐,2021-04-07,19,7,晴,北风 2级
乌鲁木齐,2021-04-08,17,8,多云,西北风 3级
乌鲁木齐,2021-04-09,20,8,晴,西北风 2级
乌鲁木齐,2021-04-10,21,7,晴,北风 2级
乌鲁木齐,2021-04-11,15,6,晴,西北风 3级
乌鲁木齐,2021-04-12,18,6,晴,北风 2级
乌鲁木齐,2021-04-13,13,5,阴,北风 3级
乌鲁木齐,2021-04-14,19,5,晴,北风 3级
乌鲁木齐,2021-04-15,14,6,阴,东北风 3级
乌鲁木齐,2021-04-16,24,9,晴,东风 3级
乌鲁木齐,2021-04-17,24,10,霾,西北风 3级
乌鲁木齐,2021-04-18,22,9,晴,北风 3级
乌鲁木齐,2021-04-19,24,9,阴,西北风 3级
乌鲁木齐,2021-04-20,22,2,晴,西风 3级
乌鲁木齐,2021-04-21,19,0,阴,北风 3级
乌鲁木齐,2021-04-22,5,-1,阴,北风 4级
乌鲁木齐,2021-04-23,5,-1,晴,西北风 5级
乌鲁木齐,2021-04-24,2,-1,多云,北风 4级
乌鲁木齐,2021-04-25,11,1,多云,北风 3级
乌鲁木齐,2021-04-26,17,5,晴,北风 2级
乌鲁木齐,2021-04-27,23,10,晴,东北风 2级
乌鲁木齐,2021-04-28,26,11,晴,东风 2级
乌鲁木齐,2021-04-29,22,14,晴,西北风 2级
乌鲁木齐,2021-04-30,32,20,晴,东北风 2级
乌鲁木齐,2021-05-01,27,8,霾,北风 4级
乌鲁木齐,2021-05-02,17,5,晴,西北风 3级
乌鲁木齐,2021-05-03,18,6,多云,北风 2级
乌鲁木齐,2021-05-04,24,8,晴,东风 3级
乌鲁木齐,2021-05-05,24,10,晴,北风 2级
乌鲁木齐,2021-05-06,29,16,晴,东风 3级
乌鲁木齐,2021-05-07,25,14,晴转霾,西风 3级
乌鲁木齐,2021-05-08,28,17,多云,西北风 4级
乌鲁木齐,2021-05-09,29,17,晴,西北风 3级
乌鲁木齐,2021-05-10,31,14,小雨转多云,西北风 3级
乌鲁木齐,2021-05-11,20,12,阴,西北风 3级
乌鲁木齐,2021-05-12,17,6,小雨,东南风 3级
乌鲁木齐,2021-05-13,21,10,多云,北风 3级
乌鲁木齐,2021-05-14,13,6,阴,东北风 2级
乌鲁木齐,2021-05-15,17,11,多云,西北风 3级
乌鲁木齐,2021-05-16,17,10,小雨转阴,西北风 3级
乌鲁木齐,2021-05-17,20,8,多云,西北风 3级
乌鲁木齐,2021-05-18,17,8,多云,东北风 2级
乌鲁木齐,2021-05-19,27,16,晴,东风 2级
乌鲁木齐,2021-05-20,26,10,小雨,西北风 3级
乌鲁木齐,2021-05-21,27,14,阴,东南风 3级
乌鲁木齐,2021-05-22,27,14,阴,东南风 3级
乌鲁木齐,2021-05-23,26,11,晴,北风 2级
乌鲁木齐,2021-05-24,22,13,晴,北风 2级
乌鲁木齐,2021-05-25,27,17,晴,北风 2级
乌鲁木齐,2021-05-26,26,14,多云转小雨,西南风 4级
乌鲁木齐,2021-05-27,33,20,多云,西南风 3级
乌鲁木齐,2021-05-28,29,20,阴到小雨,西北风 3级
乌鲁木齐,2021-05-29,28,20,小雨到中雨,西北风 3级
乌鲁木齐,2021-05-30,28,19,晴,西北风 3级
乌鲁木齐,2021-05-31,29,19,多云,西北风 3级
乌鲁木齐,2021-06-01,32,22,晴,西北风 3级
乌鲁木齐,2021-06-02,32,22,晴,西北风 2级
乌鲁木齐,2021-06-03,35,23,多云,南风 3级
乌鲁木齐,2021-06-04,33,22,阴,西北风 3级
乌鲁木齐,2021-06-05,31,13,阴,西北风 3级
乌鲁木齐,2021-06-06,27,14,晴,西北风 3级
乌鲁木齐,2021-06-07,27,18,阴,北风 2级
乌鲁木齐,2021-06-08,34,20,晴,东南风 2级
乌鲁木齐,2021-06-09,29,19,多云,北风 3级
乌鲁木齐,2021-06-10,32,21,多云,西风 2级
乌鲁木齐,2021-06-11,29,18,多云,西北风 3级
乌鲁木齐,2021-06-12,25,15,多云,西北风 3级
乌鲁木齐,2021-06-13,20,11,风,西北风 5级
乌鲁木齐,2021-06-14,29,13,多云,西北风 3级
乌鲁木齐,2021-06-15,23,9,小雨,西北风 4级
乌鲁木齐,2021-06-16,17,10,阴,西风 3级
乌鲁木齐,2021-06-17,31,19,多云,东南风 2级
乌鲁木齐,2021-06-18,33,21,多云,北风 2级
乌鲁木齐,2021-06-19,31,18,阴,北风 2级
乌鲁木齐,2021-06-20,29,13,阴到小雨,西北风 3级
乌鲁木齐,2021-06-21,25,15,晴,北风 2级
乌鲁木齐,2021-06-22,25,12,晴,西风 4级
乌鲁木齐,2021-06-23,23,13,晴,北风 2级
乌鲁木齐,2021-06-24,29,20,多云,东北风 2级
乌鲁木齐,2021-06-25,21,13,阴,西北风 3级
乌鲁木齐,2021-06-26,24,13,多云,北风 3级
乌鲁木齐,2021-06-27,32,16,多云,东风 2级
乌鲁木齐,2021-06-28,26,15,晴,西北风 2级
乌鲁木齐,2021-06-29,32,17,晴,西北风 4级
乌鲁木齐,2021-06-30,32,20,晴,西北风 3级
乌鲁木齐,2021-07-01,31,21,晴,西北风 3级
乌鲁木齐,2021-07-02,35,22,晴,西北风 3级
乌鲁木齐,2021-07-03,35,24,晴,西北风 3级
乌鲁木齐,2021-07-04,33,19,多云,西北风 2级
乌鲁木齐,2021-07-05,30,21,多云,西风 2级
乌鲁木齐,2021-07-06,38,25,小雨转晴,西南风 3级
乌鲁木齐,2021-07-07,23,21,阴,西南风 3级
乌鲁木齐,2021-07-08,34,25,阴,北风 2级
乌鲁木齐,2021-07-09,37,24,多云,西北风 3级
乌鲁木齐,2021-07-10,39,25,晴,东北风 3级
乌鲁木齐,2021-07-11,31,17,小雨,北风 2级
乌鲁木齐,2021-07-12,30,20,多云,北风 4级
乌鲁木齐,2021-07-13,32,21,多云,北风 2级
乌鲁木齐,2021-07-14,26,18,阴,西风 2级
乌鲁木齐,2021-07-15,33,21,晴,北风 2级
乌鲁木齐,2021-07-16,36,20,晴,西北风 2级
乌鲁木齐,2021-07-17,27,18,多云,西北风 3级
乌鲁木齐,2021-07-18,27,20,多云,西北风 3级
乌鲁木齐,2021-07-19,27,14,风,西风 5级
乌鲁木齐,2021-07-20,25,18,阴,东北风 2级
乌鲁木齐,2021-07-21,38,25,晴,南风 2级
乌鲁木齐,2021-07-22,25,20,多云,东北风 2级
乌鲁木齐,2021-07-23,25,17,晴,西风 5级
乌鲁木齐,2021-07-24,36,25,晴,西北风 3级
乌鲁木齐,2021-07-25,36,24,晴,北风 3级
乌鲁木齐,2021-07-26,36,24,晴,北风 3级
乌鲁木齐,2021-07-27,40,25,晴,东北风 2级
乌鲁木齐,2021-07-28,34,22,多云,西北风 2级
乌鲁木齐,2021-07-29,35,21,晴,北风 2级
乌鲁木齐,2021-07-30,33,14,多云,西北风 4级
乌鲁木齐,2021-07-31,16,13,多云,西北风 3级
乌鲁木齐,2021-08-01,28,15,晴,西北风 3级
乌鲁木齐,2021-08-02,31,18,晴,北风 2级
乌鲁木齐,2021-08-03,26,16,晴,北风 2级
乌鲁木齐,2021-08-04,35,22,多云,西北风 2级
乌鲁木齐,2021-08-05,29,23,晴,西南风 2级
乌鲁木齐,2021-08-06,32,20,多云,北风 3级
乌鲁木齐,2021-08-07,30,19,多云,东风 3级
乌鲁木齐,2021-08-08,28,16,多云,西风 4级
乌鲁木齐,2021-08-09,36,23,多云,西南风 2级
乌鲁木齐,2021-08-10,30,16,多云,西北风 2级
乌鲁木齐,2021-08-11,32,19,晴,北风 2级
乌鲁木齐,2021-08-12,37,21,多云,东风 3级
乌鲁木齐,2021-08-13,30,18,多云,西风 2级
乌鲁木齐,2021-08-14,30,16,小雨,西北风 4级
乌鲁木齐,2021-08-15,19,15,多云,北风 3级
乌鲁木齐,2021-08-16,32,21,多云,东南风 2级
乌鲁木齐,2021-08-17,19,13,小雨,北风 3级
乌鲁木齐,2021-08-18,25,14,晴,北风 3级
乌鲁木齐,2021-08-19,29,16,晴,北风 2级
乌鲁木齐,2021-08-20,30,17,多云,北风 2级
乌鲁木齐,2021-08-21,28,17,多云,西北风 3级
乌鲁木齐,2021-08-22,28,15,多云,西北风 3级
乌鲁木齐,2021-08-23,30,17,多云,西北风 2级
乌鲁木齐,2021-08-24,30,17,晴,西北风 3级
乌鲁木齐,2021-08-25,31,19,多云,西北风 2级
乌鲁木齐,2021-08-26,30,18,晴,西南风 2级
乌鲁木齐,2021-08-27,31,19,晴,西风 3级
乌鲁木齐,2021-08-28,33,18,多云,西北风 2级
乌鲁木齐,2021-08-29,30,19,多云,北风 3级
乌鲁木齐,2021-08-30,28,14,多云,东风 3级
乌鲁木齐,2021-08-31,30,19,晴,东南风 2级
乌鲁木齐,2021-09-01,30,15,小雨,西风 3级
乌鲁木齐,2021-09-02,22,14,多云,西风 2级
乌鲁木齐,2021-09-03,25,15,多云,西风 2级
乌鲁木齐,2021-09-04,28,17,晴,西风 2级
乌鲁木齐,2021-09-05,32,17,晴,西风 2级
乌鲁木齐,2021-09-06,33,19,晴,西风 2级
乌鲁木齐,2021-09-07,33,17,晴,西风 2级
乌鲁木齐,2021-09-08,37,21,晴,西风 2级
乌鲁木齐,2021-09-09,34,17,晴,西北风 2级
乌鲁木齐,2021-09-10,25,13,多云,东风 2级
乌鲁木齐,2021-09-11,22,13,晴,北风 2级
乌鲁木齐,2021-09-12,25,9,阴,西北风 6级
乌鲁木齐,2021-09-13,32,18,晴,南风 1级
乌鲁木齐,2021-09-14,26,14,多云,北风 2级
乌鲁木齐,2021-09-15,29,15,晴,西北风 1级
乌鲁木齐,2021-09-16,29,18,多云,南风 1级
乌鲁木齐,2021-09-17,26,7,风,西风 4级
乌鲁木齐,2021-09-18,33,20,晴,东南风 2级
乌鲁木齐,2021-09-19,35,20,晴,西南风 1级
乌鲁木齐,2021-09-20,27,15,多云,北风 2级
乌鲁木齐,2021-09-21,21,10,多云,东风 1级
乌鲁木齐,2021-09-22,20,10,晴,北风 1级
乌鲁木齐,2021-09-23,22,9,多云,南风 0级
乌鲁木齐,2021-09-24,15,7,晴,西北风 7级
乌鲁木齐,2021-09-25,17,6,晴,西南风 0级
乌鲁木齐,2021-09-26,19,6,晴,西风 2级
乌鲁木齐,2021-09-27,23,9,晴,东南风 1级
乌鲁木齐,2021-09-28,22,10,晴,东南风 2级
乌鲁木齐,2021-09-29,23,11,晴,东风 0级
乌鲁木齐,2021-09-30,25,13,晴,西南风 1级
乌鲁木齐,2021-10-01,22,5,多云,北风 2级
乌鲁木齐,2021-10-02,8,1,多云,西风 2级
乌鲁木齐,2021-10-03,12,2,晴,东南风 1级
乌鲁木齐,2021-10-04,10,3,晴,西风 1级
乌鲁木齐,2021-10-05,19,5,多云,西北风 1级
乌鲁木齐,2021-10-06,14,1,阴,西北风 2级
乌鲁木齐,2021-10-07,2,-4,阴,西北风 2级
乌鲁木齐,2021-10-08,8,-5,晴,东北风 1级
乌鲁木齐,2021-10-09,10,1,晴,西风 1级
乌鲁木齐,2021-10-10,13,1,多云,东南风 1级
乌鲁木齐,2021-10-11,12,2,多云,东南风 2级
乌鲁木齐,2021-10-12,19,6,多云,东南风 2级
乌鲁木齐,2021-10-13,11,0,晴,北风 1级
乌鲁木齐,2021-10-14,12,0,晴,西北风 2级
乌鲁木齐,2021-10-15,12,1,晴,南风 1级
乌鲁木齐,2021-10-16,17,3,晴,东南风 1级
乌鲁木齐,2021-10-17,16,3,晴,东南风 1级
乌鲁木齐,2021-10-18,14,9,阴,西风 0级
乌鲁木齐,2021-10-19,16,5,晴,南风 1级
乌鲁木齐,2021-10-20,17,7,多云,西北风 1级
乌鲁木齐,2021-10-21,19,6,晴,西风 1级
乌鲁木齐,2021-10-22,18,5,多云,西北风 2级
乌鲁木齐,2021-10-23,4,0,多云,东风 1级
乌鲁木齐,2021-10-24,15,3,多云,西北风 1级
乌鲁木齐,2021-10-25,13,3,晴,东南风 1级
乌鲁木齐,2021-10-26,12,2,晴,西南风 1级
乌鲁木齐,2021-10-27,16,4,多云,东南风 1级
乌鲁木齐,2021-10-28,18,4,晴,东南风 1级
乌鲁木齐,2021-10-29,11,4,多云,西北风 1级
乌鲁木齐,2021-10-30,15,4,多云,东南风 1级
乌鲁木齐,2021-10-31,12,3,多云,东南风 1级
乌鲁木齐,2021-11-01,16,2,晴,东北风 1级
乌鲁木齐,2021-11-02,16,4,晴,东南风 2级
乌鲁木齐,2021-11-03,14,-5,多云,东北风 2级
乌鲁木齐,2021-11-04,-6,-9,小雪,北风 2级
乌鲁木齐,2021-11-05,-2,-10,晴,西北风 1级
乌鲁木齐,2021-11-06,3,-1,多云,西北风 1级
乌鲁木齐,2021-11-07,-1,-7,晴,西北风 1级
乌鲁木齐,2021-11-08,0,-8,晴,南风 0级
乌鲁木齐,2021-11-09,1,-7,晴,东南风 1级
乌鲁木齐,2021-11-10,1,-8,晴,东南风 1级
乌鲁木齐,2021-11-11,3,-1,晴,东南风 1级
乌鲁木齐,2021-11-12,16,0,晴,西风 1级
乌鲁木齐,2021-11-13,6,0,多云,西风 1级
乌鲁木齐,2021-11-14,2,-3,晴,西北风 1级
乌鲁木齐,2021-11-15,4,-3,小雨,东南风 1级
乌鲁木齐,2021-11-16,6,-3,晴,西北风 2级
乌鲁木齐,2021-11-17,3,-4,阴,西风 2级
乌鲁木齐,2021-11-18,20,4,阴,东南风 2级
乌鲁木齐,2021-11-19,-3,-8,多云,西北风 1级
乌鲁木齐,2021-11-20,0,-11,晴,北风 0级
乌鲁木齐,2021-11-21,5,-3,霾,西北风 1级
乌鲁木齐,2021-11-22,-4,-10,多云,西北风 2级
乌鲁木齐,2021-11-23,5,-9,多云,西北风 1级
乌鲁木齐,2021-11-24,4,-4,晴,东北风 0级
乌鲁木齐,2021-11-25,5,-3,晴,西风 2级
乌鲁木齐,2021-11-26,6,-1,阴,西风 1级
乌鲁木齐,2021-11-27,-1,-10,多云,南风 2级
乌鲁木齐,2021-11-28,2,-11,多云,西风 0级
乌鲁木齐,2021-11-29,3,-5,晴,东风 1级
乌鲁木齐,2021-11-30,0,-7,多云,北风 1级
乌鲁木齐,2021-12-01,-3,-10,多云,西风 1级
乌鲁木齐,2021-12-02,5,-5,晴,东风 2级
乌鲁木齐,2021-12-03,-2,-13,多云,西北风 1级
乌鲁木齐,2021-12-04,-2,-6,霾,东风 0级
乌鲁木齐,2021-12-05,-2,-9,多云,东南风 1级
乌鲁木齐,2021-12-06,2,-9,多云,西南风 2级
乌鲁木齐,2021-12-07,1,-5,多云,东南风 1级
乌鲁木齐,2021-12-08,8,-7,阴,西北风 0级
乌鲁木齐,2021-12-09,1,-7,多云,西风 1级
乌鲁木齐,2021-12-10,-3,-14,晴,北风 1级
乌鲁木齐,2021-12-11,-10,-15,多云,北风 1级
乌鲁木齐,2021-12-12,-11,-15,霾,西北风 1级
乌鲁木齐,2021-12-13,-7,-16,多云,西北风 1级
乌鲁木齐,2021-12-14,-3,-8,阴,东南风 0级
乌鲁木齐,2021-12-15,-2,-10,风,北风 1级
乌鲁木齐,2021-12-16,1,-4,多云,西风 1级
乌鲁木齐,2021-12-17,-8,-15,多云,北风 1级
乌鲁木齐,2021-12-18,-10,-15,晴,东北风 1级
乌鲁木齐,2021-12-19,-7,-19,晴,北风 1级
乌鲁木齐,2021-12-20,1,-5,多云,东风 1级
乌鲁木齐,2021-12-21,-4,-7,多云,西风 1级
乌鲁木齐,2021-12-22,3,-6,多云,东风 1级
乌鲁木齐,2021-12-23,-3,-10,阴,西风 1级
乌鲁木齐,2021-12-24,-4,-14,晴,北风 1级
乌鲁木齐,2021-12-25,-8,-10,雾,西北风 1级
乌鲁木齐,2021-12-26,-8,-12,雾,东南风 1级
乌鲁木齐,2021-12-27,-6,-12,雾,西北风 1级
乌鲁木齐,2021-12-28,-4,-14,多云,西南风 0级
乌鲁木齐,2021-12-29,-10,-14,多云,西风 0级
乌鲁木齐,2021-12-30,8,-4,晴,东风 2级
乌鲁木齐,2021-12-31,-8,-16,霾,西北风 1级
乌鲁木齐,2022-01-01,-7,-17,多云,北风 1级
乌鲁木齐,2022-01-02,-9,-13,晴,西北风 1级
乌鲁木齐,2022-01-03,-12,-14,霾,西北风 1级
乌鲁木齐,2022-01-04,-4,-14,阴,东南风 1级
乌鲁木齐,2022-01-05,0,-12,阴,西风 1级
乌鲁木齐,2022-01-06,-6,-14,阴,北风 1级
乌鲁木齐,2022-01-07,-5,-11,霾,北风 1级
乌鲁木齐,2022-01-08,-2,-13,晴,西北风 0级
乌鲁木齐,2022-01-09,-7,-11,霾,东风 1级
乌鲁木齐,2022-01-10,1,-6,阴,西北风 1级
乌鲁木齐,2022-01-11,-8,-15,多云,西北风 1级
乌鲁木齐,2022-01-12,-9,-13,阴,西风 2级
乌鲁木齐,2022-01-13,-1,-13,晴,北风 1级
乌鲁木齐,2022-01-14,-8,-11,多云,东北风 1级
乌鲁木齐,2022-01-15,-10,-14,晴,西北风 0级
乌鲁木齐,2022-01-16,-8,-13,多云,东南风 1级
乌鲁木齐,2022-01-17,-2,-12,晴,北风 1级
乌鲁木齐,2022-01-18,-2,-11,多云,西北风 0级
乌鲁木齐,2022-01-19,-2,-10,霾,南风 1级
乌鲁木齐,2022-01-20,-3,-8,阴,西北风 1级
乌鲁木齐,2022-01-21,5,-4,晴,西北风 1级
乌鲁木齐,2022-01-22,-6,-11,多云,南风 1级
乌鲁木齐,2022-01-23,-8,-12,多云,西南风 1级
乌鲁木齐,2022-01-24,-8,-14,阴,北风 1级
乌鲁木齐,2022-01-25,4,-2,多云,东风 2级
乌鲁木齐,2022-01-26,3,-3,多云,东北风 1级
乌鲁木齐,2022-01-27,-10,-20,晴,东南风 1级
乌鲁木齐,2022-01-28,4,-6,多云,东北风 1级
乌鲁木齐,2022-01-29,-11,-17,霾,西北风 1级
乌鲁木齐,2022-01-30,-10,-21,晴,东南风 1级
乌鲁木齐,2022-01-31,-10,-17,霾,南风 1级
乌鲁木齐,2022-02-01,-13,-16,多云,南风 1级
乌鲁木齐,2022-02-02,-11,-14,多云,南风 1级
乌鲁木齐,2022-02-03,-12,-14,多云,北风 1级
乌鲁木齐,2022-02-04,-13,-15,多云,南风 1级
乌鲁木齐,2022-02-05,-12,-17,雾,东北风 1级
乌鲁木齐,2022-02-06,-9,-16,雾,东南风 1级
乌鲁木齐,2022-02-07,-5,-12,雾,南风 1级
乌鲁木齐,2022-02-08,-5,-11,多云,东北风 1级
乌鲁木齐,2022-02-09,-10,-12,多云,西南风 1级
乌鲁木齐,2022-02-10,-5,-10,雾,东风 1级
乌鲁木齐,2022-02-11,-6,-13,雾,东南风 2级
乌鲁木齐,2022-02-12,-8,-11,雾,南风 1级
乌鲁木齐,2022-02-13,0,-10,阴,北风 2级
乌鲁木齐,2022-02-14,-6,-12,多云,东北风 2级
乌鲁木齐,2022-02-15,-5,-10,多云,西北风 2级
乌鲁木齐,2022-02-16,-4,-11,大雪,西风 1级
乌鲁木齐,2022-02-17,-3,-12,阴,东风 2级
乌鲁木齐,2022-02-18,-8,-15,晴,西南风 1级
乌鲁木齐,2022-02-19,-8,-14,多云,南风 1级
乌鲁木齐,2022-02-20,-7,-13,多云,东北风 2级
乌鲁木齐,2022-02-21,-7,-12,晴,东北风 2级
乌鲁木齐,2022-02-22,-7,-10,多云,东风 2级
乌鲁木齐,2022-02-23,-1,-9,多云,南风 2级
乌鲁木齐,2022-02-24,1,-5,多云,北风 2级
乌鲁木齐,2022-02-25,-2,-8,多云,东南风 1级
乌鲁木齐,2022-02-26,0,-6,多云,北风 2级
乌鲁木齐,2022-02-27,3,-8,多云,西北风 2级
乌鲁木齐,2022-02-28,-7,-9,多云,东北风 1级
乌鲁木齐,2022-03-01,4,-9,晴,西南风 1级
乌鲁木齐,2022-03-02,3,-4,多云,北风 1级
乌鲁木齐,2022-03-03,3,-3,晴,东北风 1级
乌鲁木齐,2022-03-04,7,-2,多云,北风 1级
乌鲁木齐,2022-03-05,8,-1,晴,东南风 1级
乌鲁木齐,2022-03-06,7,-3,多云,北风 2级
乌鲁木齐,2022-03-07,8,-2,阴,西北风 1级
乌鲁木齐,2022-03-08,9,1,阴,西北风 2级
乌鲁木齐,2022-03-09,8,1,阴,西北风 1级
乌鲁木齐,2022-03-10,7,1,阴,西北风 1级
乌鲁木齐,2022-03-11,8,1,多云,西北风 2级
乌鲁木齐,2022-03-12,8,2,多云,北风 1级
乌鲁木齐,2022-03-13,16,3,多云,东南风 2级
乌鲁木齐,2022-03-14,11,1,阴到小雨,北风 2级
乌鲁木齐,2022-03-15,21,10,霾,南风 1级
乌鲁木齐,2022-03-16,12,4,小雨,北风 4级
乌鲁木齐,2022-03-17,4,-1,阴,北风 1级
乌鲁木齐,2022-03-18,24,10,霾,北风 2级
乌鲁木齐,2022-03-19,2,-1,多云,西北风 2级
乌鲁木齐,2022-03-20,9,2,多云,南风 2级
乌鲁木齐,2022-03-21,7,-1,多云,北风 1级
乌鲁木齐,2022-03-22,7,-2,多云,东南风 1级
乌鲁木齐,2022-03-23,2,-4,小雪,北风 2级
乌鲁木齐,2022-03-24,6,-4,晴,北风 1级
乌鲁木齐,2022-03-25,8,-2,多云,北风 2级
乌鲁木齐,2022-03-26,11,0,多云,东风 2级
乌鲁木齐,2022-03-27,11,3,小雨,北风 2级
乌鲁木齐,2022-03-28,8,1,多云,北风 2级
乌鲁木齐,2022-03-29,10,-1,多云,西北风 1级
乌鲁木齐,2022-03-30,5,-3,晴,北风 2级
乌鲁木齐,2022-03-31,10,0,晴,北风 2级
乌鲁木齐,2022-04-01,14,2,晴,东南风 1级
乌鲁木齐,2022-04-02,16,5,多云,北风 2级
乌鲁木齐,2022-04-03,21,10,多云,东风 2级
乌鲁木齐,2022-04-04,24,8,晴,北风 2级
乌鲁木齐,2022-04-05,23,11,晴,北风 1级
乌鲁木齐,2022-04-06,27,11,晴,东北风 2级
乌鲁木齐,2022-04-07,24,8,晴,东风 1级
乌鲁木齐,2022-04-08,31,12,多云,东北风 1级
乌鲁木齐,2022-04-09,19,9,多云,北风 2级
乌鲁木齐,2022-04-10,15,7,多云,北风 1级
乌鲁木齐,2022-04-11,17,3,晴,北风 1级
乌鲁木齐,2022-04-12,18,5,阴,北风 2级
乌鲁木齐,2022-04-13,18,6,多云,北风 1级
乌鲁木齐,2022-04-14,18,3,晴,北风 2级
乌鲁木齐,2022-04-15,25,12,晴,北风 3级
乌鲁木齐,2022-04-16,16,2,晴,西北风 1级
乌鲁木齐,2022-04-17,21,8,晴,东南风 1级
乌鲁木齐,2022-04-18,23,12,晴,东南风 3级
乌鲁木齐,2022-04-19,28,12,多云,东南风 2级
乌鲁木齐,2022-04-20,20,11,多云,北风 2级
乌鲁木齐,2022-04-21,20,10,晴,北风 1级
乌鲁木齐,2022-04-22,23,10,多云,东北风 1级
乌鲁木齐,2022-04-23,24,12,晴,北风 1级
乌鲁木齐,2022-04-24,23,7,小雨,北风 2级
乌鲁木齐,2022-04-25,17,7,小雨到中雨,西北风 2级
乌鲁木齐,2022-04-26,16,7,多云,西风 2级
乌鲁木齐,2022-04-27,17,6,多云,北风 2级
乌鲁木齐,2022-04-28,7,1,多云,东北风 1级
乌鲁木齐,2022-04-29,22,-4,晴,东风 1级
乌鲁木齐,2022-04-30,22,15,晴,东南风 3级
乌鲁木齐,2022-05-01,25,18,风,东南风 3级
乌鲁木齐,2022-05-02,28,19,晴,东南风 2级
乌鲁木齐,2022-05-03,32,15,多云,北风 2级
乌鲁木齐,2022-05-04,27,17,多云,北风 1级
乌鲁木齐,2022-05-05,26,15,多云,西北风 1级
乌鲁木齐,2022-05-06,17,12,多云,东北风 1级
乌鲁木齐,2022-05-07,27,12,多云,北风 2级
乌鲁木齐,2022-05-08,29,18,多云,东风 2级
乌鲁木齐,2022-05-09,21,12,晴,北风 2级
乌鲁木齐,2022-05-10,26,13,多云,北风 2级
乌鲁木齐,2022-05-11,25,15,多云,北风 2级
乌鲁木齐,2022-05-12,22,14,多云,西北风 2级
乌鲁木齐,2022-05-13,22,14,多云,东南风 1级
乌鲁木齐,2022-05-14,27,18,多云,东南风 2级
乌鲁木齐,2022-05-15,27,14,多云,西北风 2级
乌鲁木齐,2022-05-16,21,14,多云,西风 3级
乌鲁木齐,2022-05-17,23,14,多云,北风 1级
乌鲁木齐,2022-05-18,28,16,多云,北风 1级
乌鲁木齐,2022-05-19,30,18,多云,北风 2级
乌鲁木齐,2022-05-20,29,20,多云,南风 2级
乌鲁木齐,2022-05-21,30,17,多云,西南风 1级
乌鲁木齐,2022-05-22,31,20,多云,西风 2级
乌鲁木齐,2022-05-23,18,12,多云,西北风 1级
乌鲁木齐,2022-05-24,26,17,霾,西南风 3级
乌鲁木齐,2022-05-25,35,21,多云,西北风 1级
乌鲁木齐,2022-05-26,31,19,多云,南风 2级
乌鲁木齐,2022-05-27,32,18,晴,东南风 2级
乌鲁木齐,2022-05-28,32,20,晴,西风 4级
乌鲁木齐,2022-05-29,29,18,晴,西北风 3级
乌鲁木齐,2022-05-30,27,17,风,西北风 1级
乌鲁木齐,2022-05-31,28,15,多云,北风 2级
乌鲁木齐,2022-06-01,22,12,晴,西风 1级
乌鲁木齐,2022-06-02,21,13,多云,西风 2级
乌鲁木齐,2022-06-03,23,14,多云,北风 1级
乌鲁木齐,2022-06-04,24,13,多云,西风 1级
乌鲁木齐,2022-06-05,24,13,晴,北风 1级
乌鲁木齐,2022-06-06,32,18,多云,东北风 2级
乌鲁木齐,2022-06-07,26,18,多云,西北风 1级
乌鲁木齐,2022-06-08,29,18,风,西北风 5级
乌鲁木齐,2022-06-09,32,20,晴,东北风 2级
乌鲁木齐,2022-06-10,24,15,阴,东风 2级
乌鲁木齐,2022-06-11,34,21,晴,东南风 1级
乌鲁木齐,2022-06-12,36,23,多云,西南风 2级
乌鲁木齐,2022-06-13,38,25,多云,西南风 1级
乌鲁木齐,2022-06-14,33,21,多云,西北风 1级
乌鲁木齐,2022-06-15,29,20,阴,西风 2级
乌鲁木齐,2022-06-16,25,16,小雨,西北风 1级
乌鲁木齐,2022-06-17,28,10,多云,北风 4级
乌鲁木齐,2022-06-18,31,17,霾,西风 2级
乌鲁木齐,2022-06-19,27,12,风,西北风 3级
乌鲁木齐,2022-06-20,26,11,晴,西北风 3级
乌鲁木齐,2022-06-21,29,19,多云,西风 2级
乌鲁木齐,2022-06-22,34,23,多云,北风 1级
乌鲁木齐,2022-06-23,39,25,多云,北风 1级
乌鲁木齐,2022-06-24,34,20,多云,西北风 2级
乌鲁木齐,2022-06-25,31,21,多云,西风 2级
乌鲁木齐,2022-06-26,33,22,晴,东北风 1级
乌鲁木齐,2022-06-27,35,24,多云,西南风 2级
乌鲁木齐,2022-06-28,37,22,小雨,西风 2级
乌鲁木齐,2022-06-29,34,19,晴,北风 2级
乌鲁木齐,2022-06-30,37,23,多云,北风 2级
乌鲁木齐,2022-07-01,31,15,多云,西北风 2级
乌鲁木齐,2022-07-02,29,17,多云,北风 1级
乌鲁木齐,2022-07-03,28,17,多云,北风 2级
乌鲁木齐,2022-07-04,37,21,霾,东北风 1级
乌鲁木齐,2022-07-05,31,19,多云,西北风 2级
乌鲁木齐,2022-07-06,23,9,晴,北风 4级
乌鲁木齐,2022-07-07,27,17,多云,北风 2级
乌鲁木齐,2022-07-08,28,18,晴,北风 2级
乌鲁木齐,2022-07-09,30,19,阴,西北风 2级
乌鲁木齐,2022-07-10,28,19,多云,西北风 2级
乌鲁木齐,2022-07-11,30,20,多云,北风 2级
乌鲁木齐,2022-07-12,25,17,多云,西南风 3级
乌鲁木齐,2022-07-13,28,19,多云,西风 4级
乌鲁木齐,2022-07-14,30,19,多云,北风 2级
乌鲁木齐,2022-07-15,30,19,多云,北风 2级
乌鲁木齐,2022-07-16,30,20,晴,西南风 2级
乌鲁木齐,2022-07-17,33,22,多云,西南风 1级
乌鲁木齐,2022-07-18,32,25,多云,北风 1级
乌鲁木齐,2022-07-19,27,19,多云,西北风 2级
乌鲁木齐,2022-07-20,24,16,风,西北风 3级
乌鲁木齐,2022-07-21,29,17,晴,东北风 1级
乌鲁木齐,2022-07-22,35,21,晴,北风 2级
乌鲁木齐,2022-07-23,34,23,晴,西北风 2级
乌鲁木齐,2022-07-24,32,21,多云,北风 1级
乌鲁木齐,2022-07-25,31,15,晴,北风 1级
乌鲁木齐,2022-07-26,33,22,多云,西南风 1级
乌鲁木齐,2022-07-27,32,23,晴,北风 1级
乌鲁木齐,2022-07-28,34,23,多云,北风 2级
乌鲁木齐,2022-07-29,31,21,多云,东北风 1级
乌鲁木齐,2022-07-30,30,22,多云,东风 1级
乌鲁木齐,2022-07-31,31,20,多云,西北风 2级
乌鲁木齐,2022-08-01,32,22,晴,西北风 3级
乌鲁木齐,2022-08-02,33,22,晴,西北风 1级
乌鲁木齐,2022-08-03,34,22,晴,北风 1级
乌鲁木齐,2022-08-04,33,23,多云,北风 1级
乌鲁木齐,2022-08-05,32,22,晴,北风 2级
乌鲁木齐,2022-08-06,32,20,多云,西南风 4级
乌鲁木齐,2022-08-07,33,23,多云,西南风 2级
乌鲁木齐,2022-08-08,33,22,晴,西风 1级
乌鲁木齐,2022-08-09,33,22,多云,北风 1级
乌鲁木齐,2022-08-10,34,20,多云,西北风 2级
乌鲁木齐,2022-08-11,26,20,小雨,西风 1级
乌鲁木齐,2022-08-12,24,19,多云,西风 1级
乌鲁木齐,2022-08-13,31,19,多云,北风 1级
乌鲁木齐,2022-08-14,32,19,晴,北风 2级
乌鲁木齐,2022-08-15,35,22,晴,北风 2级
乌鲁木齐,2022-08-16,30,19,多云,北风 1级
乌鲁木齐,2022-08-17,24,16,多云,东北风 1级
乌鲁木齐,2022-08-18,27,15,晴,东风 1级
乌鲁木齐,2022-08-19,27,14,多云,北风 1级
乌鲁木齐,2022-08-20,22,13,晴,北风 2级
乌鲁木齐,2022-08-21,25,14,多云,西风 1级
乌鲁木齐,2022-08-22,17,10,中雨,西南风 1级
乌鲁木齐,2022-08-23,23,12,多云,西北风 2级
乌鲁木齐,2022-08-24,26,15,晴,北风 2级
乌鲁木齐,2022-08-25,23,16,多云,西风 2级
乌鲁木齐,2022-08-26,24,16,多云,西南风 2级
乌鲁木齐,2022-08-27,27,16,多云,东北风 1级
乌鲁木齐,2022-08-28,29,17,晴,北风 3级
乌鲁木齐,2022-08-29,31,18,晴,东北风 3级
乌鲁木齐,2022-08-30,31,18,多云,西南风 4级
乌鲁木齐,2022-08-31,26,18,多云,西南风 2级
乌鲁木齐,2022-09-01,31,19,多云,西北风 1级
乌鲁木齐,2022-09-02,31,19,晴,东北风 2级
乌鲁木齐,2022-09-03,31,19,晴,北风 1级
乌鲁木齐,2022-09-04,32,19,晴,东风 1级
乌鲁木齐,2022-09-05,33,19,晴,南风 1级
乌鲁木齐,2022-09-06,36,21,晴,西南风 2级
乌鲁木齐,2022-09-07,37,22,晴,南风 2级
乌鲁木齐,2022-09-08,38,21,晴,东南风 3级
乌鲁木齐,2022-09-09,31,18,晴,西北风 1级
乌鲁木齐,2022-09-10,27,17,多云,北风 2级
乌鲁木齐,2022-09-11,33,17,晴,东南风 3级
乌鲁木齐,2022-09-12,20,9,小雨,东风 2级
乌鲁木齐,2022-09-13,18,8,多云,西北风 1级
乌鲁木齐,2022-09-14,22,10,晴,西北风 2级
乌鲁木齐,2022-09-15,17,8,多云,西北风 2级
乌鲁木齐,2022-09-16,21,9,晴,北风 1级
乌鲁木齐,2022-09-17,22,10,晴,西北风 1级
乌鲁木齐,2022-09-18,24,12,晴,北风 2级
乌鲁木齐,2022-09-19,25,13,晴,北风 2级
乌鲁木齐,2022-09-20,26,15,多云,北风 1级
乌鲁木齐,2022-09-21,28,17,晴,北风 2级
乌鲁木齐,2022-09-22,28,15,晴,东风 1级
乌鲁木齐,2022-09-23,28,15,多云,南风 1级
乌鲁木齐,2022-09-24,29,15,晴,北风 1级
乌鲁木齐,2022-09-25,30,17,晴,西南风 1级
乌鲁木齐,2022-09-26,30,18,晴,东风 2级
乌鲁木齐,2022-09-27,30,13,晴,西北风 1级
乌鲁木齐,2022-09-28,20,9,多云,北风 1级
乌鲁木齐,2022-09-29,22,10,多云,北风 1级
乌鲁木齐,2022-09-30,8,2,小雨,西北风 2级
乌鲁木齐,2022-10-01,4,-1,小雪,北风 2级
乌鲁木齐,2022-10-02,8,0,晴,北风 2级
乌鲁木齐,2022-10-03,10,3,晴,东南风 1级
乌鲁木齐,2022-10-04,13,5,多云,北风 2级
乌鲁木齐,2022-10-05,15,5,多云,北风 1级
乌鲁木齐,2022-10-06,19,7,晴,北风 1级
乌鲁木齐,2022-10-07,20,7,晴,东北风 1级
乌鲁木齐,2022-10-08,21,11,晴,东南风 2级
乌鲁木齐,2022-10-09,20,6,多云,东风 2级
乌鲁木齐,2022-10-10,17,5,多云,西北风 1级
乌鲁木齐,2022-10-11,12,4,多云,东北风 2级
乌鲁木齐,2022-10-12,17,5,晴,东南风 1级
乌鲁木齐,2022-10-13,17,5,晴,南风 1级
乌鲁木齐,2022-10-14,19,8,晴,东北风 1级
乌鲁木齐,2022-10-15,20,9,晴,东南风 1级
乌鲁木齐,2022-10-16,19,11,多云,东南风 1级
乌鲁木齐,2022-10-17,21,7,晴,东风 1级
乌鲁木齐,2022-10-18,19,6,多云,西北风 2级
乌鲁木齐,2022-10-19,9,4,中雨,北风 2级
乌鲁木齐,2022-10-20,12,4,雾,北风 3级
乌鲁木齐,2022-10-21,16,6,晴,南风 1级
乌鲁木齐,2022-10-22,15,8,晴,东风 1级
乌鲁木齐,2022-10-23,16,5,晴,西北风 1级
乌鲁木齐,2022-10-24,7,1,小雨,南风 1级
乌鲁木齐,2022-10-25,9,1,多云,北风 1级
乌鲁木齐,2022-10-26,12,4,多云,北风 2级
乌鲁木齐,2022-10-27,13,1,多云,西南风 1级
乌鲁木齐,2022-10-28,7,-1,雨夹雪,西北风 2级
乌鲁木齐,2022-10-29,6,-1,雾,北风 2级
乌鲁木齐,2022-10-30,6,-1,晴,东风 3级
乌鲁木齐,2022-10-31,8,2,多云,西北风 2级
乌鲁木齐,2022-11-01,10,0,多云,南风 2级
乌鲁木齐,2022-11-02,11,2,晴,南风 1级
乌鲁木齐,2022-11-03,11,2,晴,西风 2级
乌鲁木齐,2022-11-04,10,1,多云,东北风 1级
乌鲁木齐,2022-11-05,11,2,雾,东南风 1级
乌鲁木齐,2022-11-06,10,2,多云,西南风 1级
乌鲁木齐,2022-11-07,10,3,阴,北风 2级
乌鲁木齐,2022-11-08,9,1,多云,西北风 2级
乌鲁木齐,2022-11-09,6,-2,暴雪,西北风 1级
乌鲁木齐,2022-11-10,4,-6,中雪,北风 1级
乌鲁木齐,2022-11-11,6,-4,晴,南风 2级
乌鲁木齐,2022-11-12,5,-1,雾,南风 1级
乌鲁木齐,2022-11-13,8,0,晴,东南风 1级
乌鲁木齐,2022-11-14,4,0,多云,西北风 1级
乌鲁木齐,2022-11-15,3,-2,多云,东风 1级
乌鲁木齐,2022-11-16,5,-2,雾,西风 3级
乌鲁木齐,2022-11-17,1,-5,大雪,西北风 2级
乌鲁木齐,2022-11-18,1,-6,雾,西北风 1级
乌鲁木齐,2022-11-19,0,-3,雾,东风 1级
乌鲁木齐,2022-11-20,4,0,晴,东南风 1级
乌鲁木齐,2022-11-21,3,-2,阴,西南风 1级
乌鲁木齐,2022-11-22,4,-1,多云,南风 2级
乌鲁木齐,2022-11-23,2,-2,中雪,北风 1级
乌鲁木齐,2022-11-24,3,-4,多云,东北风 2级
乌鲁木齐,2022-11-25,-1,-5,雾,东北风 1级
乌鲁木齐,2022-11-26,5,-13,雾,北风 1级
乌鲁木齐,2022-11-27,-12,-20,阴,东风 1级
乌鲁木齐,2022-11-28,-16,-22,晴,东风 1级
乌鲁木齐,2022-11-29,-16,-21,雾,东风 1级
乌鲁木齐,2022-11-30,-14,-20,晴,南风 2级
乌鲁木齐,2022-12-01,-12,-13,雾,东南风 3级
乌鲁木齐,2022-12-02,-10,-13,小雪,西北风 2级
乌鲁木齐,2022-12-03,-7,-16,雾,南风 2级
乌鲁木齐,2022-12-04,-10,-14,雾,东北风 1级
乌鲁木齐,2022-12-05,-7,-13,雾,北风 1级
乌鲁木齐,2022-12-06,-6,-13,雾,西南风 2级
乌鲁木齐,2022-12-07,-9,-14,雾,南风 1级
乌鲁木齐,2022-12-08,-11,-13,雾,东风 2级
乌鲁木齐,2022-12-09,-12,-15,雾,东风 1级
乌鲁木齐,2022-12-10,-7,-15,中雪,西北风 4级
乌鲁木齐,2022-12-11,-7,-16,晴,南风 1级
乌鲁木齐,2022-12-12,-11,-14,多云,西风 0级
乌鲁木齐,2022-12-13,-8,-16,晴,东风 1级
乌鲁木齐,2022-12-14,-7,-14,中雪,东北风 1级
乌鲁木齐,2022-12-15,-11,-18,雾,南风 2级
乌鲁木齐,2022-12-16,-14,-20,雾,东风 1级
乌鲁木齐,2022-12-17,-13,-17,雾,东南风 1级
乌鲁木齐,2022-12-18,-6,-10,雾,西北风 2级
乌鲁木齐,2022-12-19,-10,-14,雾,北风 1级
乌鲁木齐,2022-12-20,-14,-15,多云,北风 1级
乌鲁木齐,2022-12-21,-12,-13,多云,西南风 3级
乌鲁木齐,2022-12-22,-4,-11,雾,东北风 1级
乌鲁木齐,2022-12-23,-8,-12,阴,西北风 1级
乌鲁木齐,2022-12-24,-8,-15,雾,东风 1级
乌鲁木齐,2022-12-25,-13,-15,雾,东风 1级
乌鲁木齐,2022-12-26,-15,-17,雾,东风 1级
乌鲁木齐,2022-12-27,-15,-16,雾,东南风 3级
乌鲁木齐,2022-12-28,-13,-15,多云,南风 1级
乌鲁木齐,2022-12-29,-8,-14,晴,东南风 1级
乌鲁木齐,2022-12-30,-5,-16,晴,东南风 1级
乌鲁木齐,2022-12-31,-5,-14,霾,东南风 1级
